review_id,source,product_category,rating,review_text,detected_language,translated_text,review_date
marc-en_0763208,marc,,2,"Two Stars

This was stolen from porch. :(",en,,
marc-en_0132853,marc,,2,"Two Stars

2 of the 3 ordered came bent to fit inside a too-small box. Each was sent separately.",en,,
marc-en_0297206,marc,,4,"Good overall product

Like the portion sizes. The cap on the smallest container fell off while I was biking. The others work well.",en,,
marc-en_0636387,marc,,5,"Awesome

I like the fact it has an area for credit cards.",en,,
marc-en_0836983,marc,,3,"Cheap but seems to hold up

It's slightly flimsy and I'm unsure it will adequately hold a mountain and road bike, but time will tell. Be careful installing as it can easily crack drywall if there is no brace in the location you select (see picture)",en,,
marc-en_0480446,marc,,1,"Doesn’t look good!

I wouldn’t recommend for women who have dark skin like myself.",en,,
marc-en_0330643,marc,,5,"I’m really happy with this lens

I’m really happy with this lens, the photos out of camera look great, and I really like experimenting the manual focus.",en,,
marc-en_0497295,marc,,4,"Very cute

Smaller than I thought but very cute",en,,
marc-en_0795699,marc,,5,"Beautiful!

This guest book is beautiful! Would gladly recommend to anyone!!",en,,
marc-en_0187967,marc,,2,"Mediocre.

The concept of having a small case for the charger is good, but I just did not like the material. Feels too cheap, but it fit perfectly but that’s pretty much it. Youd be better off spending a few more bucks on a case of higher quality.",en,,
marc-en_0474922,marc,,1,"Missing pieces!

The product is missing the wall mount.",en,,
marc-en_0939658,marc,,3,"More pink than rose gold.

I really like the case and style. Disappointed in the color. It's more pink than rose gold.",en,,
marc-en_0772439,marc,,3,"Okay overall

I mean they are socks and you get a lot for cheap, they are almost scratchy feeling and they are pretty tight on the ankles, doesn't bother me but my limbs are thin so if you are bigger it may be too tight. They do what they need to do though!",en,,
marc-en_0989399,marc,,1,"Are these Chinese knockoffs?

They came in a box totally different from what is pictured on the Amazon product web page. The Amazon photo of the box clearly says Made in Germany. What I got look like Chinese knockoffs. Will reach out to seller and see what they say about this as the Amazon photo is a misrepresentation.",en,,
marc-en_0534557,marc,,5,"Five Stars

I bought this Bluetooth FM transmitter and was a bit skeptical. I was pleasantly surprised when i tried it.",en,,
marc-en_0980876,marc,,3,"Doesn’t fit as snug in the holder as I’d prefer ...

Doesn’t fit as snug in the holder as I’d prefer it too. May have to look elsewhere to get what I need!",en,,
marc-en_0401008,marc,,1,"Shipped an already returned fixture.

Would like to rate 0 stars but not an option. The seller shipped me a fixture that was obviously already returned once. It had the glue from the original sticker still on it. The clear plastic protection film had already been removed from the bulbs. I plugged it into a surge protector and with the power off, there was a dim glow from one strip of the LEDs, with the power on both strips flash off and on. Very disappointed. Why the heck would someone ship an already returned item?",en,,
marc-en_0931880,marc,,4,"Decent Product

Works really well, but months later I still have to pick off little pieces of cotton on me from the towel after drying off.",en,,
marc-en_0090383,marc,,2,"Not So Great

I bought three of these. All of the ESCs died in few months. One of the motors died. I am now using Turnigy ESCs in all my planes and they are working great. Two stars only because it got me started in the hobby. For the same money I spent I could have gotten Turnigy motors and ESCs instead. I think I would have much happier going that way first. I would not recommend this product.",en,,
marc-en_0131135,marc,,1,"I'd give it zero stars if I could.

I was duped. I didn't pay attention to all the ""reviewers"" who are ""Amazon Customers"" (no actual names) and aren't verified purchases. This product is garbage. The only thing that is nice is the packaging. The wet wipe you are supposed to prep your screen with was not wet The product itself sits like a bubble over your screen and only adheres a tiny bit around the edges. The top edge is not adhered and has a space so stuff can get in. Every time you try to touch your screen you have to press the bubble down to make contact to the screen and it clicks. This product is a waste of plastic and time and money. Total garbage. Oh and to top it off, it just pops off with no effort (because it only has a tiny bit of adhesive on it.) Glad it didn't damage my phone while trying to get it to work. I want my money back.",en,,
marc-en_0517659,marc,,3,"It's Okay

This case is okay. I does protect my tablet. The body seems well made and not flimsy. There's an elastic band which holds the cover closed or open. The stand is somewhat awkward to use and doesn't 'stand' all that well. The elastic stylus-holder is small and the elastic does not have enough stretch/give, making it frustratingly difficult to insert a stylus. The case fits my Fire HD 8 Tablet, but the inside 'frame' opening is off center, so one side of the tablet face is a bit covered and there isn't room inside the case to shift the table over.",en,,
marc-en_0135056,marc,,1,"Couldn't make my own avatar.

Didn't live up to my expectations!",en,,
marc-en_0461997,marc,,1,"Hard and uncomfortable

Hard as a rock and very small. It sure how this helps for sore behinds.",en,,
marc-en_0610447,marc,,5,"Five Stars

A grate movie so bad for all his family.",en,,
marc-en_0463339,marc,,1,"This cover is a piece of garbage that after only three days of use is in ...

This cover is a piece of garbage that after only three days of use is in the garbage. Not water resistant. Actually acts to trap water and moisture under cover creating a Petri dish. I have a mess to clean up. Very disappointed.",en,,
marc-en_0858827,marc,,5,"Amazing

I use it as my sister's birthday present. After a few trips, I found out that my sister fell in love with it and hoped that she would always bring happiness. The air bed is good and not leaking.",en,,
marc-en_0310449,marc,,3,"Too tight

They are way too tight for my 6 year old daughters head. The design is nice, but the size is too small.",en,,
marc-en_0935780,marc,,2,"Not long lasting

Stopped working after a month",en,,
marc-en_0005545,marc,,4,"Great Compression!

Sleeve offers great compression, really helps my tendonitis. Gave 4 stars because the copper healthy emblem and print started wearing off on 2nd days and looked really bad. After a few days was worn enough to peel the rest. Other than that I highly recommend.",en,,
marc-en_0048503,marc,,5,"came to my rescue

Needed these so bad and now I have a backup... as I accidentally threw my first one away.",en,,
marc-en_0377878,marc,,4,"It's a lightweight

I bought this pan strictly to have for my evening popcorn. It is extremely light weight and is fine for this application.",en,,
marc-en_0075291,marc,,3,"Tank is not correct size

I would of gave this 5 stars but the tank on inside is a size 8 and I ordered a 10 the pants and duster is a size 10 but not the tank 😕 Hopefully it fits if not I will be returning",en,,
marc-en_0938383,marc,,2,"Disappointed.

Disappointed that it came with a yellowish cover on the plastic that will not come off so the plastic can be clear.",en,,
marc-en_0029242,marc,,3,"Not a fan.

Had issues with it heating up properly and staying on fabric.",en,,
marc-en_0837704,marc,,2,"I liked the thickness

I liked the thickness, but unfortunately the pee goes right through the padding. It is barely absorbent. It is easy to tell when she peed, on the floor and by checking her. The fit is nice. I may have to double up or get a plastic liner, or wait till later in the potty training process.",en,,
marc-en_0866860,marc,,3,"I haven't used it much

It's ok for those that can't afford a better quality one",en,,
marc-en_0662264,marc,,2,"Two Stars

Didn't like the material, felt cheap",en,,
marc-en_0168017,marc,,2,"Love these but the silver plating wears off super fast

I originally gave these a 5 star rating. They are very pretty. However, the silver plating starts to wear off after about 1/2 dozen uses even with being careful and following the instructions. They aren’t expensive but I think they did cost too much to have the lifespan of dollar store earnings.",en,,
marc-en_0289152,marc,,2,"Two Stars

they broke easily,disappointed!",en,,
marc-en_0516183,marc,,4,"Highly recommend

This book was so well written, it was really an enjoyable read. Even though some of the characters are high school age, their manner of speaking is mature which aids in making this a good read for an adult. I loved the characters, especially Angie. She is such a spitfire. But besides her, you can tell that the author put a lot...and I mean a lot...of thought and care into the creation of each of her characters. Every character had development and growth throughout the book, taking them beyond the typically one dimensional feel. While the dynamic was a bit predictable between a few of the characters, it was still worth it to watch them develop. I loved how all of these different events that occurred in Hope's life tied together, in way that felt natural and not at all forced. The connections felt real and believable. The ending was so good, I of course jumped immediately to the next book in the series. This is the first book I've ever read by this author, and I feel so fortunate that I was given a copy in exchange for an honest review. It lead me to discover a great author!",en,,
marc-en_0653558,marc,,4,"Expensive but seems to work very well. It was highly recommended by our local pest controller.

Expensive but seems to work very well. It was highly recommended by our local pest controller.",en,,
marc-en_0951436,marc,,5,"Great for price

Definitely recommend. Lots of storage space and great value for these items.",en,,
marc-en_0824065,marc,,4,"Fun

Broke but not the manufacturers fault.... Every child that played with it loved to shove other things into it, especially the wrong size ball.",en,,
marc-en_0615825,marc,,3,"Love Deborah Raney books

This was not my favorite of her stories. A little predictable and ended too abruptly. But still an enjoyable read.",en,,
marc-en_0658318,marc,,3,"Delicious but really expensive

All their broth flavors taste great, but they're too expensive. I've been able to find comparable products for much less.",en,,
marc-en_0709660,marc,,1,"Great for the first two uses. Now garbage.

Garbage. Third time using it and water is spraying from every crack and crevice. I'm. Hoping this is just a single bad unit but wow.",en,,
marc-en_0786789,marc,,4,"which is good at bedtime

It seems to have a calming down effect on me, which is good at bedtime. I use it with St John's Wort, so I can't really attest to its effectiveness on its own. However, I will probably be ordering it again.",en,,
marc-en_0000882,marc,,5,"Great to use for acrylic nails

I absolutely love this to use on my clients ! MMA free !!",en,,
marc-en_0808250,marc,,2,"Smaller than expected, low quality

Smaller than expected and seems cheaply made.",en,,
marc-en_0720763,marc,,5,"Personal favorite but make sure to rinse

I use this bean salad with my various veggie burgers and also I sometimes put it in a salad. It has a lot of sugar- too much and too much vinegar so I rinse it several times",en,,
marc-en_0131624,marc,,2,"Two Stars

Too tight, can't wear and I have a small wrist and narrow fingers",en,,
marc-en_0370194,marc,,2,"it looks good, but the shape doesn't allow you to make ...

I mean, it looks good, but the shape doesn't allow you to make contact with the power and volume buttons. You're going to be frustrated, so just giggle at the thought of what people might say if they saw you with this and move on. Not worth the price.",en,,
marc-en_0268928,marc,,1,"It doesn't work right.

It doesn't work right. I'm pushing the buttons and flicking the artificial guitar strings, but for some reason it's not transmitting to the game systems.",en,,
marc-en_0711251,marc,,5,"Fun to use!

Great product! Had to watch a video to figure out exactly how to do it. Seems to work well will update once I’ve used it more.",en,,
marc-en_0048409,marc,,1,"USB cable does not fit a Samsung Galaxy Note 5.

It did not fit my Galaxy Note 5 Phone - perhaps I can find something it does fit or perhaps another cable that will fit the phone (Fast Charger unit is regular USB) - and it was recommended - and linked to the Amazon product - by the Samsung site as a valid replacement for the cable - They are out of stock! Pros - they sent me the item Cons - the Item does not work on my Galaxy Note 5",en,,
marc-en_0913276,marc,,5,"Great read

What a great story love the new characters and can't wait to read their stories. Thank you for being a part of Susan world",en,,
marc-en_0821209,marc,,4,"Love it but one thing

Of course, love all the stuff this came with! Doing everything is easier and faster than my old Wacom Bamboo Create. Put simply, the only thing I don't like is the calibration. I can never seem to get it on point. No matter how many times I try to calibrate according to my best assumed optimal angles, the pen to the screen will always be off somewhere. The top side is perfectly on the pen, cool. The bottom side is responding a centimeter away from the pen, oh no. I recalibrate and now it's vise versa. I got it to something sort of manageable but still kinda bugs. Oh well, the pros still heavily outweigh the cons.",en,,
marc-en_0598471,marc,,5,"These green leave strands are in small strands for various ...

These green leave strands are in small strands for various kind of combination. I combined 3 strands for the decoration in the first picture. If you need longer strand, you can combine 2 strands. The strands are very flexible to fold into any shapes.",en,,
marc-en_0395866,marc,,1,"One Star

could not get any info from the seller",en,,
marc-en_0822781,marc,,2,"Two Stars

Ran small. I returned them",en,,
marc-en_0852763,marc,,5,"Recommend!

I love the Canister! Very well made with good quaility",en,,
marc-en_0887057,marc,,1,"Dont buy

It wasnt even the right item. Packing says 9 plus but was far to small to be a plus. Annoying",en,,
marc-en_0473625,marc,,3,"Small

Not good for anything but small dogs, very cheap seeming",en,,
marc-en_0186451,marc,,1,"It’s Le easy started ripping after 3 months

This phone case didn’t last very long at all. It’s Le easy started ripping after 3 months.",en,,
marc-en_0684489,marc,,2,"Foot rest TOO short

I am 5"" 9"" and the foot rest is way to small on the chair, that makes it uncomfortable for me. My legs hang out over the edge.",en,,
marc-en_0390743,marc,,5,"Mala

Beautiful mala and love the incense and box it comes with.",en,,
marc-en_0765264,marc,,2,"Disappointed.

Does not do what it says.",en,,
marc-en_0512506,marc,,4,"Not a bad a little drill but will not replace my Makita

This is a nice small drill that charges quickly and is a light to handle. One of the design flaws is it it is very easy for your hand to hit the reverse mechanism and you might find that the drill doesn’t work because the switches are neutral or that you are unscrewing instead of screwing because your hand has hit the reverse switch. Just a small design flaw",en,,
marc-en_0983478,marc,,4,"... hair but I must say this color is just amazing. I love how the grey takes and mixes ...

I was uneasy purchasing this at first because I had no idea exactly what it would do to salt and pepper hair but I must say this color is just amazing. I love how the grey takes and mixes with my salt and pepper hair, it makes it all look more of a solid gray tone. It also has a very pleasant smell. I also like the fact that i can wash it out when I don't want the color in my hair anymore. Its not like those semi-permanent hair dyes that linger in your hair after you wash it. So i gotta admit its pretty good and will definitely be ordering more.",en,,
marc-en_0244493,marc,,3,"Three Stars

1 broke 2 weeks after getting it",en,,
marc-en_0861392,marc,,4,"Pretty Good

There's not a noticeable difference between settings 1 and 2. Then when switching to setting 3, it's a huge jump. Couldn't setting 2 be more intermediate?",en,,
marc-en_0073580,marc,,2,"Disappointing!

No lining and feels super cheap! It offers no support either. I would not recommend to anyone. Serious waste of money.",en,,
marc-en_0327148,marc,,3,"Clips work; rubber stops don't!

The rubber stops don't keep my flag in place--they blow off as well!!! I'm finding that the clips work better!",en,,
marc-en_0756155,marc,,4,"Good i think

It’s a good product but it melts quickly i like the smell and on my skin i have sensitive skin.",en,,
marc-en_0296416,marc,,4,"Good Read

This was a good short story. Good characters and storyline. Well written and a smooth read. i received it from booksprout and voluntarily left my review.",en,,
marc-en_0579497,marc,,5,"The best cleanser and I could only find it on Amazon

I had used this cleanser in the past and couldn't find it at the local...ordered from Amazon and voila!",en,,
marc-en_0238322,marc,,4,"Cheap but effective storage solution for small spaces

These cabinets come in a compact box with foam padding to prevent shipping damage. That's a nice feature. They come in a compact box because the cabinets are actually made up of three rectangular shaped units. That helps to make them fairly strong once they are put together with the back panels. I have been putting together press board furniture for 30+ years and have seen the parts quality and chip board quality decrease. This is about as low in quality as I have seen yet, but it still works to suit a purpose. There is a faint chemical smell from these. The best way I have to put these together is to put the top box together first on a carpeted floor, square up the box and attach the back panel, then attach the second box, square it up again and attache the back panel, etc. I used some glue I had around for strength. The dowel pins are small. I have never seen them that thin before, but again they do the job. I bought two and have only put together the first one so far. The only thing I will do differently with the second one is to use small finish nails instead of the easily bendable things they provide. They should have provided plastic covers for the cams, but once the cabinets are loaded they are not visible. There are small holes in the top panel to secure the cabinet to the wall. I would have preferred that they not leave holes in there. Once fully put together the cabinets look decent and are fairly sturdy. They are just the right size to have six rows of DVDs or Blu Rays. The main reason I got these is because they fit in very small spaces and I needed extra storage. If I was looking for something more permanent, I definitely would look at other products. As it is these should be viewed as cheap and disposable but good for the purpose they are made for. I had thought about using two cabinets and building them so they are five boxes high instead of three. May still try that, and if I do it would be necessary to anchor them to a wall. The back panels are not really configured to do that because their interlocking ""jigsaw"" pattern is specific to three boxes, but it may be worth a try to save floor space. A wall of these things could look pretty cool and would be functional.",en,,
marc-en_0100792,marc,,1,"No lid

Unfortunately it was shipped without a lid",en,,
marc-en_0786965,marc,,1,"not a good purchase

i ordered several, they don't work, this machine read counterfeit bills as good bills, will be returning.",en,,
marc-en_0896038,marc,,3,"Three Stars

They are not coated and occasionally difficult to swallow.",en,,
marc-en_0387213,marc,,4,"Works as advertised

The instructions were a bit vague; but after you work with it for a bit you'll get the hang of it.",en,,
marc-en_0470628,marc,,1,"Had to send it back

Rattled and did not work",en,,
marc-en_0859299,marc,,3,"Need to have your phone close.

Hate that it completely relies on my phone. Can't even change the time or date on the watch alone. Other than that, it beats paying 200 for name brand watch.",en,,
marc-en_0088069,marc,,1,"Don't buy it, you've been warned.

Absolute crap. What a waste of money, that I would love to have back. While the plot sounds good, the execution is not.",en,,
marc-en_0042411,marc,,3,"Need new shipping company

The box was ripped apart. Horrible shipping.",en,,
marc-en_0301486,marc,,5,"A great scent

A great scent at a small price but does not have longevity",en,,
marc-en_0247089,marc,,2,"Terrible for Gums

I wouldn't buy this again. It has torn my gums up to the point where they're painful - that happened after the first use. I've used a few more times after that to see if it got better and it didn't. On top of all of that, I haven't noticed a difference in whiteness as all. Don't think it's worth the damage it does to your mouth.",en,,
marc-en_0661107,marc,,1,"Do not waste your money.

I ignored the low ratings on this and ordered anyway. I ordered one several months ago and it did not stay sharp very long. I ordered again, and this one will NOT cut at all right out of the box! I’m changing brands. I am a positive person and it bothers me to write a negative review, but this is junk.",en,,
marc-en_0616085,marc,,3,"Not squishy soft at all

It’s pretty cute if you want it on a shelf. It’s not like a kid’s stuffed animal at all. It feels like a decorated rock or a cardboard box with fluff. I returned it because as a bedtime toy for a 9 year old, it wasn’t soft enough.",en,,
marc-en_0488065,marc,,4,"received exactly when i needed it

on time delivery is great!!",en,,
marc-en_0451457,marc,,5,"Very good product

My daughter like it she love singing",en,,
marc-en_0501356,marc,,1,"Great Video Quality that you Cant Use

This camera has great video quality but the App is AWFUL and this camera DOES NOT SUPPORT iP based connections. You have to use their awful app or sign up for a peer to peer service that has no security information and seems unlikely to be safe or secure. Buy something with a useful app.",en,,
marc-en_0268719,marc,,3,"Ok socks but not any warmer than regular socks

Cute and comfortable but they don’t keep my feet any warmer than my regular socks. They’re also very big, I wear I women’s us 9 shoe and these socks are very baggy around the soles and toes. maybe that why they’re not very warm?",en,,
marc-en_0083533,marc,,5,"You must see this!!! Very entertaining!!!

I stumbled on this documentary one day. I am thrilled I did. It is great to see how a whole town was effected and part of an amazing, ground breaking movie. I would love to say I meet Steven Spielberg. Thank you all for making this.",en,,
marc-en_0142469,marc,,2,"A little too small

Not for top heavy women but skirt was cute even tho it was tight also. I ordered an XL",en,,
marc-en_0380624,marc,,5,"Maintain good energy through the day with no crashes

Day 5. Reduced appetite, alcohol and sugar cravings almost immediately. Maintain good energy through the day with no crashes, sleeping good at night. It’s not magic. The supplement does its job, but you have to do your part as well. You have to want to make a change in your habits and get healthier. Recommend this to several friends already.",en,,
marc-en_0177842,marc,,4,"Not bad

I liked it. Wasn't very bad but with some pb2 and pyure it's great! Would like to try other flavors",en,,
marc-en_0079497,marc,,2,"didn't get correct quantity.

I only got 8 sets! I was supposed to receive 10 sets of 4 pads each.",en,,
marc-en_0240582,marc,,4,"This book is well written and should be an eye ...

This book is well written and should be an eye opener for those who have a high regard for people such as Calvin and Luther. I have always found Dave Hunt to be an honest and Bible believing Christian",en,,
marc-en_0275619,marc,,3,"sound is flat

chimes would not catch the wind as well as I would like. might be the design . Did like woody look",en,,
marc-de_0550939,marc,,2,"etwas für Bastler

es gibt weder einen Verschluss, noch eine Montagevorrichtung zum Anpassen",de,,
marc-de_0654601,marc,,2,"Nach 1,5 Jahren auseinander gefallen

Die Gummidichtung beim Deckel ist nach 1 Jahr kaputt gegangen,der ganze Mix ist nach 1,5 Jahren auseinander gefallen. OK aber nichts stabiles für lange Zeit.",de,,
marc-de_0950377,marc,,4,"Befriedigende Qualität, die Deckel sind schwer zu schließen

Die Behälter sind stabil, die Deckelverschlüsse lassen sich manchmal schwer ""einhaken"". Ich glaube auch, dass diese nicht so lange halten werden. Aber wenn sie erstmal sitzen, dann läuft auch nichts aus.",de,,
marc-de_0072375,marc,,5,"Viel Spaß beim Ansehen

Mit viel Witz ladet dieser Film zum Lachen ein, total übertrieben, aber es passt ! Den 2. Teil finden wir auch sehenswert. Sympathischer Hauptdarsteller auch im Film ""Nichts zu verzollen"" unbedingt ansehen.",de,,
marc-de_0827645,marc,,3,"leicht bekömmliches Nahrungsergänzungsmittel

Produkt ist einfach gehalten von der Aufmachung. Die Pillen können einfach mit Wasser geschluckt werden. Es tritt kein sofort spürbarer Effekt ein. Im Vergleich zu anderen bei Amazon erhältlichen Präparaten ist es nicht schlechter oder besser. Es enthält die (meist) selben Inhaltstoffe der anderen Anbieter. Wie auch bei den anderen Produkten hat man nach einigen Tagen/Wochen das Gefühl fitter im Kopf zu sein. Empfehlung: Ja",de,,
marc-de_0228487,marc,,1,"Nichts wert

Funktioniert nicht Schaltet am Abend nicht ein Strom vorhanden Wahrscheinlich Lichtsensor kaputt Bin von diesem Produkt entäuscht. Billig und nichts wert",de,,
marc-de_0261554,marc,,5,"Nur zu empfehlen.

Geiler Zylinder. Top Preis Leistung.",de,,
marc-de_0974123,marc,,4,"Top aber schnelle Abnutzung

So sind die sehr schön aber leider löst sich das Bild zu schnell ab. Mein Sohn hat den jetzt 4 Wochen und es sieht aus als wäre er schon paar Jahre alt.",de,,
marc-de_0958484,marc,,5,"Sehr gut

Wurde schnell geliefert und bin sehr zufrieden damit.",de,,
marc-de_0156692,marc,,2,"nicht gut deckend

Ich habe blaue Augen und mir ein wenig mehr davon erhofft. Sie decken nur außen ein wenig, innen kommt meine normale Augenfarbe stark durch. Zudem sind sie wirklich seehr weich, was das Einsetzen für mich erschwert hat.",de,,
marc-de_0952076,marc,,1,"1,5 Wochen Lebensdauer

Hat zuerst super funktioniert, dann einfach mitten unter dem Auto fahren den Geist aufgegeben seither keinerlei Reaktion mehr.",de,,
marc-de_0935906,marc,,3,"ACHTUNG Osmo und Samsung Galaxy Note 8 nicht wirklich Kompatibel

ACHTUNG Osmo und Samsung Galaxy Note 8 nicht wirklich Kompatibel Der Osmo ist ein sehr gutes Teil aber ACHTUNG alles was schwerer ist wie das Note 8 - Extreme Probleme bis nicht Funktionstüchtig..!! Beim meinem Osmo habe ich das Note 8 benutzten wollen und nix ging mehr keine Reaktionen! Beim S6 Edge+ ist alles Tip Top und das Filmen macht Spass! Da die Technik ja weiter geht und die Handy ja nicht wirklich kleiner und leichter werden habe ich mich entschieden das Teil zurück zu schicken! Schade.. Verarbeitung 100% Filmen mit Kleinen Leichten Handy's 100% Amazon guter Service 100% Nicht für alle Handy's Kompatibel -100%",de,,
marc-de_0090216,marc,,3,"Werkzeug soweit ok außer das Bit Sortiment ...

Alles was Ratschen und Nüsse betrifft macht einen relativ guten Eindruck, aber was die kleinen Bits betrifft ist es doch schon etwas mangelhaft, ich habe ein paar Tätigkeiten mit Schrauben ausgeführt um diese zu testen, und muss sagen dass sie bei einer etwas größeren Belastungen direkt wegbrechen. Mir sind bei einer schwergängigen Schraube zwei Kreuz Bits abgebrochen wobei ein Satz alter Bits von meinem Vater kein Problem damit hatte. Sie haben sogar eine Schraube abgerissen ohne selbst zu brechen. Die großen Stecknüsse jedoch hatten kein Problem damit schwergängigen Schrauben zu widerstehen die von einem alten Auto Bremssattel stammen und stark angerostet waren. Sie hielten gut stand.. Was Knarren und Schlüssel betrifft denke ich ist alles ok Das Bit Sortiment ist allerdings nur für den normalen Gebrauch zu verwenden. Kommen schwierigere Situationen mit schwergängigen Schrauben, brechen die einfach weg.... Preis / Leistung ist eigentlich Bombe Empfehlung nur für Hobby Schrauber NIX für Profi Bastler",de,,
marc-de_0575204,marc,,1,"Artikel nicht annähernd so stabil wie gezeigt im Bild

Artikel kam und war billigster Chinaschrott, nicht mit den Fotos vergleichbar. Rückversand muss durch Käufer gemacht werden keine Retourenscheine kommen nur die Adresse. Rücklieferung erfolgt am 16.07 mit Dhl, bis heute keinerlei Gutschrift der verlangt immer neue Informationen. Die Versuchen Ihren Schrott nachträglich mit 40% bei einem zu lassen und legen nur Steine in den Weg. Nie wieder !!!",de,,
marc-de_0538931,marc,,5,"Grandios!

Sehr griffige Pedale zu einem unschlagbaren Preis. Habe sie jetzt mehrere Monate im Einsatz. Breite Auflagefläche und ein unglaublicher Grip für die Füße. Einfach spitze.",de,,
marc-de_0047100,marc,,3,"funktioniert zwar, aber schlecht verarbeitete Qualität

Die Maiskolbenhalter tun zwar für was sie hergestellt werden, aber die Qualität lässt sehr zu wünschen übrig. Es sind einige rauhe Stellen (Grat) vorhanden, an welchen man sich die Haut aufreiben kann (grade bei Kindern, habe sie wegen meiner kleinen Tochter gekauft).",de,,
marc-de_0488259,marc,,1,"Rocky 4 neu aufgelegt

Das Original von 1985 ist besser.",de,,
marc-de_0317642,marc,,4,"Tip bei einem eventuellen Wackelkontakt

Diese Verlängerungen sind perfekt um die LED-Streifen um Ecken zu legen. Die Verarbeitung ist super. Wir haben keine Mängel oder sonstiges feststellen können. Die LED-Streifen werden einfach hinein gelegt und wieder zu geknipst. Durch die hohe Biegsamkeit, kommt man um jede Ecke. Sollte es zu einem Wackelkontakt kommen, empfehle ich die Plastikverschlüsse mit einem Tropen Kleber zu sichern.",de,,
marc-de_0765434,marc,,2,"Kindle Voyage Hülle Case - Fintie

Die Hülle braucht eine Hülle, das äußere Material mit Bild sehr empfindlich. Echt Leder oder Stoff ist sehr zu empfehlen.",de,,
marc-de_0531051,marc,,1,"DVD 5 kann nicht abgespielt werden

Sehr geehrte Damen und Herren, die DVD 1-4 hacken zwischendurch und die 5 DVD lässt sich leider gar nicht abspielen, das finde ich sehr ärgerlich, schon blöd wenn man die Serie nicht weiter schauen kann. Gruß Silke Platen",de,,
marc-de_0206820,marc,,3,"Mal so, mal so

Bisher habe ich noch nicht rausbekommen, warum einige Orangen perfekt ausgepresst werden, andere wiederum noch viel Saft bei sich behalten. Ich behalte die Presse aber und probiere es weiter.",de,,
marc-de_0182070,marc,,1,"EKELIGER GERUCH & Passt nicht mit dem Macbook 2018

Habe mir die Tasche für das neue Macbook 2018 bestellt... Die Tasche ist leider viel zu groß für das Macbook Air, optisch wirkt Sie jedoch ganz wertig. Jedoch Stinkt Sie einfach nur ekelig, sodass ich Sie alleine deshalb schon nicht verwenden würde auch wenn Sie passt. Totaler Reinfall vor allem für den Preis !",de,,
marc-de_0259703,marc,,1,"Nähte kratzen

Für größeren Busen auf jeden Fall eine Nummer größer nehmen. Nähte kratzen am Rücken. Ging daher leider zurück, trotz an sich schöner Form. Wäre zum Schlafen und Stillen sicherlich ok.",de,,
marc-de_0788335,marc,,5,"Haltbarkeit

Tolle Schuhe, extrem haltbar, kaufe alle 5 - 8 Jahre neue Tolle Schuhe, extrem haltbar, kaufe alle 5 - 8 Jahre neue",de,,
marc-de_0389288,marc,,1,"Art der Zustellung

Lieferung wurde nicht an einen Hausbewohner übergeben sondern einfach in den Briefkasten gesteckt. Der Bote hat nicht einmal geklingelt obwohl er noch eine Sendung im Haus zugestellt hat. Das habe ich vom Balkon aus gesehen. Der bestellte Artikel war Top. Mit freundlichem Gruß.",de,,
marc-de_0575122,marc,,5,"Der Kauf hat sich gelohnt.

Dieser Bettlakenspanner ist einfach super, immer ein glattes Bettlaken, unde preislich kann man nicht klagen. Ich werde diese Bestellung noch mal tätigen. Ich kann den Kauf nuir empfehlen!",de,,
marc-de_0283084,marc,,3,"Mittelmäßig

Das Kleid sah im Internet sehr schön aus. Als es dann ankam war ich etwas enttäuscht. Der Stoff ist nicht wie erwartet und der Schnitt auch nicht.",de,,
marc-de_0655662,marc,,2,"Schließmechanismus gut Haltbarkeit selbigen eher nicht.

Der Gürtel ist gut, die Verarbeitung soweit in ordnung und die Schnalle ein gutes Konzept. Aber, die Quallität selbiger ist eher nicht so toll. Nach 1 1/2 Wochen war der ""Federmechanismus"" an einer Seite defekt, der Meschanismus geht nicht mehr in die vorgesehene Lage zurück, was das Schließen etwas anspruchsvoller macht, nicht einfach reinschieben und zu ist der Gürtel, sondern kontrollieren und gegebenfalls ein 2tes mal schließen. Das ist etwas ärgerlich. Ansonsten wäre es ein tolles Produkt",de,,
marc-de_0118401,marc,,4,"Einwandfrei

Meine onboard Sound Karte ist so schlecht dass die Mikro Aufnahme extrem schlecht und leise aufnimmt. Schlecht weil es ein Rauschen gab und leise weil man das Mikro in den Mund nehmen musste um irgendwas bisschen zu hören. Mit dieser Soundkarte läuft es super. Kein Rauschen und das Mikro ""hört"" auch alles super, obwohl es kein Headset Mikro ist. Eins was zu bemängeln wäre ist tatsächlich dass der USB Stecker nicht fest sitzt aber OK.. stört mich nicht weil es die Funktion nicht beeinflusst. In einer USB Verlängerung sitzt der besser weil dort die Buchse enger ist. Also wenn es jmd. stört dann so. Wäre natürlich cool wenn so etwas mitgeliefert wäre um auch nicht gleich 2 USB Ports am Rechner zu blockieren. Daher 4 von 5.",de,,
marc-de_0983233,marc,,5,"echt Supper

Stoff supper, Lieferung einwandfrei, sitzt wie angegossen, nur die Bluse war zu groß, habe sie ein wenig enger genäht und alles war top. Klasse Farbe genau wie auf dem Foto",de,,
marc-de_0661563,marc,,4,"In Ordnung

Schnelle Lieferung, nur der dritter Teil zum verlängern,war leicht verbogen",de,,
marc-de_0194609,marc,,3,"Geduld....

Viel kann ich leider noch nicht über das Produkt sagen, die Samen habe ich vor Wochen in die Erde gesteckt und bisher ist leider noch nichts passiert. Die Lieferung hat ein paar Wochen gedauert - nichts ungewöhnliches da die Lieferung aus Thailand kommt.",de,,
marc-de_0542635,marc,,2,"schön, aber lief leider aus

ansich schöne flasche. Nur die Hülle riecht komisch und vor allem läuft die Flasche aus. Es ist nur so ein Gummi-Ring im Deckel, der sich verschiebt und nicht ganz abdichtet....daher leider zurück",de,,
marc-de_0310981,marc,,3,"Erfüllt seinen Zweck

Erfüllt den Zweck, die Kleber dabei waren leider nicht so toll, so dass wir uns anders helfen mussten. Sah aber auf jeden Fall sehr schön aus. Eine Wiederverwendung ist leider nicht möglich, wäre schöner gewesen, wenn die Buchstaben an einem Band gehangen hätten zum Aufhängen wie eine Girlande.",de,,
marc-de_0924714,marc,,2,"Nicht reissfest

Die Handschuhe fallen eher klein aus. Bereits bei der ersten Benutzung sind beide Handschuhe komplett zerrissen - bei einfacher Gartenarbeit!",de,,
marc-de_0355871,marc,,3,"Eigentlich gute Story.....

Die Story ist nicht übel und hätte einige Möglichkeiten mehr in der Umsetzung bieten können. Leider ist die Leistung der Schauspieler wie bei alten Jackie Chan Filmen aus den 70er und im Gegensatz dazu sind die Kampfszenen auch eher langweilig und uninspiriert! Schade, hätte Potential für mehr gehabt!",de,,
marc-de_0306851,marc,,2,"Bei mir leider ohne Erfolg.

Hat bei mir leider nicht geholfen. Nach dem auftragen ein leichtes brennen und wird ziemlich schnell dann weiß.. Die stellen waren ausgetrocknet am nächsten Tag. Meine Pickel aber leider immernoch da und kaum kleiner.",de,,
marc-de_0545409,marc,,2,"Zu süß und zu teuer

Waren mir leider alle viel zu süß. Und der Preis ist auch nicht gerechtfertigt. Sehr stolzer Preis. Schaden. Muss ich wohl weiter nach meinem Chai Latte suchen.",de,,
marc-de_0721385,marc,,2,"Qualität???

Leider is nach knapp einem Jahr der Schalter kaputt. Der war mir wichtig! Ein Austausch oder Geld zurück scheint nicht möglich. Schade!!!",de,,
marc-de_0919875,marc,,4,"Inhalt Top- Flasche flopp

Der Geruch ist super jedoch ist die Portionierung in Tröpfchen sehr schwierig da zu viel durchläuft als nur ein Tropfen- also aufpassen !",de,,
marc-de_0707512,marc,,4,"Für den Preis eine schöne Deko

Ich habe aus dem Paket lediglich die große 40 und den goldenen Stern benötigt, die sehr schön aussahen. Das Aufblasen durch das Rückstoßventil war einfach und ging auch relativ schnell. Das komplette Paket ist für den Preis sehr umfangreich. Negativ aufgefallen war mir lediglich der sehr unangenehme, beißende Geruch der rosa Sterne (diese blieben daher direkt in der Tüte) sowie die Tatsache, dass sich die Luft nicht wieder entfernen lässt - entweder müssen die Ballons zerstört werden oder man muss ""ewig"" auf das natürliche Entweichen der Luft warten (nach einer Woche ist kaum Luft entwichen). Und selbst dann vermute ich, dass die Ballons sich nicht wieder flach zusammenlegen lassen für eine erneute Verwendung.",de,,
marc-de_0246318,marc,,5,"Sehr gute Sonnenbrille

Habe die Sonnenbrille gleich mehrmals nachbestellt. Super Teil kann ich nur empfehlen. Angenehm zu tragen da nicht zu schwer. Gutes Design.",de,,
marc-de_0170308,marc,,4,"Guter Allrounder!

Guter Kaffe, Aroma ist nicht so stark wie bei einigen anderen Sorten aber Crema und Geschmack ist gut. Würde ich wieder kaufen.",de,,
marc-de_0669425,marc,,3,"Ok

Schöne Bügel aber zu teuer",de,,
marc-de_0093598,marc,,3,"zu klein

Die Tasche ist zu klein für mein lappi leider",de,,
marc-de_0901577,marc,,1,"Falsche Produktinformation

Es ist eine Frechheit vom Verkäufer so eine falsche Produktinformation anzupreisen. Sie stimmt DEFINITIV nicht. Sie ist Irreführend . Bin selbst darauf reingefallen und der Verkäufer kommt mir kein Stück entgegen. Sehr schlechter Service . Passt auf bei diesem kauf.",de,,
marc-de_0439202,marc,,4,"und was mache ich jetzt !

Keine Gebrauchsanweisung, es gibt auch Anfänger !!!!! Ich empfinde es als schlechten Kundenservice, da wird einem ein Gerät vor die Füße gelegt, so nun sieh wie du zurecht kommst!",de,,
marc-de_0722117,marc,,5,"Tolles Produkt

Ein super Produkt war sehr leicht zu montieren es ist sehr sicher . Würde es wieder kaufen. Preis Leistung super",de,,
marc-de_0041991,marc,,2,"Nette Gläschen

Nette Gläschen für Dips, haben genau die richtige Größe.",de,,
marc-de_0755212,marc,,5,"Weihnachtsgeschenk für unsere kleine Nichte (3)

Alles super, bisher keine negative Rückmeldung bekommen.... Die kleine Dame ist begeistert und spielt sehr gern mit dem Haus.",de,,
marc-de_0460098,marc,,2,"Funktioniert gut - hält nicht lange

Ich war mit der Funktion soweit zufrieden, hat allerdings nur ein halbes Jahr seinen Job getan, davon war der Stecker 7 Wochen nicht im Einsatz. Eine Verbindung wird noch hergestellt, jedoch hat die Ein/Aus Funktion nicht mehr den zu erwartenden Effekt. Nach einem guten Eindruck zu Beginn, doch leider zu schnell enttäuschend.",de,,
marc-de_0393341,marc,,2,"Kann ich nicht empfehlen!

Wasserabweisend ist ein schlechter Scherz! Selbst bei sehr wenig Regen sind die Schuhe sofort durch! Kann ich leider nicht empfehlen.",de,,
marc-de_0641480,marc,,1,"Naja....

Ich habe mir dieses Ding gekauft, weil mein Laptop gelegentlich sehr warm wurde. Effektiv hat es leider rein gar nichts gebracht außer dass ich weniger Geld auf dem Konto hatte.",de,,
marc-de_0195985,marc,,5,"gut！

Genau wie die Beschreibung.Gute Verpackung und schnelle Lieferung!Viele Menschen leiden im Sommer unter Mückenstichen. Mit diesem Produkt mache ich mir jetzt keine Sorgen mehr um dieses Problem. Die Qualität ist sehr gut und der Effekt ist sehr offensichtlich. Ich kann es verwenden, ob ich draußen oder zu Hause campe. Die Lichtintensität ist ebenfalls steuerbar, was für den Einsatz in verschiedenen Situationen von Vorteil ist. Es hat auch einen Akku und einen versenkbaren Haken, was sehr praktisch ist. Ich brauche es im Sommer nicht mehr, aber mein Herz ist von Mücken gebissen und von Fliegen belästigt. Ich bin sehr glücklich und mag es sehr.Es wird empfohlen!",de,,
marc-de_0303414,marc,,1,"Funktionieren nicht richtig; unbrauchbar

Adapter funktionieren für genau 2 Minuten und werden dann nicht mehr vom Gerät erkannt. Habe beide mehrmals getestet; es führte immer wieder zum gleichen Resultat.",de,,
marc-de_0998877,marc,,5,"zufrieden

Ideal, um Hundekekse zu backen oder als Untersetzer zu verwenden. Leicht zu reinigen.",de,,
marc-de_0731644,marc,,4,"Vitalisierendes Gel

Die Produkt Info auf der Flasche trifft zu.",de,,
marc-de_0477246,marc,,5,"Einfach Klasse

Es ist gut das man bei Amazon günstig an Puppenkleider rankommt",de,,
marc-de_0345416,marc,,1,"Schlecht!!!

Der Artikel kam gar nicht erst an 😡 Auf Nachfragen antwortet der Verkäufer auch nicht 😑 Sowas ist wirklich ärgerlich 😔",de,,
marc-de_0721461,marc,,2,"Schön aber nicht lange

An und für sich ein schöner Mantel... sehr bequem und leicht... jedoch verliert er nach bereits zweimaligen tragen das Innenfutter ... es ragt an den Nähten heraus.... zurück schicken und Geld zurück war kein Problem",de,,
marc-de_0238815,marc,,5,"Top

Sehr schick und passen perfekt ,Lieferung war auch sehr schnell .Kann ich weiter empfehlen. XL bei 2 Meter große 100kg passt super von der Länge",de,,
marc-de_0322885,marc,,1,"Uwe May

Sehr geehrte Damen und Herren. Ich soll eine Bewertung schreiben. Ich habe diese Kamera nicht erhalten, obwohl ich sie bestellt habe. Bitte überprüfen Sie mal den Status meiner Bestellung.",de,,
marc-de_0188026,marc,,3,"Ganz okay.

Leider sind die Slips etwas zu groß und werfen Falten. Die Spitze kratzt ein wenig. Sonst okay und fürs Tragen ab und zu in Ordnung.",de,,
marc-de_0952774,marc,,1,"Schnell kaputt

Eigentlich ein gutes Gerät leider nach einem Monat kaputt ...",de,,
marc-de_0539421,marc,,2,"NICHT empfehlenswert

Ich bin enttäuscht. Die Konsistenz idt gut, daher 2 Punkt, aber beim elektr. Pfeilen, lösen sich sofort die Schichten. Mega ärgerlich.",de,,
marc-de_0607674,marc,,5,"bombenfest und sehr gut verarbeitet

unser Sohn fühlt sich wie ein grosser mit am Tisch und sitzt gerne und gechillt in dem Stuhl. er nimmt kaum platz ein und ist wirklich bombenfest. definitiv einer der besten amazon kaufe dieses jähr....",de,,
marc-de_0028614,marc,,2,"Enttäuscht

Bin ziemlich enttäuscht von der Geldbörse. Sehr steif und fest vom Material her. Riecht gar nicht nach Leder",de,,
marc-de_0634727,marc,,4,"Sehr hell!

Habe dieses LED Band zwei mal bestellt, zuerst für meinen Schwiegervater und danach auch eines für mich. Die Leuchtleistung ist enorm! 120 Led's auf einen Meter sind doch sehr viel :-) Ebenfalls zu erwähnen ist, dass die Led's tatsächlich ""Weiß"" leuchten und nicht Gelb. Nun zu dem Grund warum ich einen Stern abgezogen habe. Und zwar ist es wegen dem doppelseitigen Klebeband welches auf dem Band angebracht ist. Es klebt einfach nicht. Zumindest nicht lange. Nachdem ich das Erste Band bei meinem Schwiegervater angebracht hatte, dauerte es ca 2 Stunden bis es sich wieder gelöst hat. Anfangs dachte ich dass wir den Untergrund nicht ordentlich gereinigt hatten. Wir haben dann ein anderes (Tesa) Klebeband verwendet und nun hält es. Gestern hab ich dann mein LED Band montiert (Untergrund ordentlich gereinigt), aber leider hat auch bei mir das Klebeband nicht gehalten. Also bis auf das doppelte Klebeband ist dieses LED Band sehr zu empfehlen.",de,,
marc-de_0388215,marc,,4,"Hält warm aber Reinigung aufwändig

Der Becher gefällt mir an sich sehr gut. Das Design ist genau wie abgebildet und es stimmt, dass man den Deckel sehr simpel auseinanderbauen kann. Trotz allem finde ich die tägliche Reinigung eher aufwändig da es mehrere kleine Zwischenräume gibt, an welche man mit dem Spül- und Abtrockentuch nicht so gut rankommt. Die Wärme des Getränks wird sehr gut gespeichert, auch nach mehrern Stunden ist, in meinem Fall der Kaffee, noch nicht kalt. Heiß ist er allerdings auch nicht mehr. Grade für Leute, die ihn nicht täglich benutzen eine klare Kaufempfehlung.",de,,
marc-de_0610007,marc,,3,"Super zufrieden, bis die Treppenerkennung versagte.

Toller kleiner Helfer! Leider hat er sich nach zwei Wochen in den Freitod gestürzt, da die Treppenerkennung nicht funktioniert hat. Das kann aber mehrere Gründe haben und der Bot wurde anstandslos getauscht.",de,,
marc-de_0512127,marc,,4,"Alles gut aber zu süß

Alles gut , bis auf das dass es viel zu süß ist !",de,,
marc-de_0827962,marc,,2,"Plastik Spielzeug

10 Euro sind zu viel Geld dafür, habe mich etwas erschreckt WIE schlecht der zauberstab verarbeitet ist. Ich wollte eine günstige Version für Fotos haben, müsste dann aber doch auf die teure Version umsteigen weil es einfach ZU SEHR nach Spielzeug aussieht.",de,,
marc-de_0118008,marc,,3,"Gut für den Datentransfer

Für die Verlängerung von Stromkabeln nicht geeignet.",de,,
marc-de_0287484,marc,,4,"Elke Ullrich

Das Produkt ist super,mir fehlt noch der Zweite Drucker,dieser sollte noch geliefert werden ,da eine Verpackung völlig defekt war.Ursprünglich habe ich 2 Modelle bestellt",de,,
marc-de_0713903,marc,,4,"Tracking-Socken

Lieferung und Waren-Qualität i.O.",de,,
marc-de_0897328,marc,,5,"TOP

man brauch nicht viel schreiben außer TOP !!!!! Verarbeitung TOP , Haptik TOP",de,,
marc-de_0331184,marc,,4,"Wlan Verbindung

Ich konnte nicht mit wlan verbinden? Jemand weiß wie ich das machan kann?",de,,
marc-de_0619764,marc,,1,"Stecker sitzt nicht fest

Stecker sitzt im vorgesehen Subwoofer nicht fest. Dadurch für meinen Zweck leider nicht zu gebrauchen.",de,,
marc-de_0271336,marc,,1,"Bloß nicht kaufen!

Ich habe mein Handy in diese Handyhülle gesteckt. Als ich das Handy 1 Woche später wieder herausholen wollte, klebte das Handy so fest, dass die Rückseite meines Handys beschädigt wurde. Ich kann diesen Artikel nicht weiterempfehlen.",de,,
marc-de_0774807,marc,,3,"Es gibt nur einen Kugelschreiber

Das Produkt ist klasse! Nur die Produktbeschreibung ist leider etwas Irreführend!!! einen falschen Eindruck wird erweckend das Es sich um mehr als einen Kugelschreibe handelt ...",de,,
marc-de_0257987,marc,,4,"Lieferung leider unvollständig

Das Gerät funktioniert einwandfrei, die Wandhalterung für das Smartphon hält leider nicht zuverlässig. Es fehlte der Transportbeutel, der eigentlich zum Lieferumfang laut Anleitung dazugehört",de,,
marc-de_0755551,marc,,1,"Schlechteste Nasenpflaster, die ich je hatte

Die Nasenpflaster halten nicht und spannen die Nasenflügel nicht. Die Rücksendung ist nicht angekommen und eine Erstattung habe ich nicht bekommen. Nie wieder!",de,,
marc-de_0952881,marc,,3,"Versand

Nach Bezahlung hat leider Versand zu lange gedauert als angeben . Ansonsten sind die Kerzen super und Riechen gut schmuck war auch okay",de,,
marc-de_0525879,marc,,1,"Mangelhaft

Das Gel hält überhaupt nicht. Es ist sehr brüchig und meine Kunstnägel sind manchmal einfach abgefallen. Ist nicht zu empfehlen.",de,,
marc-de_0197957,marc,,3,"Handschuhe lösen sich auf

Die Passform ist gut. Leider lösen sich die Nähte auf und der Stoff lässt auf die Hände blicken. Haltbarkeit ist schlecht.",de,,
marc-de_0009405,marc,,5,"Top Gerät

Der Tintenverbrauch ist etwas gross und mir ist auch schon Mal passiert, dass beim Drucken einer größeren Anzahl, leere Blätter mit eingezogen wurden aber sonst ein Top Drucker",de,,
marc-de_0631217,marc,,2,"Naht drückt

Leider drückt die Naht am vorderen, oberen Teil des Schuhs auf den Fuß, was schon beim Probieren sehr unangenehm ist.",de,,
marc-de_0108077,marc,,1,"WO IST MEINE BRSTELLUNG

artikel nicht erhalten. eig. müsste die bestellung am 31.10 schon da sein",de,,
marc-de_0480018,marc,,3,"Mehr erwartet....

Ich bin etwas enttäuscht von der Größe des Buches.... es ist ein Miniformat. Da habe ich preiswertere Bücher in größeren Format zu diesem Thema. Die Aufmachung ist sehr hübsch.",de,,
marc-de_0861719,marc,,4,"Flexi Sport Dvd

Es macht Spaß mit dieser DVD zu trainieren.Jedoch nervt irgendwann das Gerede von den Trainern. Es werden diese Trainer mit jeweils drei Schwierigkeitsstufen (leicht, mittel, schwierig) dargestellt, so kann man sich während dem Training für eine Stufe entscheiden.",de,,
marc-de_0628720,marc,,5,"Genau das richtige für mich

Ich kann das Buch nur empfehlen, vor allem, wenn man blutiger Anfänger ist, wie ich. ;) Von der richtigen Zielgruppe, über die Positionierung und einigen Tipps, was man beachten sollte. Danke!",de,,
marc-de_0832993,marc,,1,"Folien passen nicht auf ein Sony X Compact

Es wurde falsche Folien zugeschickt. Nach einer Meldung bei den Anbieter antwortet dieser zwar schnell und man erhält ein Ersatz. aber es sind immer noch die falschen Folien, die nciht auf ein Sony X Compact passen.",de,,
marc-de_0745474,marc,,3,"Geht so :)

Habe dieses Produckt gekauft wegen meiner Diät, der ""Reis"" schmeckt nach nix hat einfach keinen Geschmack :) aber mit sossen und diversen Fleisch Gerichten schmeckt es sehr angenehm es nimmt den Geschmack anderen lebensmitteln an und gewinnt dadurch seinen Geschmack . Also für so würde ich nicht mehr kaufen aber als Milchreis schmeckt er Perfeckt",de,,
marc-de_0449785,marc,,5,"preis Leistung super

hohe Lautstärke , sehr guter Bass .gute Akkuleistung.ich hätte nicht gedacht für so einen günstigen Preis so einen Sound zu bekommen.",de,,
marc-de_0880701,marc,,2,"Deutlichere Deklaration gewünscht

Produkt kam zerdrückt an. Zwei Schälchen waren offen und dementsprechend hat das Paket gerochen. Das Futter an sich kann ich noch nicht beurteilen, aber hätte ich gewusst, dass Schwein dabei ist wo eigentlich nur Rind sein sollte hätte ich die Sorte nicht bestellt. Mal schauen, ob das Futter überhaupt Verwendung findet oder es an ein Tierheim gespendet wird",de,,
marc-de_0108456,marc,,5,"Beschte Eiswürfelform wo gibt bei Welt 😝

Voll die Mega Fetten coolen Eiswürfel. Viel besser als die gekauften in der Tüte oder die Eiswürfel aus den Formen die bei den Kühlschränken dabei sind.",de,,
marc-de_0942817,marc,,4,"Akku für LUMIX

Das Teil ist genauso gut wenn nicht sogar besser als das Original",de,,
marc-de_0974807,marc,,2,"Mit wem werde ich kontrollieren worden?

Ich habe meine Bestellung nicht bekommen und das ist nicht die erste mall und schreibt das ich gestern bekommen habe aber das ist nicht richtig was soll ich machen",de,,
marc-de_0057727,marc,,4,"★ Kabel prima & Lieferzeit akzeptabel ★

Nach anfänglichen Lieferschwierigkeiten ein paar Wochen vor den Weihnachtsfeiertagen & anschließender Neulieferung durch den Verkäufer, wurde zwar der Liefertermin deutlich überschritten... ...dennoch: Kabel funktionstüchtig.",de,,
marc-de_0105427,marc,,3,"Sehr schöne Mandalas, schlechter Versand

Das Buch an sich hätte 5 Sterne verdient. Jedes Mandala auf einer extra Seite, tolles Papier, es verläuft nichts. Aber man sollte sich für eine andere Versandmethode entscheiden. Leider mit der Post verschickt, in den Briefkasten gequetscht und total wellig wegen dem feuchten Wetter. Sehr schade",de,,
marc-es_0677513,marc,,2,"Fondo marron

El papel de buena calidad. Pero el fondo del dibujo es marron se mire con la luz que se mire.",es,,
marc-es_0432489,marc,,2,"Da mucho mejor resultado la opción en spray

El spray el muchiiiiisimo mejor, he probado ambos y la diferencia es abismal. Este no me ayuda con los calambre",es,,
marc-es_0080492,marc,,4,"Lo volvería a comprar

A destacar ,el color y manos libres",es,,
marc-es_0121996,marc,,5,"Muy util

Tengo una mochila para mi equipo fotográfico, esta tiene huecos especificos para guardar los objetivos, pero siempre me da la sensación que no estan lo suficiente protegidos, con estas fundas ya no tengo ese problema. Son de muy buena calidad, por fuera impermeables y por dentro tienen un tejido muy suave y acolchadito para proteger perfectamente. Las costuras y todo los acabados estan perfectamente cosidos. Tambien me parece una buena opción por si algún día no quiero cargar con todo el equipo en la mochila y si salgo con la camara poder atarme una funda con otro objetivo al bolso. Me ha sorprendido mucho la calidad por el precio tan bajo que tiene. Muy buena compra.",es,,
marc-es_0353654,marc,,3,"Corresponde a la foto

Es muy bonito y corresponde a la descripción. Es un poco inestable",es,,
marc-es_0435022,marc,,1,"Muy pequeño

Es muy muy muy pequeño!!! No es igual de fotos!!!",es,,
marc-es_0644524,marc,,5,"Buen producto

Producto interesante.",es,,
marc-es_0094408,marc,,4,"Silla

Me sorprendió para bien, ha quedado muy chula en la habitación de mi hijo. Calidad precio justo.",es,,
marc-es_0186387,marc,,5,"Muy práctica

He empezado a utilizarla después de mucho tiempo comprada y funciona genial. La uso solo para tostar pan.",es,,
marc-es_0695480,marc,,2,"No pegan los filos.

El cristal viene bien presentado y se ve de calidad pero.. los filos no pegan, quizás sea debido a la curva del cristal del teléfono, pero el caso es que tres milímetros de todo el contorno queda difuminado. En un terminal tan pequeño es mucho.",es,,
marc-es_0095535,marc,,1,"Cero confianza

No se han enviado. Así que he tenido que pedir la devolución del dinero a Amazon.",es,,
marc-es_0807647,marc,,3,"Funciona

La lámpara por ahora funciona. La única pega es que he tenido que pedir hasta tres veces la factura para que me le envíen de forma correcta.",es,,
marc-es_0895381,marc,,3,"Barato en precio y calidad

No es para un uso intensivo ni mucho menos.",es,,
marc-es_0519033,marc,,1,"Solo me llego uno

Me dijeron que me enviarian el otro y esto fue hace mas de 1 año. El vendedor no se compromete.",es,,
marc-es_0896880,marc,,5,"Buen precio y calidad

Fácil de usar,gran mejora en lesiones",es,,
marc-es_0279103,marc,,3,"Pelo suave al momento

Tengo el pelo estropeado y cuesta desenredarlo, con este producto he notado suavidad al instante. En seco la verdad no he notado mucho.",es,,
marc-es_0609002,marc,,1,"Muy básico

Muy basico, no recomendable para profesionales por el precio que tiene. Es muy corto No está mal las recomendaciones que hace de productos",es,,
marc-es_0907782,marc,,4,"Sencillo y practico

Fácil de utilizar. Tamaño adecuado",es,,
marc-es_0310248,marc,,2,"mal sonido

interferencias por todos lados y de oxigenado no tiene nada ..",es,,
marc-es_0512211,marc,,1,"Pésimo servicio de transporte correos express

Le doy 1 estrella porque no he recibido mi pedido, aunque la empresa de transporte lo ha dado por entregado, estoy pendiente de q me pasen comprobante de entrega para ver quien les ha firmado.. Era un regalo de reyes que mi hijo no va a recibir.",es,,
marc-es_0194450,marc,,3,"Creo que no amplifica

Un distribuidor normal. Lo compré por que es distribuidor ""amplificador"" y pensé que la señal llegaría más potente pero el resultado ha sido igual a los distribuidores que ya tenía.",es,,
marc-es_0924450,marc,,1,"defecto de fabricación

uno de los lados venia mal cortado y el disco se encajaba, de manera que no se podía jugar sin tener que ir sacándolo de ahí.",es,,
marc-es_0236614,marc,,1,"No es práctico

No lo he usado. tiene muchos cables porque sólo funciona conectado a la corriente.",es,,
marc-es_0447510,marc,,5,"Producto genial

Mi 2 hijos se sienten representados en estos personajes. Son Geniales",es,,
marc-es_0205935,marc,,1,"Una hoja en vez de dos

La descripción dice dos hojas y solo llego una.... La cantidad no es la correcta",es,,
marc-es_0497562,marc,,5,"Chulisimo

Es un soporte robusto y super aconsejable ya que te permite ver la tele desde cualquier punto gracias a su gran movilidad, hacia un lado, hacia otro, para arriba, para abajo y luego se estira y encoje el brazo, vamos que es muy completo y por este precio... Ha superado mis espectativas, y visualmente elegante, un 10.",es,,
marc-es_0723178,marc,,3,"Bien

Bien pero muy desordenados",es,,
marc-es_0831674,marc,,2,"Muy bueno pero el tinte falla

Me he comprado 2 paquetes para mi hijo y pasado 2 días los bolos empiezan a fallar",es,,
marc-es_0696683,marc,,4,"Bueno

Muy bien, colores bonitos y buen tamaño",es,,
marc-es_0904923,marc,,5,"buen vendedor, todo correcto! lo recomiendo al 100% Sin ningun problema para futuras compras, muy muy eficaz! ! ! !

buen vendedor, todo correcto! lo recomiendo al 100% Sin ningun problema para futuras compras, muy muy eficaz! ! ! !",es,,
marc-es_0236348,marc,,4,"Un cubo de basura económico

Cumple su función , es un cubo normal, no se lo que durará, de momento todo bien y es económico. Un buen producto de Amazon.",es,,
marc-es_0575152,marc,,3,"Incómodo para escribir

No he sido capaz de adaptarme al teclado y me he comprado otro, y éste al armario. Para mí es incomodísimo, las teclas de perfil bajo que tiene son duras, 0 precisión, las teclas de función del extremo izquierdo me confunden... Por lo demás, no he tenido problemas.",es,,
marc-es_0667488,marc,,2,"MUY PEQUEÑO

Al ser isotérmica para el verano va bien pero, es demasiado pequeño al poner dos plumas y algunas agujas casi no cierra.",es,,
marc-es_0376323,marc,,3,"Fácil de instalar

La instalación se hace de forma rápida y sencilla. Aparecieron un par de burbujas que con el paso de los días han ido desapareciendo. Buena relación calidad-precio.",es,,
marc-es_0063871,marc,,2,"..........

mejor no opinar malisima calidad",es,,
marc-es_0002026,marc,,3,"Caja aplastada.

La caja venía aplastada. Se debería mejorar el cómo se envía.",es,,
marc-es_0626455,marc,,2,"Paty

Llegaron en la fecha indicada. En la foto parecen más grandes. Son velas sencillas y pequeñas, me he llevado una desilusión.",es,,
marc-es_0045857,marc,,2,"Buen tamaño pero fragil

Ajusta bastante bien y esto hace que de problemas con las fundas que al tocar los bordes despegan el protector. Es bastante fragil y se han roto los dos a la mínima de cambio, con toques leves. Al final es mejor uno plástico de siempre que amortigua mejor los impactos, no se rompe nunca y los hay de calidad que duran toda la vida util del telefono, sin burbujas y sin despegarse.",es,,
marc-es_0525833,marc,,2,"No era lo que buscaba

Lo devolví, no digo que sea malo, simplemente no es lo que buscaba",es,,
marc-es_0807394,marc,,4,"Bastante cantidad

Nos ha venido bien, ya que la he compartido con mi hermana, la verdad sale genial de precio y así puedes echar la cantidad que necesites.",es,,
marc-es_0275416,marc,,4,"Tamaño pequeño

La lámpara es preciosa, pero no sirve para guardar anillos como pone, no cabe ninguno... Solo sirve para decorar .",es,,
marc-es_0327271,marc,,5,"Perfecta, tal como esperaba.

El producto es tal como se describe. Muy contenta con la compra.",es,,
marc-es_0625239,marc,,4,"Tienen buena pinta

Parecen tener resistencia, todo correcto, falta probarlos en el viaje para el que compre este producto. Volvería a comprarlas",es,,
marc-es_0484215,marc,,3,"Estéticamente es bonito

pero resulta algo endeble, pesa poco y se desplaza algo al pisar el pedal para abrirlo. Ya teníamos otro igual, pero un modelo anterior que llevaba otro cubo dentro y que resultaba más cómodo de limpiar que este que lleva la bolsa directamente dentro de la carcasa exterior. El mecanismo de apertura se rompió en el cubo anterior, aunque se puede seguir usando porque la tapa abre igual. Lo mejor es que cierra muy bien y evita olores y que es atractivo visualmente, sobre todo si la cocina es blanca y los electrodomésticos de acero inox.",es,,
marc-es_0428014,marc,,3,"El protector ha llegado completamente roto

La funda no está mal pero el protector no se puede poner ya que viene partido por dos sitios.",es,,
marc-es_0349453,marc,,1,"Silvia Nieto Ruiz

No le he recibido todavía, cuando se supone que la entrega era para el día 14. Poca seriedad me parece.",es,,
marc-es_0903424,marc,,4,"Suena genial

Lo compré para un regalo y la persona quedó encantada, suena muy bien, buen sistema de recepción de emisoras, fácil de utilizar y con un diseño moderno y muy bonito. Es ligero. En fin, una buena compra, como siempre.",es,,
marc-es_0120263,marc,,5,"100% recomendado

Producto Rápido, Descripción precisa, y Calidad de envío. Volvería a comprar la misma clase de productos. Amazon Prime 100% recomendado.",es,,
marc-es_0761093,marc,,2,"Los hay mejores al mismo precio

Los tornillos de las clavijas son muy endebles y algunos no aprietan",es,,
marc-es_0528044,marc,,5,"Muy práctico

Una ayuda valiosa para conocer los musculos implicados en las asanas.",es,,
marc-es_0026006,marc,,2,"Buen decodificador, pero con mando estropeado

Muy buen decodificador. Compré dos, y uno de ellos viene con el mando estropeado. El otro viene perfecto. Pero deberían cuidar esos detalles en un producto que es de alta calidad.",es,,
marc-es_0146775,marc,,2,"Irene

Las protecciones y el casco son de muy baja calidad y la numeración viene bastante pequeña. Yo decidí devolverlos y no tuve ningún problema.",es,,
marc-es_0780231,marc,,1,"Gran susto

A los quince meses ha estallado el dispositivo. La batería se ha hinchado y lo ha hecho reventar, lo que ha proporcionado a mi hijo un gran susto.",es,,
marc-es_0248616,marc,,5,"Perfecta

Estoy muy contenta con la funda nueva!! Le queda como un guante",es,,
marc-es_0639031,marc,,1,"Pedi otro

Lo siento ,tengo que devolver por error",es,,
marc-es_0358916,marc,,5,"Los repuestos son tal y como los oferta el anuncio

Estos accesorios son muy adecuados como repuestos para el aspirador Roomba. y su relación calidad/precio me parece muy buena. Los recomiendo a quien necesite cambiar estos consumibles.",es,,
marc-es_0718258,marc,,4,"Correcto. Es genial

Esta bien. Venía un poco torcido pero dandole una vuelta en la tarta ni se nota. La verdad que queda muy bien. Y de tamaño perfecto.",es,,
marc-es_0903204,marc,,5,"Barato y funciona!!! Perfecto.

Va bien y a buen precio, la verdad es que ha sido una buena compra.",es,,
marc-es_0014355,marc,,1,"6 horas para montarlo

Literalmente tuve que limar la barra para poder meter el brazo que sujeta las pantalla ya que no entraba.. nse si ha sido un error de fabrica o que.. pero madre mía todo el medio día.. igualmente es precioso y queda de lujo *-* si no hubiese sido por que he tenido que estar limando le daba un 10",es,,
marc-es_0872167,marc,,2,"Se atasca la cerradura y cuesta abrir.

Sería un buen producto, pero se queda atascada la cerradura y cuesta mucho abrir. Tiene unos acoples dentro que van sueltos y se pierden.",es,,
marc-es_0328352,marc,,5,"Perfecto!!! Es justo lo que buscaba!!!

El envío ha sido muy rápido (3 días antes de lo previsto) y el libro está genial si quieres sacarte el permiso C, te lo recomiendo. Me ha encantado!!! :)",es,,
marc-es_0606015,marc,,1,"NO FUNCIONA EL ALTAVOZ

Compre el teléfono en enero y hace casi 20 días que el auricular no funciona. Al realizar/recibir llamadas se ha de poner en altavoz y cada vez se distorsiona mas el sonido.. Alguna solución?? Actualizacion: ahora tambien falla de bateria, se apaga al 30% y no carga mas del 50... Sigo sin noticias del vendedor... Muy mala compra",es,,
marc-es_0657874,marc,,3,"Nota: suficiente

Muy anchas las piernas en relación a la cintura.",es,,
marc-es_0301957,marc,,1,"Para no repetir

Se colocan fácilmente en la pantalla del móvil pero a las pocas horas comienzan a aparecer burbujas. En mi opinión no cumple con el cometido esperado, aunque sean muy baratas. ACTUALIZO: por las circunstancias mencionadas, he colocado los tres protectores en poco más de una semana. Al hacerlo, compruebo que dos de ellos están rajados por la esquina inferior derecha, por lo que son inservibles. Desde luego que no repito...",es,,
marc-es_0727173,marc,,2,"No va muy bien se descarga muy rápido la batería y el desplazamiento es muy lento

No va muy bien se descarga muy rápido la batería y el desplazamiento es muy lento No va muy bien se descarga muy rápido la batería y el desplazamiento es muy lento",es,,
marc-es_0707498,marc,,5,"Funciona a la perfección

Bueno, práctico y pequeño",es,,
marc-es_0049779,marc,,2,"Tapones poco recomendables

El antifaz genial, es suave y cómodo. Pero los tapones no, ni aíslan del ruido, ni son cómodos. Poco a poco se van saliendo de los oídos.",es,,
marc-es_0490313,marc,,4,"Xisca

Está bien es como esperaba, por el precio que tiene no se puede pedir más tardó en llegar, pero llegó en perfectas condiciones.",es,,
marc-es_0182126,marc,,4,"Contenta

El kit es bastante cómodo, tiene lo necesario y es pequeño de tamaño. Lo único es que a veces cuesta cambiar los cabezales, se enganchan y tienes que hacerlo con bastante fuerza. Por el resto estoy bastante contenta.",es,,
marc-es_0629153,marc,,3,"Rachel

Le bajó a 3 por la firma de entrega, no te dan una franja horaria y un día exacto y así no se puede estar esperando 4 días haber cuando llega el paquete",es,,
marc-es_0984716,marc,,4,"Calidad

La compre pensando que tenía medida para manguera de 15mm. Pero las piezas parecen de muy buena calidad.",es,,
marc-es_0047146,marc,,2,"Dejo de funcionar

Despues de un año y 4 meses dejó de funcionar correctamente. Carga pero muy lento. En ocho horas carga 10-15% la bateria de un iPhone X.",es,,
marc-es_0872634,marc,,3,"Hermoso diseño

Muy elegantes en vivo y reflejan la luz de una forma muy bonita. Lo único malo es que es tornillo es muy largo y quedan colgando, lo he solucionado temporalmente con arandelas hasta que compre unos tornillos más pequeños.",es,,
marc-es_0027166,marc,,4,"Util

Tiene para las toallitas, es bastante util,",es,,
marc-es_0484663,marc,,4,"Bien

Buen producto, de los mejores relación calidad precio de los que están en el mercado, totalmente recomendable, además de buen distribuidor.",es,,
marc-es_0348826,marc,,5,"Igual que en la foto

Lo uso bastante, es igual que en la foto aunque los cordones para mi gusto son demasiado grandes, tuve que hacerles un apaño para poder llevarla normal.",es,,
marc-es_0784150,marc,,4,"Fácil de instalar

Buena compra, por el precio de una mensualidad de cualquier marca de alarma tienes tu propia alarma, fácil de instalar y agregar componentes. Lo único que la app en ocasiones tarda en conectar/desconectar la alarma.",es,,
marc-es_0323309,marc,,1,"PETER PAN DE ROBERT SABUDA

El libro como todos los de Sabuda está genial, pero en este caso no me llegó en perfectas condiciones. El plástico que lo protege estaba roto y el libro por dentro tiene leves señales de uso.",es,,
marc-es_0877674,marc,,1,"Big star

Si no pagas premian, ves más anuncios que película, a los 15 minutos ya la he quitado.",es,,
marc-es_0643390,marc,,3,"Calidad-precio inmejorable

Relación calidad-precio inmejorable, único defecto, se enciende solo al abrir/cerrar por lo que no controlas el gasto de la pila si lo guardas en caja herramientas para transportarlo",es,,
marc-es_0619603,marc,,4,"Muy bien, buena olor. Cambiaría el envoltorio de envío.

Muy rápidos en la entrega, huele genial. La pega, es que el producto venía en una bolsa con burbujas y la botella suelta, se había desenroscado el tapón y mucho producto se había salido de la botella. ¿Quizá ponerla en una cajita de cartón?",es,,
marc-es_0958296,marc,,1,"Nada que ver con la fotografía

Cuando porfín me llego, que tardó muchísimo y lo tuve que reclamar. me llegó doblado en un sobre que dejaba mucho que desear. Para pegarlo en el interrumptor es super difícil ya que las letras se despegan del vinilo además es enorme, por lo que he tenido que mover una a una las letras para que entrara bien en él. A pesar de todo esto ha quedado bastante mal...lo terminaré quitando",es,,
marc-es_0584414,marc,,3,".

La pieza del botón no se adapta bien a la llave original.",es,,
marc-es_0916527,marc,,1,"Ha reventado en menos de un mes Apenas sin uso

Ha reventado en menos de un mes Apenas sin uso",es,,
marc-es_0681251,marc,,3,"Bonitos

Diseños muy bonitos y todos diferentes. Es práctico. Lo malo es que 2 de ellos se han encogido la tela al meterlos en la lavadora.",es,,
marc-es_0638272,marc,,5,"Lola

Me ha encantado, se ve súper bien. De hecho era para un ragalo y he comprado otro para mi. Lo recomiendo",es,,
marc-es_0476009,marc,,2,"Grande con acorde al numero

Demasiado grande para ser un 36, pero la calidad es muy buena con acorde al precio y el plazo de entrega lo pedí express y llego según lo previsto",es,,
marc-es_0115337,marc,,1,"No lo compreis

Ni probeis Es una basura....por poco mas hay mejores",es,,
marc-es_0039791,marc,,3,"Interesante

Me gusta El enfoque que da sobre el tarot. Lo que menos es que se repite mucho.",es,,
marc-es_0030751,marc,,4,"Básica.

Amarillea con el tiempo.",es,,
marc-es_0347680,marc,,5,"BUENO

Después de un viaje de más de 4000 km. con diversas condiciones de tiempo, el soporte no ha perdido capacidad de ventosa y la fijación es buena, igual que el original. Espero que siga así, pero por el precio pagado estoy muy satisfecho.",es,,
marc-es_0545389,marc,,1,"Pierdes todos los archivos

Malisima, sin ninguna razón ha dejado de funcionar solo me da la opción de formatear con lo que he perdido todo lo que tenía guardado. Lo barato sale caro.",es,,
marc-es_0064037,marc,,3,"Falta estabilidad

Sirve aunque la calidad es mejorable y el producto carece de estabilidad para ejercitar comodamente",es,,
marc-es_0110878,marc,,5,"Perfecto

Perfecto. De tamaño y de calidad. Me caben todas las brochas (que son bastantes) y en la parte delantera tiene un pequeño compartimento donde se pueden poner horquillas y gomas de pelo. Es estupendo.",es,,
marc-es_0227293,marc,,2,"Cordones con luces

Cuando lo recibí, uno de los dos no funcionaba. He tenido que abrirlo y repararlo yo para poder usarlos.",es,,
marc-es_0945438,marc,,5,"Muy buena calidad precio

Me gusta el diseño. Funcionan a la perfección",es,,
marc-es_0983456,marc,,4,"Patín

Todo bien sólo cuidado con el tapón q tapa la zona de carga de bateria. Se pierde rapido",es,,
marc-es_0680425,marc,,2,"Fácil de montar y llega lo que se ha pedido.

El material que se ha de usar de fondo, no se puede planchar y mantiene las arrugas de los dobleces del envío.",es,,
marc-es_0604657,marc,,4,"Muchas veces te saca una sonrisa

Me parece bastante bueno, hay articulos agudos y otros normales...la vida,es para leer ""a ratos"". Divertido, sentido del humor",es,,
marc-es_0199381,marc,,3,"Falta de claridad

El producto dice que se le pueden añadir sabores pero en las instrucciones no especifica como se puede hacer .",es,,
marc-fr_0000579,marc,,2,"Table basse

Plateau supérieur abîmé. Déçue",fr,,
marc-fr_0286106,marc,,2,"Nul

Très nul et en plus la notice est tout les langues même il y a pas en français je déconseille fortement",fr,,
marc-fr_0653197,marc,,4,"Carburateur

Correspond à l’identique 4 car pas noté que c’est pou starter manuels et moi c’est un automatique J’ai réussi à le changer",fr,,
marc-fr_0727953,marc,,5,"Facile à installer

Facile à installer et fonctionne parfaitement bien. Merci.",fr,,
marc-fr_0699071,marc,,3,"Bien livré et fonctionne.

Bien livré. Je l'ai mise en services. Mais pas de pluie suffisante. J'attend des pluies fortes pour voir si elle marche bien !",fr,,
marc-fr_0468400,marc,,1,"produit de trés mauvaise qualité.

produit de trés mauvaise qualité, ne fonctionne pas, probablement un défaut d'origine, je vais demander le remboursement. Je suis obligée d' en commander un nouveau, ça me coût le double et je n'ai toujours pas de téléphone!!! Je ne recommande pas...",fr,,
marc-fr_0578538,marc,,5,"Top batterie

La batterie est top, les outils sont vraiment super également. J'avais testé auparavant un kit moins cher, on voit vraiment la différence de qualité !",fr,,
marc-fr_0384089,marc,,4,"super économique

vraiment un bon achat. facile à remplir, parfait pour une litter locker 2. très économique et ça marche aussi bien.",fr,,
marc-fr_0941135,marc,,5,"Thermomètre d'intérieur

Entièrement satisfaite! Répond entièrement à nos attentes! Nous en avons installé un dans chaque chambre!",fr,,
marc-fr_0186404,marc,,2,"Ne se voit pas ce n est pas un High lighter

Ne se voit pas assez highlighter ???",fr,,
marc-fr_0373293,marc,,1,"Nul

L'odeur n'est vraiment pas agréable , le prix est extrêmement cher et au final le produit provoquait l'inverse escompté, mon chat était complètement énervé et passait son temps à miauler. On a arrêté le produit et tout est redevenu dans l'ordre. Donc pour moi à éviter",fr,,
marc-fr_0795306,marc,,3,"Les roues ne tournes pas.

Les roues ne sont pas amovibles, délais de livraison respecté.",fr,,
marc-fr_0306779,marc,,3,"Fragile

Assez fragile donc faites très attention aux chutes ..",fr,,
marc-fr_0503614,marc,,1,"Attention arnaques !!! Voilà Professionnel !!! Je n'ai jamais reçu mon article!!!

moi - Bonjour ,Je n'ai jamais reçu mon article "" Cisco Câble De Console Câble Série ""Comment vous pouvez me explique ça ???Cordialement Vendeur - Bonjour, ceci est le produit de distribution Amazon, veuillez contacter le service clientèle officiel d'Amazon. Si vous ne le recevez pas, vous pouvez demander un remboursement. Je suis désolé de vous avoir laissé attendre si longtemps. Voilà Professionnel !!!",fr,,
marc-fr_0781906,marc,,5,"Super!!!!!

Je ne peux pas vous parler du gout car c'est pour un cadeau de noël, une personne qui habite dans le Jura FRANCE, je trouvais l'idée originale, produit bien emballé et surtout rapidité. Bravo",fr,,
marc-fr_0575680,marc,,3,"Colis recu

Colis bien reçu. Par La poste. Après le reste les graines il faut attendre un, boir si c'est vrai ou pas",fr,,
marc-fr_0484692,marc,,1,"HORS SERVICE AU BOUT D'UNE SAISON...

Après 3 mois réels d'utilisation, (acheté en mai 2018) il s'avère que, selon la notice, la sonde soit défaillante... Après un premier contact avec le vendeur, cette dernière ne serait pas prise en garantie, sa durée de vie étant de 1 à 3 saisons à raison de 70€ tc la sonde... (à confirmer avec fournisseur, selon ses dires). Joli, pour une garantie de 2 ans indiquée. Une marque pourtant reconnue, mais un achat avec une insatisfaction totale. JE DECONSEILLE.",fr,,
marc-fr_0388953,marc,,4,"Conforme a mes attentes

Conforme a ce que j'attendais. A voir si solide",fr,,
marc-fr_0384047,marc,,2,"Peu efficace !

Après plusieurs semaines d usage pour une verrue plantaire, aucun effet si ce n est me brûler la peau La verrue est toujours la",fr,,
marc-fr_0537874,marc,,1,"Problème bouton iPhone

Bouton ne fonctionne pas fait redémarrer l iPhone en boucle très déçu du matériel j ai était obliger de remettre mon ancien bouton",fr,,
marc-fr_0304971,marc,,3,"Très jolie mais..

Produit très bien sauf qu’elle dépasse d’un cm de notre « base » de we du coup quand mon fils fait pipi, ça passe souvent entre le dessous de la cuvette et le wc..",fr,,
marc-fr_0237022,marc,,1,"Inutile/arnaque

Ça ne marche absolument pas et ça n'a jamais marché. Je ne sais pas si il y a un problème dans ma commande ou si il y a eu un faux contact mais c'est de l'arnaque!!",fr,,
marc-fr_0570578,marc,,1,"Huawei Y5 2018 BLEU

J'ai commandé ce téléphone en Bleu comme indiqué et j'ai reçu en noir ! Super c'est un cadeau que, j'offrais ce soir, grosse déception ! En plus je doute que c'est un neuf mais un reconditionner ! Déception totale ! Je vous avec la personne si on retourne ou pas et se faire rembourser.",fr,,
marc-fr_0631207,marc,,5,"Super

Super matelas !!! Très ferme il faut s'habituer mais très confortable au bout de ses nuits !",fr,,
marc-fr_0246245,marc,,1,"Jamais reçu

Commande de ce produit pour mon mariage jamais reçu. A éviter car les délais de livraison ne sont pas respectés.",fr,,
marc-fr_0136930,marc,,5,"Top

Identiques à ceux de BMW et beaucoup moins chers !! Je conseille !",fr,,
marc-fr_0514193,marc,,3,"chaises 6

Après quelques retard dans la livraison , reste à faire le montage -( de se côté là pas trop de surprise) assez facile même pour un débutant! -Par contre les patins en plastique sous les pieds de chaises glisse énormément et pouvait être casse figure!! sur un sol en parquet ! ! Nous avons préférés les enlever et remplacé par du feutre pour notre sol en parquet c'est plus prudent L'aspect tissu est beau et semble de bonne qualité finition impeccable , de plus confortable nous sommes très bien assis ( voir à l'usage pour le côté nettoyage du tissu surtout l'assise bien évidemment. ? Sinon cela va parfaitement avec notre mobilier.",fr,,
marc-fr_0780244,marc,,2,"DUREE DE VIE 1 SEMAINE !

Reçus en temps et en heures, une grande capacité mais MAIS A NOTER QUE LES SANGLES NE SONT NI COUSUES, NI COLLé du coup quand vous régler vos sangles elle se défont souvent ... Une des sangles dorsales à craquée renvoie et remboursement demandé, durée de vie 1 semaine dommage ...",fr,,
marc-fr_0421182,marc,,4,"Contente de mon achat

Très contente de mon achat, il est très joli, et correspond bien à la photo, la lumière solaire, semble un peu fragile à l'intérieur, c'est pour ça que j'ai mis que 4 étoiles, à voir la durée dans le temps. Si non, oui bien sûr que je recommande cet article.",fr,,
marc-fr_0156327,marc,,5,"Exactement ce dont j'avais besoin!

Si je dis la vérité, je n'aurais jamais pensé que ce serait efficace tant que je n'aurais pas expérimenté moi-même ces améliorations. J'étais très méfiant au début, mais mon ami a insisté pour que j'essaye. Son utilisation avec une crème anti-âge donnera de meilleurs résultats et réduira les ridules des femmes. J'espère que cette critique vous aidera, car vous réaliserez peut-être que j'aime la science qui la sous-tend. Je l'utilise depuis un an et je peux dire que cela fait maintenant partie de mon rituel quotidien. Je dois vraiment remercier mon ami obstiné et les tonnes d'articles que j'ai lus. J'ai de la chance!",fr,,
marc-fr_0112870,marc,,4,"CORRCT POUR LE PRIX

cela fait 2 mois que mon fils l'utilise il est fonctionnel tout va bien, il l'a fait tombé plusieurs fois il ne s'est pas cassé les couleurs sont bien le son pareil ras je le conseil",fr,,
marc-fr_0728316,marc,,3,"Retard de livraison mais produit de qualité

Étui de bonne qualité. Épais et protégé la tablette contre les chocs. Avec une petite pochette sur le dessus pour ranger chargeur et écouteurs il serait parfait. Dommage qu’il soit arrivé avec 5 jours de retard : impossible de l’offrir pour Noël 😬",fr,,
marc-fr_0710172,marc,,2,"pas cher qualité en rapport

connecteurs de mauvaise qualite",fr,,
marc-fr_0246605,marc,,3,"Peux mieux faire

Remplacer un dispositif existant On ne peut pas changer la position du Capteur de pression et donc pas lire cette Pression dans une des position du dispositif Dommage car produit correct pour le prix",fr,,
marc-fr_0686362,marc,,2,"Probleme de connexion pour charger les manettes

les connexion des piles son pas bien . compliquer de poser la manette sur le chargeur et de faire connecter les connexion être elles",fr,,
marc-fr_0510952,marc,,3,"Produit abîmé

Emballage très minimaliste, j'étais inquiète en voyant le colis,et à raison puisque deux ''pieds'' étaient décollés. Ils se trouvaient au fond de l'emballage, j'ai pu les recoller, mais un meilleur emballage serai une bonne idée. Sinon, très bel objet.",fr,,
marc-fr_0593754,marc,,2,"bol cafetière isotherme

J'ai choisis cette note car meme si RUSSELL HOBBS est une marque que je recommande, ce modèle de cafetière isotherme n'est pas pratique car il faut forcer sur la fermeture du bol isotherme pour que le café reste chaud, ce qui rend l'ouverture après très difficile.",fr,,
marc-fr_0206797,marc,,2,"Help

La sonnette marche a 30 metres mais des que je la mets dedans a 60 metres dans ma maison ca ne marche pas . Quelqu un a t il une solution pour moi ?",fr,,
marc-fr_0220666,marc,,2,"ne tient pas la charge

achetée en remplacement de la batterie d'origine vieillissante qui ne tenait plus la charge, celle-ci ne tient finalement pas tellement plus longtemps et certainement pas aussi longtemps que le faisait la batterie d'origine neuve, donc déçu.",fr,,
marc-fr_0725986,marc,,4,"Pratique

Très pratique pour un Ipad",fr,,
marc-fr_0609453,marc,,4,"Conforme à la photo

Bon emballage livraison rapide conforme à la photo",fr,,
marc-fr_0900499,marc,,5,"magnifique

trop beau ce sac ! il sent bon le cuir, est bien fini, pratique avec ses poches intérieures et simplement magnifique! Je suis très satisfaite de ce sac.il est en effet plus souple que sur la photo mais c'est beaucoup mieux. Joli couleur en blanc et très fonctionnel. En tout point conforme au descriptif. Livré dans un emballage soigné, avec sac de protection et rembourrage pour éviter les déformations. Idéal pour une sortie ou une soirée un peu chic. Je recommande sincèrement cet article.",fr,,
marc-fr_0317930,marc,,4,"Plutôt pas mal

Une plongée dans le temps mais peu de détail intéressant si on est dans la profession",fr,,
marc-fr_0171705,marc,,3,"Bon produit

Pour s assoir sur la terrasse",fr,,
marc-fr_0639873,marc,,3,"Oui, bof

Je ne suis pas convaincue de l'accélération du séchage grâce à ces balles de séchage. Le linge ne semble pas beaucoup moins s'emmêler non plus. Elles font moins de bruit dans le tambour que les balles de lavage que j'utilisais jusqu'ici pour le linge de maison.",fr,,
marc-fr_0638480,marc,,1,"article jamais reçu

je n'ai jamais reçu l'article et il faut a tout bout de champs relancé pour etre remboursé. Je ne conseil pas ce vendeur",fr,,
marc-fr_0181684,marc,,4,"Avis client

Sac arriver rapidement conforme a la photo par contre je m'en suis servi 6fois et hop la fermeture cassé Donc un peu decu",fr,,
marc-fr_0642390,marc,,5,"Génial

Super jeu, on a vraiment passer un bon moment en famille. Les énigmes ne sont pas trop dure je recommande",fr,,
marc-fr_0010235,marc,,2,"Beau mais se dégrade

Très beau mais laisse une trace noire sans le coup. De plus c'est pas de la qualité. Faut vraiment y faire attention par contre il fait fureur.",fr,,
marc-fr_0326818,marc,,5,"Pratique

Bonne qualité et pratique quand on affranchit chez soi.",fr,,
marc-fr_0008259,marc,,2,"parfum générique

L'odeur n 'est pas mal mais grosse déception lors de la livraison ; le bouchon était cassé et le produit avait imbibé l 'enveloppe pas assez protectrice pour ce type de produit : vu le tarif des frais de port, l' envoyeur aurait du faire beaucoup mieux !",fr,,
marc-fr_0021974,marc,,2,"Cabossé / Emballage pas adapté

Comme pour beaucoup, arrivé avec des impacts un peu partout et sérieusement cabossé. Le boitier reste utilisable, mais on a vraiment l'impression d'acheter de l'occasion. Sinon, c'est conforme à la description.",fr,,
marc-fr_0810594,marc,,1,"En colère

Bonjour je n ai toujours pas reçu mon colis je ne peux donc pas l'évaluer je ne suis pas satisfaite",fr,,
marc-fr_0943304,marc,,5,"Pop

Bon produit du pop et qualité prix très bien . Et pas de regret très bien et même qualité prix .",fr,,
marc-fr_0502729,marc,,1,"A eviter

Tactile très difficile !! Je ne recommande pas du tout !",fr,,
marc-fr_0546048,marc,,5,"Souvenir de jeunesse

J'ai vu ce film au cinéma dans les années 70, quel merveilleux film.",fr,,
marc-fr_0314915,marc,,4,"Bon produit

Produit bien adapté aux modèles de barbecues conseillés. Lien de serrage pour maintien difficile à utiliser.... Prix un peu élevé.",fr,,
marc-fr_0496384,marc,,5,"12 pot vintage

j'adore ces 12 contenants très beaux pour le prix j'ai hate de préparer mon candy bar pour mon mariage un seul hic c'est l'emballage, un peu léger mais j'ai eu de la chance rien ne c'est cassé ou même abimé",fr,,
marc-fr_0736251,marc,,1,"Filtre très peu épais et presque inutile.

La qualité de ce filtre est très inférieure à ce que j'attendais. Je vais jeter ce filtre qui est totalement inutile",fr,,
marc-fr_0605855,marc,,2,"Réception du colis

Reçu le colis en bonne état ,mais déçu de la livraison reçu à deux endroits différents ,cela devra être améliorer",fr,,
marc-fr_0024577,marc,,5,"Très jolie

Super jolie et classe. Acheté pour offrir du coup recommandé pour moi même surtout avec une bonne promo merci Amazon!",fr,,
marc-fr_0558654,marc,,1,"Sinon bon produit

Chauffe eau livré sans ses pâtes de fixation Obligation d’aller en trouver en magasin Quel intérêt de commander sur internet ?",fr,,
marc-fr_0882751,marc,,3,"Bien sans plus

Ne fonctionne pas super bien",fr,,
marc-fr_0529553,marc,,1,"ultra bruyant

appareil énorme et surtout extremement bruyant. je regrette cet achat je recommande d'éviter ce produit il vaut mieux une marque plus fiable et surtout le bruit est insupportable",fr,,
marc-fr_0300683,marc,,2,"Qualité et taille

Au départ, acheté pour un Homme taille 42, impossible de rentrer le moindre doigt de pieds. J'ai ensuite proposé à ma compagne, taille 38 de les garder. Elle parvient a rentrer dedans mais c'est beaucoup trop serré. Sans compter qu'aucune paire n'a la même taille et que des fils effilochent déjà de partout. Donc, ne pas acheter tout simplement.",fr,,
marc-fr_0567135,marc,,5,"achat fait pour un tiers

pour une personne de ma famille ne pouvant se déplacer et que je ne pouvais aller voir à cette période. Elle a été ravie de l'envoi.",fr,,
marc-fr_0970577,marc,,2,"Support trop peu rigide

Peut faire l'affaire pour suspendre un Ukulele. Eventuellement une guitare acoustique. Mais support trop peu rigide pour une guitar électrique (plie dangereusement...)",fr,,
marc-fr_0441188,marc,,4,"bon rapport qualité prix

produit qui correspond à mes attentes ; parfaitement adapté et très léger et résistant",fr,,
marc-fr_0521113,marc,,4,"très pratique

un petit support bien solide pour un smartphone. Il est très pratique car on peut l'incliner graduellement en cliquant sur le bouton du coté (barre rotative). Bien sûr si on veut brancher le téléphone, il faudra le placer horizontalement, parce que le jack ne passera pas à travers la table, ni le support. Je suis surprise par contre que la partie en caoutchouc du réceptacle ne tienne pas en place. Tant que le socle ne bouge pas ça va, mais si on commence à le trimbaler, on risque de perdre cette partie, qui à mon sens aurait du être collée, ou clipsé. Voilà pourquoi je ne mets pas 5 étoile, à cause de ce petit désagrément.",fr,,
marc-fr_0952989,marc,,3,"Un peu déçu

Pas vraiment silencieux",fr,,
marc-fr_0531661,marc,,4,"Cadeau

Rapport qualité prix , rien à dire. Je l’ai offert à un ami il adore.",fr,,
marc-fr_0965974,marc,,2,"Pas terrible

Le principal est le manque de notice d'utilisation.Sinon le clavier est joli, petit et léger mais pour son utilisation c'est très compliqué.",fr,,
marc-fr_0412823,marc,,3,"Très joli qualité moyenne

Super mural du plus bel effet. Avec le temps le verrouillage reste bloqué",fr,,
marc-fr_0065386,marc,,4,"Le bon état

Très bon produit mon fils est content",fr,,
marc-fr_0639107,marc,,4,"agréable

créer une ambiance agréable. Dommage que le support prévu n'est pas livré",fr,,
marc-fr_0231775,marc,,5,"Très bon rapport qualité prix

La coque épouse parfaitement le téléphone Il est fin et riposte a la fois donc on sent rien a l'utilisation. Reçu sous 24 h Je recommande",fr,,
marc-fr_0926570,marc,,4,"bien

Conforme à la description, livraison rapide et bien emballé A voir avec l'utilisation et la qualité de fabrication Qualité prix correctes",fr,,
marc-fr_0731030,marc,,1,"Nul

Aucun interet. Pas stable du tout. Inconfortable.",fr,,
marc-fr_0094996,marc,,1,"Livraison

J'ai rien reçu jusqu'à maintenant et c marqué que c livré j'ai rien trouvé dans ma boite aux lettres !!!!!!!!",fr,,
marc-fr_0974036,marc,,3,"Article moyen

Dommage qu’il ai fallu commander l’article une deuxième fois ça le 1er ne fonctionnait pas à la livraison.",fr,,
marc-fr_0762735,marc,,4,"Tres bon produit

Tres bon produit. Vraiment rien a dire. La seule chose qui manque est la charge rapide. Il faudrait la fonction power delivery pour charger la nintendo switch comme le chargeur officiel. Cependant, l ergonomie, la qualite et le coude sont pour moi plus important et c est un produit que je recommande. Vous ne serez pas decus",fr,,
marc-fr_0643937,marc,,1,"Je suis très déçu, à croire que c’est une contrefaçon ...

Bonjour. Très déçu de cette montre. Au bout de deux jour la partie qui entoure la date se dessoude. Quelque jours plus tard, le bracelet ne fait que ce décroché. Les différents pointeaux ne tiennes pas. Une contrefaçon ? A ce prix là je suis très déçu.",fr,,
marc-fr_0992420,marc,,3,"Trop cher pas assez suffisant pour la méthode

Bon matériel mais trop cher car il nous faut au moins 9 cubes de 1000 (le plus gros) pour montrer à l'enfant la méthode de calcul et pas assez de plaque de 100",fr,,
marc-fr_0193182,marc,,1,"le diamétre

s'avoir le diamétre de la vis est attente de la piéces trop long.",fr,,
marc-fr_0883343,marc,,3,"Resultat

Pas de résultat visible",fr,,
marc-fr_0398149,marc,,5,"indémodable !!!!

De bons moments en famille :-)",fr,,
marc-fr_0864829,marc,,2,"gel n'adhère pas

Acheté pour coller du caoutchouc à du plastique : gel colle aux mains mais pas au caoutchouc. En +, pas de bouchon pour la canule. Déconseille cet achat même si ce n'est que 6 EUR.",fr,,
marc-fr_0293829,marc,,1,"Le couvercle ne s'emboite pas comme il faut

Déjà j'ai reçu un emballage qui me semble, n'est pas neuf de ce que je vois et le couvercle possède le même diamètre que le shaker. Aucun élément n'est emballé individuellement comme le montre un commentaire précédent. Renvoi immédiat.",fr,,
marc-fr_0394310,marc,,3,"Bof

Câble électrique très court, tuyau d'aspiration se déboîte de l'embout et trop court, il faut prendre l'appareil à la main pour accéder au dessus du poêle. Ne pas ouvrir l'aspirateur à l'interieur car des cendres tombent sur le sol. Attention transporteur GLS ne passe pas à votre domicile, il dépose systématiquement le colis en relais. A quoi sert d'acheter sur le Web si il faut se déplacer !",fr,,
marc-fr_0136123,marc,,4,"Bagage cabine

Achète pour bagage en soute. Mais c'est un petit format pour les bagages mains c'est sinon très bien. Je l'ai utilisé quand-même pour les grosses valises. Je peux les repérer de loin!",fr,,
marc-fr_0406681,marc,,5,"Une lampe complète et bien pratique

J'ai fait plusieurs essais les lampes sont réglables de manière assez conséquente la luminosité est intéressante et il y a un bon son au niveau du petit haut-parleur qui se trouve dans la lampe donc un très bon produit que je recommande vivement Actuellement elle est utilisée dans la chambre de mon fils et je n'ai plus besoin des autres veilleuse",fr,,
marc-fr_0453848,marc,,1,"jamais reçu

cette commande a été Payée mais n'est jamais livré sans la moindre explication de la part du site ou du marchand",fr,,
marc-fr_0213013,marc,,3,"Pratique

Le chargeur est pas cher et pratique. Par contre à la fois chargé je trouve particulièrement chaud sur mon S7 edge.",fr,,
marc-fr_0583287,marc,,5,"Impeccable

Tout est conforme à la description. Semble de bonne qualité et parfait pour mon pneu de brouette.",fr,,
marc-fr_0709424,marc,,2,"mauvaise machine a espresso

A chaque fois que l on mais une capsule on se retrouve avec tout le marc de café dans la tasse. Il et impossible de règle le débit pour une tasse.",fr,,
marc-fr_0552242,marc,,5,"Plug and play appréciable

Les boîtiers cpl sont déjà associés, juste à brancher sur une prise de courant et le travail se fait tout seul Qualité nettement supérieure aux anciens boîtiers cpl orange que j avais et qui ont grillés",fr,,
marc-fr_0596921,marc,,4,"tres bon rapport qualite prix

tres bon rapport qualite prix",fr,,
marc-fr_0037951,marc,,2,"Taille étroite

Le tissu de ce legging est de qualité mais la taille des jambes est trop étroite. Moi qui fais du 36 j’ai du mal à enfiler le legging. Quel dommage car le produit est sumpa",fr,,
marc-fr_0121887,marc,,4,"Très bien

Bon produit, tissu de bonne qualité, à voir sur le long terme. Déjà 2 lavages et le tissu n'a pas bougé, ni décoloré.",fr,,
marc-fr_0090245,marc,,3,"un peu rigide au début mais plus souple après usage

on le lave et réutilise plusieurs fois. avec le temps il faut penser à mettre un élastique aussi pour bien fermer.",fr,,
marc-ja_0287744,marc,,2,"複数の端末が充電できる充電スタンドには最適！

追記: 5本入りを購入しましたが、約半年で3本が使えなくなりました。安いのでそんなもんですかね。 機能として申し分ないですが、すぐに付け根のバネが伸びてしまいました。",ja,,
marc-ja_0107142,marc,,2,"遠赤バスパ風呂保温器

レンジで温めて簡単に出来ますが 余り保温時間は長く持ちませんでした",ja,,
marc-ja_0462401,marc,,4,"お雑煮に最高です

甘めで上品で、お雑煮に使っています。我が家のお正月の必需品です。こちらでは、手に入らないので毎年ネットで購入します。",ja,,
marc-ja_0185968,marc,,5,"空気が乾燥しない

夜寝るときつけている。優しい暖かさでいい感じ。",ja,,
marc-ja_0474653,marc,,3,"パターンが残念

説明は初心者にもわかりやすく基礎を学ぶにはてとても良いです。 小物しか縫ったことがなく服は未経験の私でもそれなりのものが作れました。 だだみなさんのレビューにもありますが、肝心のパターンが変なものがいくつかあります。 ボトムはいいんですが、シャツやワンピースは襟ぐりや丈のバランスが悪いものもあります。 独学で子供服を作ってる素人さん？のパターンなども載っていて少しがっかりしました。 この本で一から服を学ぼうという私のような本当の初心者にはパターン補正なんて簡単にできませんし、本にするならちゃんとしたパターンにして欲しかったです。 だだ縫い方は本当に勉強になりました。 本に載っているやり方で既成の服にあきを作ったりできるようになりましたし、買って損は無かったです。",ja,,
marc-ja_0495577,marc,,1,"音楽が聞ける、程度です。

普通のイヤホンジャックを使って音楽が聞けるようになります、程度に考えた方がいいです。 この変換ケーブル経由では通話も出来なければ、純正イヤホンについているコントローラー（音量上げ下げなどのボタン）も機能しません。 またノイズが結構入るため、音楽を聞いているとイラつきます。 別のものを結局買い直しました。",ja,,
marc-ja_0551410,marc,,5,"なかなかいい

ライブ用に購入。かなり席が後ろの方だったので、見えないといやなので、早速使ってみたところ、軽いしピントは合わせやすいし、お洒落だし、よく見えて、楽しさ倍増でした。時々いく山登りにも使えるので、これはお得な買い物でした",ja,,
marc-ja_0928108,marc,,4,"使いやすい。

荷物を入れやすいのと、入れると重さで安定感が増して歩き易くなります。",ja,,
marc-ja_0176608,marc,,5,"安心しました

どんな物でも、すっと切れてとても気に入っています。まんぞくしています。",ja,,
marc-ja_0128537,marc,,2,"まぁ、そんなもんです！

お値段なりな感じですね。 使ってしばらくしてゴムバンドが取れました。残念。",ja,,
marc-ja_0716854,marc,,1,"iPhone 7plusでほぼ使えない

iPhone7plusで自由にアクセス出来ると期待していたがUSBバックアップ機能のあるアプリからも利用できず当然iOSで普通に使えなくガッカリ",ja,,
marc-ja_0803237,marc,,3,"普通です

助手席シートの下に置いて、ドライブレコーダ２台（フロント、リア）とレーダ探知機の電源用ソケットとして使用しています。 通電ランプがあるのが便利ですね。（座席下で良く見えませんが・・）",ja,,
marc-ja_0466191,marc,,3,"リピート

食いつきが良く体重も増えてきています。 ウンチの匂いもきつくなく助かっています。 15歳なのですがこの商品で元気に暮らしています。",ja,,
marc-ja_0713942,marc,,1,"質の低いただのダンボール紙、最初から汚れている

1000円の商品とは到底思えない作りでした。質の低いダンボールが届くだけ、といった感じでしょうか。 また、初めから汚れているダンボールもあれば、粉が着いていて汚い上に、糊が残っていてベタベタするやつもありました。 非常に後悔しています。何故amazon choiceになっているのかも不明です。 とてもお勧めできません。",ja,,
marc-ja_0118113,marc,,5,"ネイルケアが良い！

足の親指の爪が分厚い部分があります、それにすごく気になって、爪きりで切りにくいです！電動ネイルケアでゆっくり磨いて分厚い爪の部分を綺麗に取り除きました！",ja,,
marc-ja_0193885,marc,,3,"小さかった。

普段LサイズでLを選びましたが、少し小さかったです。",ja,,
marc-ja_0569132,marc,,1,"ゴミを買った

全然使えない、中古品でそもそも期待していないが、粗大ごみを買ったのは思わなかったな",ja,,
marc-ja_0003471,marc,,4,"価格より価値がある

届いて直ぐ使いましたが、純正と変わらず良かったです、 本体は古くなりましたが、当分使えます、良かったです。",ja,,
marc-ja_0952830,marc,,2,"角に傷あり。

開けた時点で、板の角が、めくれていました。 アイリスなのに、残念です。",ja,,
marc-ja_0017930,marc,,1,"商品が欠けており返品手続き対応も不親切

表題の通りです。 欠けた商品が届きました。 電話対応の態度も宜しくありませんでした。 不良品を送りつけて代金を取っている自覚がないのでしょうね。",ja,,
marc-ja_0512733,marc,,3,"購入して良かったですね。

ラブドールに被せるのにと初めてこう言うウィッグを購入しました、手にした感想は他の方のレビューでも書いてますが材質は硬めでウェーブが強めとのレビューでしたが実際にそうでした、此の侭での使用は困難なので洗顔桶に入れてコンディショナーで揉み洗いしてジップロックに３日程漬け置きしてから湯でゆすいでタオルドライして乳液を適度に揉み込み柔らかくしてからラブドールに着用させてからクシで整髪してハサミで形成しようかと思います、此の品物は安価ですが私的には良い買い物をしたと思いました、ありがとうございました。",ja,,
marc-ja_0490965,marc,,1,"安物はダメですね

心拍が記録されない 中国製のアプリを入れないと使えない 歩数計も距離も正確性に欠ける",ja,,
marc-ja_0056361,marc,,1,"対応品不明

いくつか購入して使用してみましたが。 メーカーにもよるのか。 バッチリハマるやつと ガバガバでキッチリはまらない 屋外用コンセントがありました。 コード側も確実で用具を用意して密閉加工しないといけません。 無駄な買い物をしてしまいました。",ja,,
marc-ja_0305926,marc,,5,"女性でも簡単で楽チンです。

軽く、大変使い勝手が良いです。女性にも余計な力を入れなくても簡単に空気を入れることが出来ます。",ja,,
marc-ja_0225962,marc,,1,"鍵が問題

鍵が硬過ぎです。やっとの思いで任意のナンバーに変更しましたが、爪が割れました。爪が長い人やネイルアートをしている人は使い難いと思います。",ja,,
marc-ja_0416062,marc,,5,"2度目の購入です

昨年の3月に買った製品が 壊れた為 2度目の購入です。昨年の3月から24時間動かし続けて12月に壊れました。埃の多い環境でしたので意外に持った方だと思います。",ja,,
marc-ja_0672883,marc,,3,"カレンダーどう合わせるの？

デザイン及び機能は良いのですが、カレンダーの合わせ方がよくわかりませんでした。取説通りやったつもりですが、合いませんでした。又、ベルトはワンタッチ？のものに変えたいですね。",ja,,
marc-ja_0630212,marc,,2,"やわらかいので、スタンド自立しません。

カバーとしては、良いですが、スタンドとしてはダメです。自立しません。",ja,,
marc-ja_0326612,marc,,4,"扱いやすい

なかなか良いです。 さほど重くなく、扱いやすい。 見た目も良いです。 被せのマグネットがつけづらいので、 カバン本体側から、短い布地にて浮かせ、そこにマグネットを取り付けると良いかも。 後、型崩れしやすいです。",ja,,
marc-ja_0947419,marc,,5,"コンパクト！かわいいです！

AirPodsの紛失防止の為、購入しました。 見た目はシンプルでかわいく、超コンパクトサイズで持ち運びに便利です。 金属製で丈夫なので万が一落としてしまっても安心ですし、別でチャック付カバーも付いてるので無くす心配は一切ありませんね。 値段も手頃なのでオススメします！",ja,,
marc-ja_0792553,marc,,4,"使用感想

設定に困りましたが、何とかなりました。 時計はBluetoothにペアリング出来た時に時間が合います。 夜寝るとき、Wi-Fiが弱くなったせいか、Bluetoothが解除され何回設定しても設定出来ず。翌朝、何回か設定し直すと直りました。それからは使用出来ています。 血圧などは目安として楽しむと良いのでは？ 目覚ましは、出掛ける時間など設定して使用しています。携帯探す機能は助かりますよ。",ja,,
marc-ja_0309163,marc,,3,"初心者には少し難しかった。

初めてツーリングマップルを買ってみたが、情報がうまく読み取れず 結果的にアプリのツーリング系ナビに頼ってしまっている。 （最近のナビは、目的地への景観重視ルートやおすすめスポットなどもあるので、、 マップルが情報量として優れているかというのも微妙。。）",ja,,
marc-ja_0247384,marc,,2,"欠品あり。

“ほぼ新品”の商品を購入しました。 たしかに傷もなく、ほぼ未使用に近い物だと感じます。 ただ、接眼当てが欠品しておりました。 ほぼ新品を謳うのであれば、最低条件として付属品は全て揃っているものでは？ まだ実機は使ってないので、今はこれ以上の事は書けませんが、非常に残念です。 追記：実機テストしてみました。 まず、ファインダー内に大きなチリが３つ混入していました。ブロアーで除去出来ましたが、これがセンサーに到達するかもと思うと不安です。センサー内には特に気になるチリやホコリの混入はありません。 新品同様とのことでしたが、初期設定ではなく親指AF、ISO感度の動画ボタン割当など色々とカスタムされており戸惑いました。 見た目は新品、中身はまずまず触っているといった印象を受けました。 これなら”非常に良い”の商品でも良かったんでしょうか… しばらく使ってみることにします…",ja,,
marc-ja_0865180,marc,,3,"写真乗せました

すみません。写真乗せました。シリアルナンバーの確認をお願いします。",ja,,
marc-ja_0222590,marc,,2,"うーん

期待はずれだった。普通の人生で、ただ年が若返るだけじゃん、と思ってしまった。 ただ最後、赤ちゃんの姿で亡くなってしまうのはどうしても泣いてしまう。",ja,,
marc-ja_0603027,marc,,3,"赤みが…

赤が少し暗いです。クロスの色といえばそうなのですが、強調する文字には少しおとなしい。",ja,,
marc-ja_0306114,marc,,2,"評価のわりに

評価が高かったので購入しました。 たしかに大判で良いですが、片手で引っ張り出さないのと、他の方が言うほど湿った感じではありませんでしたので星2つとさせていただきます。",ja,,
marc-ja_0208838,marc,,2,"ミニUSBの接続接続がゆるいのが残念です。

少し動かすだけで、接続が切れてしまうのがとても残念です。 携帯電話は新しいので、商品に不具合があると思います。",ja,,
marc-ja_0412483,marc,,2,"控え目に言って糞

まず良い点から ちゃんとノイズは防止される 悪い点 剛性が無い この商品を取り付けられるところが少ない取付部分が小さい。 まあ、ちゃんと機能としてはよいので☆2にしました。 ゲームなどするときは少し邪魔です",ja,,
marc-ja_0878879,marc,,4,"案内シートに活用しています。便利です

初めてラミネーターを購入しました。 使いやすいです。 5回に1回ぐらいはうまくいきませんが、機械の問題か私の使い方の問題かわかりません。",ja,,
marc-ja_0978286,marc,,4,"手軽

操作が簡単。 災害準備のつもりが日常的に使用してます。 ただし、カセットガス代はかかります。",ja,,
marc-ja_0529879,marc,,5,"すごく良い

店頭販売がないので助かっています。スマホは昔のモデルですが最新機種NOTE より気に入っているので大切にしています。この保護フィルムを張り替える度にまるで新品を買ったみたいな、磨きたてのガラス窓みたいなピカピカの表面になってくれるので、故障しない限り定期的に張り替えて大事にしていきたいと思います。",ja,,
marc-ja_0315774,marc,,4,"3つの魅力

個人的には、以下の3つに惹かれ購入しました。 １．リモート制御 ２．直接制御 ３．自動消灯 ※１、２は相反することなんですが両方で操作できるのはとても便利です。３の機能も消し忘れがなくなり至れり尽くせりです。",ja,,
marc-ja_0164266,marc,,3,"いつか必要になればいいかな

必要かと思って買いましたが、結局いらないから、使ってない。",ja,,
marc-ja_0799118,marc,,3,"雑

雑な梱包で説明書も無しに商品だけ送りつけられてびっくりした。適当に取り付けて印刷は出来たから良かったけど。 しかし、2回ほど通常クリーニングをしたら黒インクがほぼ無くなった。クリーニングでインクを消費するのは分かるが、ナンボ何でも減りすぎ。元のインク量が少ないのかしらん。",ja,,
marc-ja_0092533,marc,,1,"充電ケーブルがささらない

充電ケーブルの端子がリモコンに少ししかささらず、試しに電源に繋いでみましたが充電中の赤いランプも点灯しませんでした。 返品しました。一度しか音楽が聴けず残念です。",ja,,
marc-ja_0189976,marc,,4,"デジカメも無線が必須ですね

手軽に無線化出来て良かった。iPhoneの方が画質や性能が良いが、携帯持込み不可の時に役立つ。後で手軽にiPhoneに転送出来るので、使い勝手がいいです。",ja,,
marc-ja_0348186,marc,,5,"安いです。

安いから質が落ちるのかと思っていましたが、そのようなことはありませんでした。 我が家では、主人と二人で毎日数粒食べています。たっぷり1㎏はお得です。 味もナチュラルで美味しいです。",ja,,
marc-ja_0569550,marc,,2,"普通に使っている

通常購入しているものが切れて急ぎ欲しかったのでこちらで購入",ja,,
marc-ja_0782394,marc,,5,"すごくいいです！

予想を上回る切れ味、持ちやすい、スタイリッシュ、価格以上、すごくいいです！",ja,,
marc-ja_0202086,marc,,2,"私には効果は…

中国製。 抜け毛が気になったので購入。使用感は洗い流す時に髪がキシキシする。香りは個人的には父親の髪のトニックの臭い。女性なので風がある日はフワっと男性的な香りに抵抗がありました。使い切りましたが私には効果ありませんでした。 ただ、乾燥肌＋敏感肌＋シャンプーで合わない事も多いのですがトラブルはなかったです。すすぎも早くサッパリ感が強め。髪の乾きも早かったです。あと梱包も液漏れもなく綺麗な商品でした。男性で脂ぽい頭皮向けだと思いました。",ja,,
marc-ja_0237307,marc,,2,"やすい！

いっぱい入りそうでそうでもない。 咄嗟の時に小さい物は落ちます。 ベルトも付いてるだけ",ja,,
marc-ja_0127740,marc,,1,"汚いパンダ目を作りたいなら

レビューが良かったので購入しましたが、落ちる、よれる、と最悪の商品でした。 カチッと押すと、ドバッと液体が出るので、均一な液体の量にならず、きれいな線が引けません。しかも、結構すぐに落ちてきてパンダ目になります。せっかく購入したので数日付けてみましたが、周りに、「今日疲れているの？」と訊かれるようになり、自分で鏡を見ても下瞼が黒くなっていて疲れて見えるので、使用を中止せざるを得ませんでした。",ja,,
marc-ja_0866047,marc,,5,"安定して動いています。

極小のMicroATX機に使用しています。 この機械は、シンクライアントとして動作させています。 特段の問題はありません。",ja,,
marc-ja_0565551,marc,,1,"中古といえども

あまりに汚くてびっくりしました。メダルを入れる部分がごみだらけでした。",ja,,
marc-ja_0315038,marc,,5,"安くて、明るい。

H26年式 日産ノート E12（e-powerが出る前のモデル）に装着。ノートのヘッドランプ交換は初めてでしたが、確認しながらでも30分位で完了。ランプのソケットも防水カバーも引っ張るだけで外れたし、本当にポン付けで、何の調整も細工も必要ありませんでした。カットラインも純正と同じに見え、問題ない様ですし、明るいし、大満足です。",ja,,
marc-ja_0039566,marc,,4,"包装が貧弱

商品そのものは美品で納得いくものでしたが、光学製品の包装としては貧弱で雑な感じがしました。",ja,,
marc-ja_0942071,marc,,5,"生き方死に方は自分で決めれる！

今まで感じてなかった いや 感じないようにしてたかもしれない 死と言うものについて 考えさせられる一冊でした。 言葉では うまく言えないですが 僕には大きな影響をあたえてくれた 本です。",ja,,
marc-ja_0729805,marc,,1,"ランニング中の心拍数表示ができない アラームが数回しか振動しない バンドが非常に止め

ランニング時の心拍数モニタに使えるかな？と思って購入しました。結論としてはその用途には向きません。ランニング中に心拍数測定してもきちんと測定されません。(常に０と表示される) 専用アプリWearfitにて心拍数の連続測定ができるのですが、アプリで連続測定をしていると時計本体には表示されない仕様のようです。上述の通りランニング中に時計本体で心拍数を測ろうとしても時計本体には０としか表示されません。体を動かさない状態でのみしか心拍数が測定できない？しかしランニング中にアプリには80～150ぐらいの数値が表示されることはされます。ですがランニング中にずっとスマホを見ているのはしんどいので実用的ではありません。 自動計測機能が1時間間隔でしか測れません。しかも非常にしばしば計測に失敗します。 アラーム機能が付いていますが数回振動してすぐ止まるので、これで起きれる人はまずいないのではないでしょうか。しかもアラーム設定がアプリからしかできないのでちょっと不便です。 バンドが非常に止めにくいです。こういう商品は買う前にどのような留め具を使っているかを凝視しないといけないということがよくわかりました。このタイプは非常に止めにくいです。日常的に付け外ししようという気がちょっと起きなくなるレベルです。 この類の中華ブレスレット全般に言えることですが、専用アプリを入れなければ使い物にならないということはよくわからないアプリをインストールしなければならないというリスクを伴います。権限を許可しないとアプリが機能しないので許可せざるを得ません。関係があるか分かりませんが自分のGoogleアカウントに不正アクセスがあり、なんとなーく嫌な気分になりました。この製品に限りませんが、中華ブレスレットを使う上でのリスクとして注意した方がいいのかも知れません。 唯一酸素濃度測定は、「あぁそうなんだ」と気づけて少し面白いです。正確であるかは別として、ですが。 みなさん気づかれているかと思いますが高評価のレビューはamazonで購入されていませんね。自作自演にまんまと騙されました。返金してほしいぐらいですがひとまず勉強代と思って、時計は子供のおもちゃにでもしようと思います。",ja,,
marc-ja_0841363,marc,,2,"かわいい

とても可愛くて、気に入りました。 ただ、包装があまりにも雑だったのにびっくり。よく無事に届いたなと。 それだけが残念。",ja,,
marc-ja_0214759,marc,,5,"用途の幅が広い！！

女友達の部屋で偶然みつけた、これ。 アダルトグッズであることを教えてもらわなければ、 見た目そういうモノとは思えないアイテムです。",ja,,
marc-ja_0231214,marc,,1,"微妙。

いまいち。あんま綺麗に貼れない。 サイズに合わせて切らないといけない。",ja,,
marc-ja_0049551,marc,,3,"MサイズとLサイズの中間の方はサイズに気を付けましょう

Mサイズ 34～38センチ、 Lサイズ 38～43センチになっております。私は基準となる「膝の蓋の周囲」が39センチなので、Lサイズを購入しましたが、少しゆるいような感じがします。使用される方の好みと思いますが、38～40センチの方で、しっかりとした締め付けが欲しい方は、Mサイズを購入された方が宜しいと思います。試着が出来ないので、購入するサイズには気を付けてください。サイズがMでしたら、☆4つでした。",ja,,
marc-ja_0668999,marc,,1,"オススメはしません。

海外からの発送で嫌な予感はしていましたが案の定不具合がありました。 発送の過程でケースがベコベコになっていたのは目をつぶりますが、開封してファスナー部分を掴んだ瞬間ポロリ。これはダメですね、問答無用で☆1です。 安くても製品として出している以上は機能しないとお話になりません。100均とかで売ってるイヤホンケースの方が実際よっぽどしっかりしてました",ja,,
marc-ja_0538630,marc,,2,"残念な質感

プラスチックではなく、スチール製でレギュラーZIPPOに近づけてくれれば価格が倍になったとしても評価は五つ星でした。 特に風防あたりが残念。",ja,,
marc-ja_0358448,marc,,5,"暖かい

ちょっとコンパクトですがとても暖かくて助かっています。 取り付けは知り合いのプロにやってもらったのでわかりませんが、かなり短時間で終わっていたので簡単なのだと思います。",ja,,
marc-ja_0826609,marc,,2,"QC3.0?

本当にQC3.0なのでしょうか？高速ケーブルで接続してもいまいち充電速度が速くないです。 コスパは良い方ではないと思います。",ja,,
marc-ja_0009605,marc,,4,"あると便利です。

台に置いて使ってます。夜中に暗い廊下に立っても感知して点いてくれるくれるので助かってます。もうこれ無しでは不安になってしまうくらいです。使い始めて２ヶ月経ちますがまだ電池交換してません。 日中とか明るい時に点かないのは仕様だと思われます。それで良いです。 強いてマイナス点を挙げるとすれば使う乾電池が3個と言う奇数になってるところです。乾電池は2個とか4個とかの偶数で販売されてることが割り切れる数量だとなお良かったです。",ja,,
marc-ja_0023441,marc,,4,"あげても良し

山好きならもらうと嬉しいらしいです。凄く喜ばれました。",ja,,
marc-ja_0795328,marc,,3,"通信速度

ホーチミン市内はほぼ3Gでしか繋がらなかった。後は特に問題は無かった。",ja,,
marc-ja_0415265,marc,,4,"白のポイントが入ってるものがなかなか無い

なかなか良いものに出会えなかったので 白がポイントがとても気に入ってます",ja,,
marc-ja_0017575,marc,,2,"上蓋があかない

上蓋を開けて中のアルミをはがして使用するのですが、上蓋が開かずすぐには使用できませんでした。 何度も色々トライしてやっと開いてくれたという感じです。 匂いは強力です。 クローゼットに入れていたのですが、一日目は部屋の中までニオイが充満します。 一日たって鼻が慣れたらニオイは気にならなくなります。 蓋が開きにくいのは何とかしてほしいので星減らしました。",ja,,
marc-ja_0120474,marc,,3,"本体が熱を持つ❗

かなり明るいが充電持ちが良くない。ポケットに入れているとたまにスイッチがONなり本体が熱をもちます。",ja,,
marc-ja_0186164,marc,,4,"使えます

近隣の野良猫が、玄関前にオシッコや糞をするのを防ぐ目的で購入しました。動作させてから、被害は８０％減少しました。想像したより良い製品ですい。日当たりの悪い場所でソーラー充電は期待できず、USB充電ですが結構長持ちします。",ja,,
marc-ja_0757565,marc,,4,"長時間連続録音時間が長い。

性能的には普通ですが単4一本で53時間連続できるのが一番の長所。 ただ、録音音量が少し低めなので☆4つです。",ja,,
marc-ja_0821964,marc,,5,"スリムで素敵

座り心地がとてもいいです。以前この商品を買ってとても良かったので今回追加で買いました。",ja,,
marc-ja_0701175,marc,,4,"元気してます

購入して1カ月半ですが、中途半端にホームセンターで購入するより皆んな元気に泳いでます。 更に、すでにメス2匹のお腹が大きく。",ja,,
marc-ja_0642206,marc,,1,"使えなかった。

タブレットではダウンロード画面が表示されずインストールできなかった。",ja,,
marc-ja_0513769,marc,,1,"不良品要注意

装着後何気なく後ろのフリップを使おうとしたら速攻取れました。最悪です。これだから中国製は。お金をドブに捨てました。良いレヴューに惑わされないように。不良品ですので買わない事を勧めます。",ja,,
marc-ja_0520338,marc,,3,"同上

もう少しゴムが硬いと杖を使った時の安定感が増すと思います。",ja,,
marc-ja_0750781,marc,,4,"安いので良かったです。

配送も早く、安くてよかったです。 シールのロールのセッティングの説明が英語、図解しかないので手間取りましたが、なんとかできました。",ja,,
marc-ja_0050314,marc,,1,"すぐ取れる

すぐ取れた。 取れただけならいいがのりが床について取れなくなった。",ja,,
marc-ja_0999591,marc,,3,"夢なのか現実なのか？

夢と現実が交錯して、訳がわからないまま終わってしまった。 最後主人公が子供のも元へ帰れたのは良かった。",ja,,
marc-ja_0800927,marc,,1,"粗悪品でした

純正に比べて電池の持ちは約15％ほど。動画にして10分ほどでなくなります",ja,,
marc-ja_0419013,marc,,3,"まぁそこそこいい

カラーもかっこよく、使い勝手もいいのですが、粘着が弱くいのでこの評価です。",ja,,
marc-ja_0256549,marc,,5,"つまり解消

洗面台の配水管がつまり購入しました。 一回目は、洗面台のオーバーフロー防止穴から汚物が出てくるだけで、つまり解消にはいたらず。 二回目は、オーバーフロー防止穴をふさいだら、無事につまり解消しました。 購入して良かったです。",ja,,
marc-ja_0455317,marc,,2,"色が写真とちがう

写真よりかなり薄い色。かなりピンクに近いです。",ja,,
marc-ja_0026936,marc,,1,"とくになし

顔近づければふんわり 匂いするかなって程度。 3つ置いても部屋中には 全く匂いは広がりません。",ja,,
marc-ja_0988445,marc,,3,"持ち手が折れた

持ち手の部分が中で折れてしまいました。使って半年も経っていません。中がどんな素材なのかわかりませんが、途中で折れているため持ち手がそこで折れます。そのうちここから破れそう。 手帳、長財布、ポーチと入れるとパンパンになるサイズです。あとひとまわり大きかったらよかったな。かわいいので持ち手さえクリアしたら…",ja,,
marc-ja_0672497,marc,,4,"薄さ

物は、最新的と見ました！充電も今話題の80%で止まりました。チョイ凄い。 ただ、薄いのはgoodですが長さが長いので大きく感じる！大きいのがイマイチです 厚さ2ミリ増やして長さ５cm減らせば扱いが優れると思います。容量的には薄さでおススメですが、大きです。",ja,,
marc-ja_0934684,marc,,5,"素晴らしい

思ったより小さいものです。USB3.0ポートも全部使えています。素晴らしい買い物できました。",ja,,
marc-ja_0404879,marc,,1,"つまらない

レシピの材料が多過ぎて、揃えるのが大変。 メニューも、目新しいものがなく、作る張り合いがない。",ja,,
marc-ja_0590538,marc,,3,"残念。

普通に安くてカッコイイけど少し写真と違う。",ja,,
marc-ja_0470083,marc,,5,"とても気に入りました！

この値段で、こんなにダイナミック音がするのって感じです！ 重低音が効いてていい感じでした！",ja,,
marc-ja_0439236,marc,,2,"持つ部分がベトベトしている、、

物としてはわるくないです。 ただ、青色の持ち手の部分が テープを剥がした跡のように ベトベトしていました、、、",ja,,
marc-ja_0545365,marc,,5,"まこっちゃん

鮎川誠が出てきてびっくり。 その演技では、なんか涙でてきた。",ja,,
marc-ja_0530990,marc,,4,"可愛いデザイン

数年前に購入したのがダメになったので、新しく購入。組み立てやすく、場所もあまりとらないのでいいです。猫も満足です。",ja,,
marc-ja_0394717,marc,,2,"美容室にある、髪切るときにかけてもらうやつ

サイズが小さいと言うか、丈が短い。そして、薄い。そして、雨がふせげない。",ja,,
marc-ja_0992384,marc,,4,"本当に4300k？(青白い)

(写真は最初の2枚が運転席側だけ本製品) 今まではオスラムの4200kを使用して来ましたが、寿命で消灯するのが頻繁になったので、こちらを購入。 悪い点 本当に4300kか疑ってしまうくらい青白い。 昼間の太陽よりかは青みが強いみたいで、他社の4300kは使ったことがないのですが100ケルビンでここまで差がでるのか不思議です。 夜の姿も青白く見えてしまい、自転車のライトみたい…。 バーナーには確かに4300kの刻印は有りますが、色別のサンプルからいくと8000kと同じ(笑) 良い点 ・光軸がバッチリ決まる ・明るい！見易いですし、まあまあ良い感じです。",ja,,
marc-ja_0991941,marc,,3,"残念です

柄も可愛くとても気に入ったのですが、カード入れが小さ過ぎて上下2枚入りのカード入れが上の段しか入らず下の段がきつくて入りませんでした。 小銭を入れるところも小さく入れず感じでした。 なので、とても残念でしたが返品させていただきました。",ja,,
marc-zh_0115897,marc,,2,"很失望

第一次买这么大的包装，到货后是一个妈宝的大箱子，里面有四个简易包装，小内裤的款式换了，没有以前的厚，没用的时候还觉得新款薄，挺好，可是用上了就知道了，吸尿量跟以前真的没法比，经常性的漏尿。话说以前从来没发生过这种情况，不知道是大包装的就这样还是新款式吸水量变差了。一直是妈宝跟其他牌子换着用，觉得性价比不错，可是这次的真的很失望。",zh,,
marc-zh_0867488,marc,,2,"错误百出的一本书

不知道是不是盗版 是正版更可怕 错误百出的一本书",zh,,
marc-zh_0756538,marc,,4,"168，体重122，大小正合适，料子挺舒服

168，体重122，大小正合适，料子挺舒服",zh,,
marc-zh_0888940,marc,,5,"不错

很暖和，稍微有点粘毛，但是办公室使用足够啦。",zh,,
marc-zh_0940907,marc,,3,"包装破损

第一次订购无误，第二次订购我放在家里没注意看，结果第一次订购的吃完了倒猫粮的时候看到侧面漏了个洞，拿透明胶粘起来的，包装也没有外包装，就那么赤裸裸躺在寄放点，想到都心塞。所以选择退订。",zh,,
marc-zh_0047905,marc,,1,"差评

没有外包装？是瓶子回收后重新装的东西吗？",zh,,
marc-zh_0135518,marc,,5,"信号很稳定，质量不错

上一个网件路由器用了7-8年，信号稳定，速度较快，穿墙能力强，我在楼道里也可以收到信号。",zh,,
marc-zh_0175597,marc,,4,"还不错

宽松款式，穿起来很休闲，号码偏大，袖口领口及腰部纱布设计很有特色，但是略刺人。松紧太紧，撸袖子撸不起来，会卡的胳膊疼，所以天气热的时候不建议穿。",zh,,
marc-zh_0256810,marc,,5,"算是一款物美价廉的东西

分格很细，各方面的线也结实，材质不错 按这个价格有这个品质，我还是很满意的",zh,,
marc-zh_0554552,marc,,2,"德芙浓醇黑巧克力

我在2月9日用100元购得7件，在3月6日用110元却只购得5件，单价每件22元，价格贵得离谱！比超市还贵得多！请问是否价格有错？",zh,,
marc-zh_0433281,marc,,1,"质量差，特别是轮子

实事求是讲，这个价格，买这个车子太亏了！买了之后才用了一个多月，轮子的设计真是让人无语，推着控制起来特别费劲！而且车子太沉了！折叠也不方面！总之，这个价格买这种车子太不值了",zh,,
marc-zh_0336984,marc,,3,"内容非常喜欢，印刷过于粗劣。

我对这本大师所作，怀着崇敬的心思拜读。读的过程中更加敬佩大师的学问。但是此书印制低劣，不能及普通杂志的纸张，深为如此巨著竟然容身这样纸张不满。",zh,,
marc-zh_0910983,marc,,3,"难用

非常难用的东西，给三星可以了(⊙o⊙)哦。",zh,,
marc-zh_0817803,marc,,1,"垃圾

东西很垃圾，拿到包裹时候，内包装被拆了，唉，，，，，用户-1",zh,,
marc-zh_0123490,marc,,5,"感觉这个商品还可以，应该不错，再试一试看看

感觉可以感觉这个商品还可以，应该不错，再试一试看看",zh,,
marc-zh_0354320,marc,,3,"总体印象比较好，还在试听

因为是送儿子的，所以大致听了下，没有完全拆开。但初试感觉音质还不错，做工、颜色都比较满意！今天看看儿子听后效果如何，他的耳朵比较挑剔。 不过几次购物后，对亚马逊的货品质量有了感受，比较放心，特别是货到付款很带劲！会继续在亚马逊购买！",zh,,
marc-zh_0788451,marc,,1,"不知是否正品

因为是315的时候买的，考虑卖了一年的假货总不能315还卖假货吧，但实际收到的货物和家里正在使用的一瓶相比有很重的机油味，包装印刷上字体更粗颜色更重，反正是不敢给宝宝用了，自己用用好了",zh,,
marc-zh_0019735,marc,,4,"还行

UK6的是它最小码，我穿偏大。平时38或39，登山鞋穿40的。有点滑。",zh,,
marc-zh_0634157,marc,,2,"亚马逊部分区域的物流实在太差劲了

没有外包装，来了一台跟垃圾一样成色的包装，机器外壳磨花，这还怎么送人！",zh,,
marc-zh_0754194,marc,,1,"喜欢的身体乳

味道出乎意料的好闻，擦完也很滋润，是我喜欢的类型！",zh,,
marc-zh_0766353,marc,,3,"很一般

此书很一般，如果说算历史散文吧，篇章的论述又不连贯，像是作者平时文章的杂凑。",zh,,
marc-zh_0005316,marc,,1,"差

就是将各地博物馆的简介堆成了一本书。作者是在应付职称的事吧！",zh,,
marc-zh_0777786,marc,,1,"物流很慢

从北京到廊坊居然要5天时间，最后还要我开车自提，以后再也不买亚马逊的东西了，不为别的，为了给大家一个蓝天",zh,,
marc-zh_0374307,marc,,5,"物流快商品好有赠品

宝贝很好，用了之后皮肤很水嫩。室友们都爱用，赠品也很棒，真心觉得很好用 他家小颗粒是天然的 很好 还送了这些模型和小碗 很贴心 谢谢店主",zh,,
marc-zh_0013544,marc,,1,"亚马逊自营其他物流送货

第一次给亚马逊自营差评，一直认可亚马逊的质量和服务。可是现在国内亚马逊是不是玩不过京东苏宁这些B2B，也开始找外面物流送货，快递不上门系统就显示投递成功",zh,,
marc-zh_0356302,marc,,5,"活动价购买

因为做过早期教育行业，喜欢绘本，遇到活动价1元内购买，亚马逊凡是遇到活动都很优惠，手机下载了Kindle，这种彩页的适合在手机上看，黑白的Kindle上不适合。",zh,,
marc-zh_0509692,marc,,3,"很多项目操作不具体

没有开发经验，想通过自学，了解整个开发过程的，会有点失望",zh,,
marc-zh_0182878,marc,,2,"不推荐

盖着很不舒服，时间长了会起球，十分不建议购买。",zh,,
marc-zh_0310547,marc,,4,"喜欢。

收到的不算快，但包包是真心喜欢，很想自己也能画出喜欢的图案。",zh,,
marc-zh_0971056,marc,,5,"感觉不错，厚些会不会更舒服？

买之前担心5cm薄，收到试了下，我50kg,这个垫子躺下既有软度，也有支撑，压不到床板。坐起来能感受到床板的硬度，感觉更有支撑力。符合我想要的。躺垫子上胶的一面，有点淡淡的味道，躺正面，闻不到啥味。中国产的，有预料，没啥失望。这个价美亚的要厚些，不过要交关税吧。",zh,,
marc-zh_0612239,marc,,4,"还ok

产品不错，质量很好，但是只有前面屏幕的膜没有后面的贴膜，以前买手机膜都是前后一起的。",zh,,
marc-zh_0955855,marc,,3,"不错的书

内容不错，书的纸张太差了，希望我的只是特例！",zh,,
marc-zh_0868726,marc,,2,"一般

质量不是很好，花纹也和网上看到的不一样，才穿了两次就烂了一双",zh,,
marc-zh_0873070,marc,,3,"十分价钱三分货

铅笔一支，做工精细。但是价格实在是高了些。",zh,,
marc-zh_0919944,marc,,2,"ping价

拆邮包时看见计算器装在后面一盖子里，键盘上压着白色海棉类长方形泡沫，显然不是出厂时的包装。许诺赠送的签字笔里面没有。看了好久使用说明书，因是英文看不懂，英文代表的汉语意思也没附注。不知怎么用，很是着急。",zh,,
marc-zh_0196718,marc,,3,"水平不高

可读性不太高，内容比较简单，从另一本读物中知道林彪集团也参与了对刘少奇的打击迫害，这本书却只字未提。",zh,,
marc-zh_0081342,marc,,2,"要出电视剧版了才来看

一切都是淡淡的，读起来很幽默轻松。作者想极力摆脱俗套，不断强调自己与韩剧有多么的不同，又想不出有更好的桥段。据说拍成电视剧，但剧情是男主失忆，好吧，我期待一下。",zh,,
marc-zh_0237250,marc,,2,"不值得买

读了几页完全读不下去，矫情做作的文字，放在网上读读也罢了，哪里值得买来收藏",zh,,
marc-zh_0577132,marc,,2,"。。。

以为是新的那种，，但是书面还是有很多痕迹，不知道怎么弄的",zh,,
marc-zh_0203445,marc,,4,"第一次用礼品卡

购买后第二天送到，快递还是很快，以后会多多支持亚马逊，希望能多买书看书",zh,,
marc-zh_0308486,marc,,4,"215款简单好玩的剪纸

很不错的图案和花样，带着宝宝做手工非常实用。",zh,,
marc-zh_0433682,marc,,5,"质量好价格美

服务不错，东西也很好，友情提示安装时最好在现场",zh,,
marc-zh_0791032,marc,,4,"机械表

1、款式不错 2、颜色如果是白色可能更好 3、表带可能太宽，不好下带",zh,,
marc-zh_0847757,marc,,3,"一般吧！

用着还对付，清洗很方便，榨汁后剩的渣子不是很干，果汁过滤的比较粗，还有很多水果沫子！和韩国的榨汁机比还是有一定的差距！",zh,,
marc-zh_0197556,marc,,3,"kindle版本有重复的章节出现多次啊

kindle版本有重复的章节出现多次啊 有几段重复出现几次， 就好像Word复制粘贴到了错误的地方，但是没及时调整就忘了继续往下写的意思了 搞得我以为出现幻觉了 真是尴尬",zh,,
marc-zh_0918845,marc,,1,"信价比不高

音质太一般了，立体声不明显，低音效果不好，总的来说声音不厚实，只能说太一般了。",zh,,
marc-zh_0283900,marc,,4,"悬疑大于推理

本书的推理性不强，更倾向于悬疑小说。一口气读完还是有些爽快的，虽然最终也没完全解释清楚结局吧，吊胃口能力还是挺不错的。。",zh,,
marc-zh_0543800,marc,,5,"还有试过

产品都不错，没气味是关键，国产的包括很多进口的气味重",zh,,
marc-zh_0198294,marc,,2,"只有感受，没有对策

有些关于孤独的感受是大家都有的，但这不是意义，意义应该是给出心理调整或对策。就这副漫画加几句文字，个人觉得非常不值这个价钱",zh,,
marc-zh_0070900,marc,,5,"三星无线充电器完美！

今天无线充电器中午到达！下午在办公室用无线充电器充三星S6曲面手机！匹配完美！一切OK！喜欢货到付款方便！快递员负责！店家给力！亚马逊给力！",zh,,
marc-zh_0759832,marc,,2,"在亚马逊极差的一次购书体验

物流太差 无锡仓库发货到苏州 5天后抵达 而此书标榜下午抵达或者次日抵达 书本边角磨损 像旧书一般 全是划痕 包装接近于无 塑料袋一包 贴个地址标签就发货了 导致收到书后看着就像一本旧书 比其他网店价格还贵 服务却跟不上",zh,,
marc-zh_0751390,marc,,2,"库存老产品

为什么发一些生产日期那么早的产品 13年9月生产 现在都15年了啊 虽然保质期长点 但也是好长时间的产品了",zh,,
marc-zh_0659223,marc,,1,"假货

包装粗糙不堪！假货，查了一下资料，决定不再购买贵族此款产品",zh,,
marc-zh_0967678,marc,,5,"电钢中的首选

手感非常好，做工精良，音质纯正，而且琴键的触感也和真正的钢琴没有区别，适合小朋友初期的练琴。非常满意。",zh,,
marc-zh_0107138,marc,,1,"一般

！！！！！！！！！！！！！！！！！！！！！！！",zh,,
marc-zh_0196797,marc,,5,"非常喜欢，非常好~

柯南是我的必买目录 每期必买~~~好多年的习惯了都~~~这次也是非常喜欢，不管是纸质还是内容，~好是喜欢，中途出了一点小问题，但是不影响总体的购买感受~~~快递特给力~~ 十分好评~",zh,,
marc-zh_0709651,marc,,4,"质量一般

数量多，但是一般用不了那么多，而且骨牌都比较小而轻，做工一般，不大好摆。",zh,,
marc-zh_0767555,marc,,5,"“悄悄话”大声说

这本书大多是局座对年轻人的一些寄语，和自己的一些人生感悟，很值得仔细看的一本书。 借用本书编辑的话来评价一下：“幽默、真诚、有诗意”。",zh,,
marc-zh_0100142,marc,,1,"光盘内容不能复制

光盘内容不能复制，只能将光盘插进电脑听，很不方便",zh,,
marc-zh_0296698,marc,,2,"没有坚果应有的香味

每次去美国都会买些这个品牌的坚果，这次在亚马逊买的看似同样牌子的，但口味相差甚远。",zh,,
marc-zh_0695864,marc,,5,"经典

最近在读，但是写的太细，读着很慢，一小时只能看几页。不过的确是经典啊。",zh,,
marc-zh_0486643,marc,,1,"垃圾

167的无线路由器比一个44的效果还差本来买了个44的路由器效果太差这次想换个好点的感觉167的因该不会太差呵呵比我那个44的还要垃圾算了这钱留着给你买药吧亚马逊现在直接拉入黑名单了以后不会来这网站了",zh,,
marc-zh_0891854,marc,,3,"货太少，一下就没货了

开始有些偏小，小孩脚背有点蹭红，但不严重，穿了几天鞋子就合脚了，穿的很舒服，就是货太少，本来下单的玫红色后来通知说没货了，只好下了蓝绿色，女孩穿一般般吧。",zh,,
marc-zh_0056390,marc,,1,"价格

我也是醉了，货物还没寄到手呢，价格就降了30%，不是优惠，就是普通的价格",zh,,
marc-zh_0188091,marc,,2,"粗糙，粗糙，粗糙

开始收到就觉得比较粗糙，后来一看别人的评论，才知道可能是代工产品，确实不咋样，不过在山姆超市看到同样是史丹利的工具套件，却是非常精致，网上的难道都这样？",zh,,
marc-zh_0864758,marc,,5,"价格实惠

不错，比我在实体店买的便宜了一半，物流也特别快。",zh,,
marc-zh_0326728,marc,,2,"快递坑爹

快递好坑爹啊，我让家里人收的，看看人家不懂就多收5块钱，鄙视",zh,,
marc-zh_0689027,marc,,4,"活动买的，送人用。

活动买的，送人用。品牌不错，口感应该可以。",zh,,
marc-zh_0501033,marc,,4,"以前从不去评价，不知道浪费了多少积分，现在知道积分可以换钱，就要好好评价了，后来我就

以前从不去评价，不知道浪费了多少积分，现在知道积分可以换钱，就要好好评价了，后来我就把这段话复制走了，既能赚积分，还省事，走到哪复制到哪，最重要的是，不用认真的评论了，不用想还差多少字，直接发出就可以了，推荐给大家！！",zh,,
marc-zh_0031671,marc,,3,"物流太差

足足30天才到货，邮政打电话说箱子是完全敞开的，让我去邮局看看能不能收货。既然不能退，貌似不少什么东西，只好勉强收了，唉，欺负人啊！",zh,,
marc-zh_0131725,marc,,4,"正品

我觉得是正品 价位也ok 配送包装也很好",zh,,
marc-zh_0135833,marc,,2,"一般

低音很好，但高音一点也上不去，连摇滚有的时候也会有刺耳的声音",zh,,
marc-zh_0346401,marc,,3,"还好的一部小说，蔡骏的作品还是挺看好的。

情节不错，整篇小说埋下了不少让吸引人的伏笔，最后真相大白，各种线索都完美的归一一点。 还算是很好的一部悬疑小说，不过最大的败笔就是整篇小说的人物关系太过巧合的融合在一起，却没有一个刻意的动机去把他们关联起来，一切都是巧合。一般成功的完美作品，虽然一切也都是离奇的戏剧化，但是最终还是因为每个人的动机促使一切巧合的发生的，但是这里完全都是所有人巧合的相遇，巧合的发生，这样就让人觉得太过于编造，算是败笔吧。 不过这依然算是一部能让人怀着期待看完的小说，还是不错的。",zh,,
marc-zh_0359535,marc,,4,"潜伏的喵星人

作为一个正在学习计算机网络的计算机专业本科生感觉此书还不错。语言生动灵活。不足也有吧。感觉篇幅有些短，意犹未尽啊。可能知乎一小时本来就是快节奏吧。哈哈，期待作者更多的创作。",zh,,
marc-zh_0422914,marc,,4,"？？

不知道是不是正版，同学18块多买的！！！！！",zh,,
marc-zh_0802148,marc,,5,"女朋友说 [好]

女朋友说 [好] 我只是个买单的..",zh,,
marc-zh_0463290,marc,,4,"尚可

172,72kg衣服合身。就是太薄，只能春夏穿。",zh,,
marc-zh_0875622,marc,,1,"服务态度差

订单下了一个月了，早就显示发货就是收不到货，卖家服务态度很差",zh,,
marc-zh_0358774,marc,,1,"非常非常非常旧的书，以后再也不来亚马逊。

书太旧了 。又脏又旧，但是因为是要捐赠的，来不及再重新买了。但是以后绝不来亚马逊了、",zh,,
marc-zh_0550713,marc,,3,"书是好书

书的内容不错，只不过《平凡的世界》第二册中间少了约十页，非常郁闷，是印刷厂的问题。",zh,,
marc-zh_0102689,marc,,4,"宝宝不喜欢。又不开发票。想退货，发现过了有效期。

宝宝不喜欢。又不开发票。想退货，发现过了有效期。",zh,,
marc-zh_0225528,marc,,1,"书薄，内容不是很详细

很薄的一本书，有5章每一章讲得都不详细，基本上是文字多，图片不多，实物图片就更少，工艺上如何实现的靠脑补。",zh,,
marc-zh_0865349,marc,,3,"一般

首先 物流不行 说的明天到却转到了后天 手表表盘很厚 皮带不行 应该用不了很久",zh,,
marc-zh_0688893,marc,,1,"根本没有收到产品

显示包裹投递成功但是根本没有收到…给我寄哪儿去了？我要投诉……",zh,,
marc-zh_0856285,marc,,3,"很可爱

实物和图片一样可爱，自动休眠和开启也很给力，就是盖子有点松，磁石不是很给力，有点担心放在包里盖子会划开。",zh,,
marc-zh_0294614,marc,,5,"我看了第一篇章就已经学会了神功

真的，虽然只看了第一章的一小部分内容，帮助我现在轻松合理地投资，帮助我赚了很多钱。反正我现在买股票的心态是：希望它跌。非常感谢！",zh,,
marc-zh_0709817,marc,,2,"希望推荐足本

书很好，印刷装潢都非常好，美中不足此书不是足本，删节太多，收藏价值大打折扣。希望推荐更好的无删节足本。",zh,,
marc-zh_0988016,marc,,1,"无语

为什么不让差评，就是快过期了，降价也没有补差价，联系客服说给返优惠券，也只是说说，亚马逊的购物体验就是不好，为什么不让说",zh,,
marc-zh_0509903,marc,,3,"Just So So.

有些恶俗啊。。。。。丁丁张在《时尚》发表过的文章不错才来买他的书的，微微失望。",zh,,
marc-zh_0450745,marc,,4,"可以

挺不错的，腰围95穿38大了点，裤长很合适，就是太容易吸毛",zh,,
marc-zh_0704468,marc,,5,"体积蛮大的，确实静音

体积蛮大的，确实静音，试用了发面团功能，整形和烘焙还是自己弄的，效果不错，不用再费力揉面了，轻松好多。以后试试其他功能。总体上感觉挺好。",zh,,
marc-zh_0296995,marc,,1,"假冒商品

没有三月，已经坏了。还没有国产的好。以后再也不买耐克和阿迪。",zh,,
marc-zh_0138190,marc,,3,"还可以，价格实惠。

但是质量真的很差，两个月就能用断。太差了。",zh,,
marc-zh_0075253,marc,,5,"物有所值

送货迅速，质量上乘，包装严实，红皮精装版值得拥有",zh,,
marc-zh_0765360,marc,,2,"太小了

实物小的实在是太离谱了，挂了上去天花根本不能见人，又拆下来了。",zh,,
marc-zh_0793251,marc,,5,"好评

物流给力，书是正品，没有气味，儿子很喜欢",zh,,
marc-zh_0671005,marc,,4,"利用图形板将图画分解成方形、圆形、三角形后，剪剪贴贴就OK了。

图形板就是封底的一部分，利用图形板将图画分解成方形、圆形、三角形后，剪剪贴贴就OK了。还满意的，小朋友自己捣鼓了好几张图。",zh,,
marc-zh_0758671,marc,,2,"不太满意

啊啊啊，晚了两天才收到，而且里面的纸张也不好，急着用就不换了",zh,,
marc-zh_0707074,marc,,4,"比较适合窄的胶

平时穿40的皮靴，41的运动鞋，刚试了一下，大了一号，比较窄，脚宽的，不太合适，有防水作用，户外徒步适合，鞋底感觉有点硬，不是非常舒适。",zh,,
marc-zh_0512367,marc,,3,"凑过吧

185 86kg穿着有些大，主要是有色差，看上去破破烂烂的很旧的感觉，虽然的确很凉快，但感觉就像是破抹布",zh,,
