review_id,source,product_category,rating,review_text,detected_language,translated_text,review_date,product_id
marc-en_0943427,kaggle-marc,book,3,"Bizarre...

Just received in mail, I think I received a used one as it had writing in the first 3 pages. And someone else's name... Otherwise seems like pretty good quality",en,,,product_en_0169817
marc-en_0028463,kaggle-marc,toy,1,"One Star

KIDS NEVER PLAYED WITH THEM AND THEY DO NOT KEEP A CHARGE!",en,,,product_en_0421632
marc-en_0725860,kaggle-marc,other,1,"One Star

Never received the code",en,,,product_en_0625055
marc-en_0577731,kaggle-marc,digital_ebook_purchase,4,"Four Stars

I haven't quite finished but it's a good read.",en,,,product_en_0149674
marc-en_0584455,kaggle-marc,pc,4,"It's functional but I wish there were some drivers to ...

It's functional but I wish there were some drivers to map the buttons and adjust sensitive more. also, id' prefer that the illumination could be user adjusted. I just use it as a back up mouse, so it does what it needs to do.",en,,,product_en_0497826
marc-en_0580997,kaggle-marc,apparel,3,"Good product

Good product but just not my taste",en,,,product_en_0796536
marc-en_0284751,kaggle-marc,sports,2,"Replacement charger

I bought my fitness tracker and lost my charger and cannot find a replacement charger , I have ordered several chargers and can’t seem to find the right one! I also got my warranty emailed to me by amazon n the print is so small I can’t even see the link to click on. It will not reroute me to warranty and I can’t even find a phone number!!!",en,,,product_en_0100887
marc-en_0005599,kaggle-marc,kitchen,5,"Very classy and very sturdy

We bought this to use in our RV. We like it very much. Very classy and very sturdy (so far). It is not light weight (ie, like Correlle) but we were not necessarily looking for anything lightweight). However, is is very attractive and so far we have enjoyed using it in our RV.",en,,,product_en_0041732
marc-en_0124903,kaggle-marc,apparel,5,"Love Them!

I love all the quality of the products i have biught them",en,,,product_en_0703484
marc-en_0669932,kaggle-marc,toy,2,"Would have been great but....

These nesting dolls are very pretty. Very nice work and that is why I'm giving them 2 stars. However, the second doll seems to have been shellacked shut. It is impossible to open. Even my husband tried prying them. It is impossible. I think it is ridiculous that the purpose of this toy is to be able to be opened (by a child) and they cannot even be opened by a grown man. I bought them even though I saw that in someone else's review, and I wish I didn't because they cannot be returned. So, now I'm stuck with a set of nesting dolls and I can only open the first one. Totally disappointing. **Update: Amazon came through for me and made it right and I really did appreciate that. Thank you, Amazon.",en,,,product_en_0036015
marc-en_0583813,kaggle-marc,lawn_and_garden,2,"Not working very well

The product came in a plastic bag and box but the labels were wet so I could not read them. I sprayed the product and there was very little change on the leads but it pretty much hurt all the plants.",en,,,product_en_0298259
marc-en_0731852,kaggle-marc,kitchen,5,"Great bottle for protein shakes

They spill when they tip over but other than that they’re great. They’re the same size as advertised and don’t leak when you shake them if you hold down the top.",en,,,product_en_0174490
marc-en_0788586,kaggle-marc,furniture,5,"Beautiful rugs

I bought this set to go in my sunroom. I love the aged look; it doesn't show dirt as easy as some rugs I have had. They are very sturdy and the colors are just beautiful. I have received so many compliments on the rugs. The gripper back on all the rugs hold securely in place with normal traffic. Overall this is a beautiful, functional set.",en,,,product_en_0043020
marc-en_0761693,kaggle-marc,other,2,"Has runout

Works but has runout giving inconsistent pressure on the wire leading to alternating feed speed. Expect better from Hobart.",en,,,product_en_0610109
marc-en_0294454,kaggle-marc,automotive,5,"Awesome

Great quality , works perfect",en,,,product_en_0819754
marc-en_0023347,kaggle-marc,lawn_and_garden,5,"Does the job

My brothers and I, all veterans, wanted to replace my dads flagpole for his birthday. I'm not sure what we expected as far as the circumference of light illuminating the flag but I consider this perfect as both of my parents were able to see the flag and have commented on it several times. Just what we wanted. I would ask folks to understand that this light is really for home use and does not illuminate a large area on the ground. As it is mounted on top of the pole the circumference of light is smaller and stronger at the top while larger and weaker on the ground. Thus don't expect your flag and pole to be lit like a government building. If you want that, buy a different commercial grade light.",en,,,product_en_0587296
marc-en_0177691,kaggle-marc,beauty,2,"Fades so quickly

Looked great at first, but faded out of my hair by third week. Don’t recommend if looking for longer lasting color.",en,,,product_en_0007552
marc-en_0874773,kaggle-marc,jewelry,4,"Beautiful ring

Loved the style and quality however while wearing the ring kept turning upside down so instead of seeing beautiful design in ring, I saw a ring gap. Also nice and shiny until I went swimming in chlorinated pool, than it turned an ugly dull gray.",en,,,product_en_0313593
marc-en_0634424,kaggle-marc,pet_products,3,"Birds don't like it

The birds in my neighborhood do not like these socks. Normally I feel up 4 socks every three or four days. These sacs have been hanging for a week and they're still half to three-quarters full. I'm going to empty the thistle into my old white bags at least I get to use the thistle.",en,,,product_en_0126557
marc-en_0462159,kaggle-marc,pet_products,2,"Nice heavy liner

Not as expected. Heavy but not what I wanted. Thought it was for back seat. My fault for not studying the ad further",en,,,product_en_0987808
marc-en_0475184,kaggle-marc,shoes,4,"Didn't take long to come in the mail.

I like how warm they are.",en,,,product_en_0064064
marc-en_0959987,kaggle-marc,sports,1,"They are not cut resistant.

I have a pair of these gloves from over 10 years ago. That pair is great, you can take a razor sharp knife and run in along the palm and nothing, no cuts, to tears.. Nothing. The new ones are garbage. I took the same knife and lightly ran it across the palm and it cut all the way through the glove. You can tell they are no longer made the same. Save your money and if you bought these DO NOT TRUST them. they offer NO cut resistance at all.",en,,,product_en_0813197
marc-en_0164176,kaggle-marc,electronics,4,"Good basic stand

The quality was not a strong as I thought. My phone did get hot when charging. But it shuts off when reacts 100%",en,,,product_en_0399513
marc-en_0507173,kaggle-marc,electronics,3,"Could be better

I love the sound of this system but you can't turn it off permanently. After I turn it off it will turn back on sometimes 20 minutes later and sometimes 2 hours later. It kind of made me fill like there was a video camera inside one of the speakers spying on me. Now I unplug it when I'm done using it. Why would someone want to turn something off just temporarily?",en,,,product_en_0194129
marc-en_0406305,kaggle-marc,luggage,2,"My daughter loves JoJo but this backpack is not stitched ...

My daughter loves JoJo but this backpack is not stitched well. First day carrying to the school bus the top loop broke out.",en,,,product_en_0378730
marc-en_0181413,kaggle-marc,home,2,"The Design Does Not Work - at least for me!

The sharp bend of the crevice tool did not allow the lint to flow from the dryer into the vacuum cleaner. After using it for just a few seconds I noticed that the lint was not been extracted ... looking closely into the tool I found lint stuck inside and noticed that the passage narrowed greatly, thereby not allowing the lint to flow through. Tried blowing the lint out; tried straightening the tool so the stuck lint would flow out -- no luck.",en,,,product_en_0322996
marc-en_0880230,kaggle-marc,home_improvement,3,"Doesn't always start our pellet stove...

Shifted to just using odorless charcoal lighter fluid from Walmart and it works better. Maybe we were using wrong, but this did not always start our stove and burned very slow.",en,,,product_en_0576067
marc-en_0480003,kaggle-marc,other,2,"Pass

First track is the best. Kind of boring otherwise. No originality of guitar tone or riffs. Heard it all before. Expected more as he was highly hyped as the next torch bearer of the blues.",en,,,product_en_0093996
marc-en_0441874,kaggle-marc,home,4,"Looks Great

Ordered to use with western themed tree! Blends with the theme well.",en,,,product_en_0383196
marc-en_0157213,kaggle-marc,apparel,4,"Nice

Soft and nice. Fits perfectly.",en,,,product_en_0356648
marc-en_0003225,kaggle-marc,other,1,"DISAPPOINTING

This does not stay inflated and after the first use, it has not lit again although it has been charged",en,,,product_en_0642009
marc-en_0231447,kaggle-marc,other,1,"Nothing like name brand polymer clay, waste of money.

This was not like the name brand polymer clays I am used to working with. This is much to plasticky feeling, hard to work with, it won’t soften up even the slightest bit with the heat from my hands like the name brand polymers. It was difficult to mold, roll, and impossible to create anything halfway decent looking. This is certainly a case of “you get what you pay for” Stick to the name brand if you want this for anything other than for a kid to mess around with. I am highly disappointed in everything except for the case it came in.",en,,,product_en_0277895
marc-en_0207438,kaggle-marc,beauty,2,"Gel to soft to straighten

Item is comfy and gel material. So I gave it 2 stars for comfort. But as far as straightening my hammer toe...it does ABSOLUTELY NOTHING FOR IT. Possibly bc the material is too soft. There is no difference from having nothing on toe to when I put the little gel brace on.",en,,,product_en_0483526
marc-en_0411240,kaggle-marc,kitchen,2,"More design/quality work needed to make this an awesome product

I was sooo excited to order these for my children. I also ordered a set for myself. After using one I found it was hard to slide the closer but chalked it up to the fact it was new. My husband used it and cracked the slide the first time he tried to open it. It is also very hard to keep open when you are trying to pour into it. Great idea but it needs some more work on the quality of the slide and shape of the bag.",en,,,product_en_0058521
marc-en_0657495,kaggle-marc,pc,4,"Four Stars

Well made product. Now, only time and use will tell.",en,,,product_en_0860426
marc-en_0459448,kaggle-marc,pet_products,3,"Okay product.

After I gave it to my pet bunny, she didn't like it as much.",en,,,product_en_0484808
marc-en_0485228,kaggle-marc,other,4,"Does NOT fit a 2002 Camry

I am sure I would have really appreciated this tool, however this will not work with a 2002 Camry and the other years that have the same tie rods. Hope this helps anyone wondering.",en,,,product_en_0759784
marc-en_0761379,kaggle-marc,automotive,4,"Great product!

These mirrors work great! They were easy to install, for perfect, and are very clear. They seem to be holding up through rain, travel and the car wash. Great price too!",en,,,product_en_0983063
marc-en_0315229,kaggle-marc,other,5,"Video chat must be updated

I think it's really cool right now but it could use some more updates on the video chat.",en,,,product_en_0725458
marc-en_0107698,kaggle-marc,beauty,2,"Stick with WET brand

My hair is bleached and this definitely didn’t get the knots out after a shower.",en,,,product_en_0210976
marc-en_0340272,kaggle-marc,apparel,2,"good price. after washing

Well made, good price.after washing, dye ran lines diwn front of jeans",en,,,product_en_0142302
marc-en_0830228,kaggle-marc,kitchen,5,"perfect paper Coffee cups.

These are perfect paper Coffee cups! I love the sleek white design! It is also the perfect size for great coffee on top!",en,,,product_en_0733991
marc-en_0995353,kaggle-marc,sports,1,"ordered January 24th, officially opened the box last week ...

ordered January 24th, officially opened the box last week (end of March) and it stopped working after second use. Apparently no returns after 30 days. Screwed consumer",en,,,product_en_0878827
marc-en_0381799,kaggle-marc,musical_instruments,1,"Not good for pianos.

Bought for my piano. Tuner would not pick up the top and bottom registers of piano. Also I felt there was too much variance of tuner itself when attempting tuning. Checked it against a tuner app on smart phone and many notes 5 to 10 cents off. Will send back.",en,,,product_en_0706965
marc-en_0742221,kaggle-marc,wireless,4,"Screen protector

The screen protector was delivered promptly and so far no issues with cracking and it has protected our phone. It's only been a week since we installed them. Not much use from them yet. Be glad to do review in a month or 2.",en,,,product_en_0732368
marc-en_0522903,kaggle-marc,wireless,5,"Great protection

Good quality and price.",en,,,product_en_0177183
marc-en_0184810,kaggle-marc,grocery,1,"BAD CODE PRINTED ON THE TOP OF THE POD

I purchased these in February. Recently I tried to use them and unfortunately each time I try one my Keurig machine gives me an error message that the pod is not compatible with my machine. I have been using Donut Shop pods in my machine since I first purchased it and have never had a problem. Upon closer examination of the coffee pod, I noticed that the code printed on the top of the pod isn't very legible so I can only assume that I have a bad box. I purchased a box of 72 which is 6 boxes of 12 each. I have even tried one from each of the 6 boxes and keep getting the same error message. I know it's not my machine because other pods I try work just fine. It's only out of this shipment that I am having this issue. Very disappointing since my return window has expired. UPDATE: I talked to a customer representative who refunded by money. Thank you AMAZON for your wonderful customer support!",en,,,product_en_0482493
marc-en_0813543,kaggle-marc,wireless,1,"Doesn’t work with Ledger Nano

This cable is not of very good quality. It doesn’t fit right so you have to hold the connector to the port in order to work.",en,,,product_en_0675109
marc-en_0513789,kaggle-marc,sports,4,"Great backpack but overkill on the straps

This backpack looks good and performs well. It’s a great deal especially when you compare it to what backpacks cost now a days. The reason I knocked off a star is because there are just too many straps. There’s more straps on this bag than I can count. I’ll end up cutting and burning these extra straps off because most of them aren’t really necessary and just get in the way of opening and closing the bag. Other than that I’ve made this my new school bag for college. There’s a compartment right in the back of the backpack for my MacBook Pro and all my books fit wel in the pockets provided. The flag also is a great finish to it",en,,,product_en_0210927
marc-en_0643693,kaggle-marc,shoes,3,"unfulfilled potential

I love a lot of things about these slippers. They are adorable - true to photo. The high-top design of the opening not only keeps my ankles warm, it also keeps the slippers from coming off easily -- and from shopping around, this seems like a pretty unique feature. The slippers are very well-padded and feel very snug on the foot (although most of the padding is actually on top of the foot; there's not much padding on the sole, so if you're walking in these a lot, it will probably flatten.) All of these aspects make me really want to love these slippers. BUT I'm so let down by the fabrication. They seem to have focused entirely on the exterior of the slipper and ignored the interior. I want these to keep my feet cozy. But the interior fabric is not very soft, and doesn't feel good on my feet. Even worse, there is an exposed seam running around the interior of the slipper -- i.e. the fabric is sewn together, and the two ends are not tucked behind the seam, but extrude into the interior of the slipper and poke into my feet. Basically, every time I wear these I want to put on socks, to make my feet more comfortable -- but if I'm already going to put socks on, I don't really need the slippers, so... NB: I followed other reviewers and ordered a size down than suggested by the sizing chart. The Medium fits perfect on my women's sz 6 feet.",en,,,product_en_0855255
marc-en_0513825,kaggle-marc,electronics,3,"okay product

the quality is okay. i would give 3 start rating for this.",en,,,product_en_0944216
marc-en_0047628,kaggle-marc,beauty,5,"Best Razor But Price Increased 5 Dollars!

Love these blades for my Gillette Fusion. I tried many cheaper razors and none worked as well. I do not use on my face as I’m a woman who just likes the Fusion better than any razor. The only issue is the top part flips back a lot and it hurts to shave that way but other than that they are great. Sadly this 3rd order will be my last due to price increase.",en,,,product_en_0972469
marc-en_0006668,kaggle-marc,wireless,1,"Not working at all

None of them worked.",en,,,product_en_0649301
marc-en_0936306,kaggle-marc,toy,4,"Four Stars

Nice for little league girls",en,,,product_en_0124452
marc-en_0078578,kaggle-marc,beauty,3,"Just Okay

Pretty color, but it felt a little gritty.",en,,,product_en_0767796
marc-en_0815411,kaggle-marc,other,2,"Flashlight is bright every thing else is weak

The battery that comes with the flashlight is no good dies really fast and the magnet is really weak",en,,,product_en_0898640
marc-en_0667466,kaggle-marc,sports,4,"Does job, but feels cheap.

Does it’s job but it just feels cheap in my hands. The seam between both sides of the cases noticeably feel awkward while holding the handle. For the price, it’s a great buy though.",en,,,product_en_0797971
marc-en_0828910,kaggle-marc,lawn_and_garden,3,"Excellent pool but the filter is not strong

I guess they should put a filter pump better!!! There's not strong and when the water is dirty I have to clean the filter many time... But the pool is excellent...",en,,,product_en_0526604
marc-en_0180309,kaggle-marc,toy,5,"Very nice. My Grand daughters love there chef bonnets and ...

Very nice. My Grand daughters love there chef bonnets and aprons.",en,,,product_en_0277419
marc-en_0073602,kaggle-marc,beauty,3,"hmm

very cute style and design, but tarnished after 1 wear!",en,,,product_en_0072007
marc-en_0661644,kaggle-marc,pet_products,5,"Both my cats love these!!

I was really happy to find a new toy that both my cats really love. They chase this toy and each other through the home taking turns batting and carrying the toy in their mouths. I've already purchased a second set since the first ones all disappeared quickly (i.e. that secret place where all loved cat toys finally end up). Anyway, they are pretty inexpensive so I don't mind buying more because it is so much fun watching them play.",en,,,product_en_0251786
marc-en_0735689,kaggle-marc,musical_instruments,3,"Good for a backup and not expensive.

Not the best, but did help out a little for wind. They discolor fast and they are really big. I used electrical tape to keep it on.",en,,,product_en_0608267
marc-en_0372447,kaggle-marc,pc,1,"Fortunately, we bought protection plan and exchanged it for ...

It worked only for a little over a month and died. Fortunately, we bought protection plan and exchanged it for free. Hoping the next one is not defective.",en,,,product_en_0014858
marc-en_0523157,kaggle-marc,grocery,1,"Delivered frozen

Arrived frozen solid. Been in the house for 2 hours and still frozen. Brought into house 7 min after delivered. Probably ruined. Suspect package was in delivery vehicle overnight. Waste of money.",en,,,product_en_0345061
marc-en_0830385,kaggle-marc,beauty,1,"Not worth the money.

The white is the only one that doesn’t break off so easily . They’re all trash though.",en,,,product_en_0775371
marc-en_0603709,kaggle-marc,apparel,3,"Very Stretchy!

I almost never buy shorts online because it's very hard to find what fits. I bought the dark blue ones in a Small and they fit perfect. The only problem was that unfortunately it doesn't do much for my behind. I consider myself to have a cute behind but for some reason the shorts didn't accentuate my bum, it made it look a little flat. I decided to keep them because they are comfortable, but I would only wear them with a long t-shirt. I liked the high waist part of it, you need a small waist for this since as they go higher up it gets smaller and tight.",en,,,product_en_0863695
marc-en_0458846,kaggle-marc,pet_products,2,"Accuracy?

Difficult to read the temperature scale. Since it stick on the outside, don't know how accurate it reads the water temperature. I prefer traditional inside thermometers.",en,,,product_en_0427467
marc-en_0815088,kaggle-marc,luggage,5,"soft feel, handsome design.

This is a superb wallet! I love the texture, design and size. All my business cards and checks fit in it perfectly. I will probably buy it again.",en,,,product_en_0658030
marc-en_0879921,kaggle-marc,apparel,3,"Three Stars

Glad I ordered a 3x to be on the safe side, fits more like an xl. Definitely size up",en,,,product_en_0930273
marc-en_0824094,kaggle-marc,toy,4,"Four Stars

Exactly as advertised.",en,,,product_en_0306613
marc-en_0208099,kaggle-marc,drugstore,2,"Quite frankly it looks like it was a used product that was shipped to ...

Never actually got to try the product. It came in the packaging, with some sort of tape over the bottle and loose powder all inside the package. There was also no inner protective seal. Quite frankly it looks like it was a used product that was shipped to me. Returning for a refund.",en,,,product_en_0718712
marc-en_0421881,kaggle-marc,apparel,4,"Cute blouse but different pattern than pic

Loved the color but the flowers aren’t in the same place as pictured. Didn’t like the huge rose in the front/at mid-chest",en,,,product_en_0424327
marc-en_0309806,kaggle-marc,kitchen,5,"Great 12 egg container

When the 14 egg container did not fit in my refrigerator... this 12 egg container fit the bill!",en,,,product_en_0523635
marc-en_0697182,kaggle-marc,office_product,2,"Cards are ok, but packaging is wasteful and expensive!

Cards are ok — as pictured. But the packaging is wasteful and unnecessary. I’m sure a huge percentage of price is for the overkill packaging, which is a nightmare to open and then it gets trashed.",en,,,product_en_0976231
marc-en_0900759,kaggle-marc,office_product,3,"Easily damaged in shipment

Item arrived damaged to corners and bent in middle with crease.",en,,,product_en_0601437
marc-en_0299194,kaggle-marc,home,3,"Works, but is LOUD

This heat press is really loud to operate. When clamping down the handle, it hits a bolt which is loud. When releasing it, it makes the entire press come of the table, which makes another noise, plus the actual press makes a really loud banging when it releases. Everything else is fine.",en,,,product_en_0717296
marc-en_0192323,kaggle-marc,kitchen,1,"for someone that ordered the right thing the process was perfect

It wasn't what I thought it was so I sent it back , for someone that ordered the right thing the process was perfect",en,,,product_en_0254368
marc-en_0286915,kaggle-marc,wireless,4,"Overall A Great Case

Purchased it for my work phone. Only think I don't like are the flaps that cover the charging port. Makes it hard to get too and very annoying when you want to charge. But I just cut them off and I am happy now.",en,,,product_en_0249685
marc-en_0389187,kaggle-marc,home,3,"Why do i need two vacuums?

I bought this vacuum to replace our Kenmore vacuum that I loved and had for over 10 years. I didn't want to buy another Kenmore since Sears is filing for bankruptcy and this seemed to be another vacuum in the price range that we were looking for and was well reviewed. The vacuum works fine, but I have to say that I hate, really HATE that I have 2 vacuums now, instead of 1. I don't care about the extra weight or bulk, but when I am vacuuming, I don't want to have to haul around 2 vacuums. Just give me one, so I can get it all done at once. I didn't think it would be a bit deal, but now having purchased this vacuum, I just want a stinking hose on it so I can suck up all of those hard reach spots....and I don't want to have to go and get the other ""vacuum"" to do it.",en,,,product_en_0574639
marc-en_0548970,kaggle-marc,sports,3,"Tiny

Way smaller than I thought it would be - about 1/5 the size of typical Kan Jam",en,,,product_en_0951712
marc-en_0938093,kaggle-marc,grocery,1,"Don’t waste your money

I was so happy I finally found venison and elk sausage well what a disappointment. Save your money they all taste the same and it is not a lot of taste either would not even pay 2 dollars each for these",en,,,product_en_0246580
marc-en_0626638,kaggle-marc,home,2,"Will not last.

Broke after a month.",en,,,product_en_0751471
marc-en_0846841,kaggle-marc,apparel,2,"Way too small even for small toddler

My daughter is very small for her age, she’s 2 and on the 5th percentile. These were small on her and I was honestly looking for underwear that would run small but there have a bikini cut or something so her butt cheeks are out on the sides, she’s a toddler so I dont need that, we needed comfort and coverage since she’s still new to going potty consistently. I gave it two stars, delivery was timely and fine but the product was definitely disappointing.",en,,,product_en_0010510
marc-en_0925956,kaggle-marc,automotive,5,"Definite step up from 5mil gloves

Was using 5 mil thickness doing car work. They'd split all the time. I get amazing life out of these gloves even when exposed to petroleum and detergents.",en,,,product_en_0015203
marc-en_0412285,kaggle-marc,sports,5,"Useful

Very useful. Good quality. It protects my hand very well",en,,,product_en_0845949
marc-en_0193996,kaggle-marc,lawn_and_garden,3,"It's ok

Didn't catch many fruit flies.",en,,,product_en_0590419
marc-en_0771180,kaggle-marc,beauty,5,"Five Stars

What I liked most it’s very vibrant, least favorite is bottle is smaller than expected",en,,,product_en_0223791
marc-en_0146806,kaggle-marc,video_games,1,"Disappointing

Yeah it’s great to have a remote for PS Vue but every time you go to use it you have to press either the TV or PS4 button. More irritating than helpful. Such a buzz kill.",en,,,product_en_0329985
marc-en_0713087,kaggle-marc,automotive,5,"Five Stars

Worked as shown arrived very quickly",en,,,product_en_0163400
marc-en_0795357,kaggle-marc,kitchen,2,"Cheap

You have assemble it looks like a DIY project to me. Cheap materials.",en,,,product_en_0479996
marc-en_0277779,kaggle-marc,wireless,1,"Failed after only 3 months

I expect better of Amazon branded products. This cord remains in my car to charge my phone at the end of the day. Purchased in May 2019, dead in August 2019. That seems unreasonable to me.",en,,,product_en_0389645
marc-en_0295731,kaggle-marc,shoes,4,"Four Stars

Very comfortable shoes.",en,,,product_en_0852631
marc-en_0470857,kaggle-marc,sports,3,"Well constructed. The padding really takes it a step ...

Well constructed. The padding really takes it a step above similarly priced items.",en,,,product_en_0328556
marc-en_0223932,kaggle-marc,other,1,"It broke during first use and it is not easily returnable.

Cheaply made. It broke during first use and it is not easily returnable.",en,,,product_en_0882073
marc-en_0043616,kaggle-marc,lawn_and_garden,1,"FIRE HAZARD DO NOT PURCHASE!

FIRE HAZARD DO NOT PURCHASE. Used once as instructed wires melted and caught fire!!!",en,,,product_en_0177641
marc-en_0339533,kaggle-marc,sports,5,"Perfect

Works perfectly for soccer, football, gym balls.",en,,,product_en_0838211
marc-en_0940539,kaggle-marc,home,4,"Recommended for small spaces

I bought this item to store dirty clothes. It's good to take to the laundromat. Just don't put too much weight on it. I put a heavier load of dirty clothes, than usual, on it once and the handles ripped off. Luckily, it has two handles (shown in photo) so it's still usable. It CAN hold a lot of clothes because it is deep and the material stretches if you plan on not transporting it. However, if you plan to take the hamper laundromat don't overload it. Overall, I found this order very useful because it comes in a pack of two, so I can easily organize my whites and colors when doing laundry. When I only need to use one, I can easily fold the other and it does not take much space to store. I rent a small room, so I wanted something that wouldn't take as much space and is affordable. I'm happy with my purchase.",en,,,product_en_0755534
marc-en_0767120,kaggle-marc,wireless,1,"Worst screen on amazon

Got a screen didn’t worked reorder it and still didn’t work trash screen",en,,,product_en_0544438
marc-en_0637104,kaggle-marc,apparel,1,"Sizing is VERY incorrect

I ordered two pairs of these shorts and was sent completely wrong sizes. I have both pairs same item ordered and the shorts are completely different sizes but are labeled the same size. One pair is 4 inches longer than the other.",en,,,product_en_0220198
marc-en_0616820,kaggle-marc,automotive,4,"Four Stars

great product should have bought it in the 8' length",en,,,product_en_0562449
marc-en_0917602,kaggle-marc,book,1,"One Star

Wow. I want that time back. What a huge BORE!!",en,,,product_en_0910934
marc-en_0821298,kaggle-marc,lawn_and_garden,1,"Not safe!

We bought this for light rain for our kids birthday party and it collapsed! Luckily no one was hurt! Then seller wanted me to return the 100lb product and somehow get bent poles in a box and I would have to pay for the return shipping!!!",en,,,product_en_0996129
marc-en_0278921,kaggle-marc,toy,4,"Easy to build

It was a good model.",en,,,product_en_0099417
marc-en_0975660,kaggle-marc,wireless,4,"Great cables but a mix up in my order

I ordered these because I have ordered this type of cable from this seller in the past. The cables are durable and flexible. They are exactly as described. Unfortunately on this order I was send 2 USB C and 1 Micro USB instead of 3 USB C. It's no big deal and mistakes happen. I processed a return through Amazon and it was corrected in no time.",en,,,product_en_0481491
marc-en_0384781,kaggle-marc,pc,3,"Good length

Great length but only lasted 6 months.",en,,,product_en_0842125
marc-en_0658732,kaggle-marc,automotive,4,"Easy to install with two people. Everything lined up great.

Great front bumper,little more than what I wanted to pay for a bumper. I wished it had more of a gloss black finish to match the new rear steel bumper from EAG that I had put on the rear. Also putting the fog lights in the bumper was VERY hard.",en,,,product_en_0006421
marc-en_0612408,kaggle-marc,other,1,"Tested on known good cables, still stuck flashing on port one

Cable tester defective right out of the box. Stuck flashing on port one as others have stated. Tested on known good cables, still stuck flashing on port one. Buyer beware, you get what you pay for.",en,,,product_en_0821507
marc-en_0162471,kaggle-marc,kitchen,2,"Made in CHINA!!!!

Bought this set because i purchased the pots and pans set which are made in Italy. Unboxed this and stamped largely on the bottom is MADE IN CHINA. Also the enamel and ceramic coating looks like it will chip if you blow on it. Overal look of the set is much cheaper looking than the tramontina cook set i purchased. May send it back but this sure explains the low price tag...",en,,,product_en_0417962
marc-en_0885179,kaggle-marc,home,3,"Na

I bought 5 of these for different kids they all loved them but would be nice if they were all the same 2 of the lights came with different / changeable pictures",en,,,product_en_0282322
marc-en_0070282,kaggle-marc,industrial_supplies,4,"Returning

I didn’t use it but the green I was expecting from the picture is a normal hunter green and what I received is a very light color green. Just doesn’t do it for me so returning. Have been using the hatchbox stuff and it’s great but I love amazon so gonna give it a go with the dark blue",en,,,product_en_0421901
marc-en_0678784,kaggle-marc,home_improvement,5,"Stays where you put it

I love the length of this hose and the fact that it doesn't kink or curl in upon itself.",en,,,product_en_0168557
marc-en_0903143,kaggle-marc,apparel,1,"Wrong size sent

Love the material but I ordered x-large and received xxx-large. I won't be ordering any more from this bunch.",en,,,product_en_0655759
marc-en_0982802,kaggle-marc,beauty,5,"It works better

Very good product I realy love it",en,,,product_en_0745432
marc-en_0161375,kaggle-marc,drugstore,4,"Works great, but not the best spray bottle.

Works great. You will need to get past the initial chlorine smell, as it dissipates. Use in the am for cpap equipment. No smell in the evening. The spray lock/unlock is counter intuitive, never seen this style before. Can be difficult to unlock.",en,,,product_en_0651592
marc-en_0859319,kaggle-marc,pet_products,2,"Not worth it.

The wicker is wrapped much more loosely than pictured. Basically an outline of the ball, not the multiple layers as shown. Will not buy again.",en,,,product_en_0742011
marc-en_0815449,kaggle-marc,kitchen,4,"Nice quality but the handle sometimes gets loose

Nice quality but the handle sometimes gets loose, but all you have to do is tighten the screw. No biggie.",en,,,product_en_0004525
marc-en_0361327,kaggle-marc,grocery,2,"Leaky honey

I love this item, however the cap was loose on arrival and honey leaked out inside the bubble wrap. Very disappointed since this is an expensive item.",en,,,product_en_0719850
marc-en_0204948,kaggle-marc,pet_products,2,"would not buy again

several of the balls did not squeak at all. Overall, poor quality",en,,,product_en_0045168
marc-en_0877754,kaggle-marc,kitchen,5,"Must buy!!

I loved this rose gold color and everything about it was great! The only thing I had an issue with, was it was really plain. I like having a little more detail in the handles and I did notice that before I purchased it which is why I still give this 5 stars! It was easy to clean and all came in wrapped individually which I found to be really organised and it calmed my soul lol love, love, LOVE the color and I would definitely buy this again for myself or for a loved one!",en,,,product_en_0119541
marc-en_0401592,kaggle-marc,electronics,1,"One Star

Does not plug in well.",en,,,product_en_0864166
marc-en_0478693,kaggle-marc,other,2,"Two Stars

Paid for two day shipping. Took over a week and a half.",en,,,product_en_0667657
marc-en_0052472,kaggle-marc,apparel,3,"Alright

Man! What can a girl do to get decent panties?! I used to shop at Victoria Secrets but when their management changed so did their quality and I don't want to spend good money on sub par underwear. So then I tried Target and some of the underwear was good but other pairs feel apart immediately. I was apprehensive about buying underwear in bulk on line but I thought I'd give it a try. I'm 5'8"", 125 pounds and I am and have been a small always. That's my size. These guys ran a lil small for my taste. Now not all of them, but certain colors are made of different fabrics so some fit while others do not. It's weird. If I had bought them in person I probably could have seen the size discrepancy and picked/bought accordingly but you can't do that online. However, they are much cheaper than any where else so maybe that's the trade off. Either way, I'm not super thrilled and will not be buying these guys again.",en,,,product_en_0098764
marc-en_0011750,kaggle-marc,wireless,4,"Awesome case

Awesome case protects phone like it should , just need screen protector.",en,,,product_en_0893965
marc-en_0815071,kaggle-marc,lawn_and_garden,4,"I like my rock

I like my rock, but it doesn't have any tabs or holes to use the two provided anchors. I will drill my own, but feel others should know,",en,,,product_en_0058597
marc-en_0188831,kaggle-marc,home,1,"Do NOT purchase

Very cheap items. They arrived broken and I’m very disappointed. I planned to do some meal prep this weekend now I have to make other plans. Some of them are actually cracked.",en,,,product_en_0779729
marc-en_0694954,kaggle-marc,drugstore,1,"Didn't work

The result was ""Invalid"", so it's money and blood spent for nothing.",en,,,product_en_0628592
marc-en_0667216,kaggle-marc,digital_ebook_purchase,5,"Finding Peace in the Turmoil of Life

Great book for daily living",en,,,product_en_0202107
marc-en_0438760,kaggle-marc,pet_products,4,"Our miniature schnauzer LOVES this chew toy, but it ...

Our miniature schnauzer LOVES this chew toy, but it only lasted about two weeks before he had it completely shredded down to a small lump (which he is still chewing). So a bit expensive to keep replacing them every two weeks...",en,,,product_en_0234309
marc-en_0624491,kaggle-marc,home,3,"Three Stars

ok don't care for cover on rod",en,,,product_en_0479296
marc-en_0268803,kaggle-marc,beauty,1,"Too hot!

Please be very careful.... This wax gets extremely hot. It blistered my face in 4 different spots..",en,,,product_en_0617414
marc-en_0353323,kaggle-marc,toy,5,"Great Costume

My daughter loved the costume and it fit perfectly.",en,,,product_en_0737306
marc-en_0488250,kaggle-marc,toy,2,"My thoughts after 2 weeks of use

Firstly don't believe the rating here. Fakespot.com gives it a ranking of D, which means it is very likely that there are a lot of fake good reviews here. Pro: The robot is a new category of toy, or you can even call it a pet. It go explore by itself and it does not require a phone to do so. It wakes up in the morning and wanders around and makes cute noise. It greets you when you get home (you have to make sure that he hears you and sees your face though). In summary, being autonomous is a major pro that you can't see from other products. Cons: 1: too slow in processing your command. I think the chip is from 2015. So can't expect too much in terms of processing speed. Also you can't expect it to be that smart because of this. 2. Edge detection is just NOT GOOD ENOUGH. Sometimes it just runs at full speed and falls directly off the edge. The worst part is that sometimes when it's right on the edge, it misunderstands to be on air. This causes it to act irritated and shake its arms and fall off. I don't think this is merely a problem of software. 3. It gets boring. Soon you'll realize its movements and responses are just algorithms and predictable. You get bored of it after no longer than a week. A toy is just a toy at the end. You don't want to spend $250 and eventually forget about it. In summery. It is a new and interesting experience to have a robot like this. But it is still very limited and you get bored of it very quickly. If you have extra money and really want the new experience, just get it. If you're debating whether to get it or not, don't trust the positive reviews here and forget about it -- it does not worth $250 (or even $150) yet.",en,,,product_en_0303520
marc-en_0320754,kaggle-marc,drugstore,3,"Sold Out to Nestle

I'm really disappointed that Garden of Life SOLD OUT to NESTLE!!! Now I have to find a replacement for this supplement.",en,,,product_en_0108387
marc-en_0619688,kaggle-marc,home_improvement,4,"So far so good

Have only used it for a couple of days, but so far so good. Has made a difference cooling a 2nd floor bedroom that is at the end of the HVAC duct runs and is always warmer in the summer and colder in the winter than the rest of the house.",en,,,product_en_0193425
marc-en_0334901,kaggle-marc,kitchen,2,"Two Stars

I returned it because it did not work!",en,,,product_en_0291316
marc-en_0410841,kaggle-marc,apparel,4,"Just what i needed

Great shirt fit as expected love the saying.",en,,,product_en_0935582
marc-en_0778402,kaggle-marc,electronics,1,"I'd Rate it 0 Stars if I could

Absolutely no protection on the phone, flimsy plastic material, terrible quality. This is the bulkiest case I have ever held and it only fits two cards at maximum - no squeezing a third at all. Very expensive and obviously cost very little to produce. Stay away~!",en,,,product_en_0604418
marc-en_0555859,kaggle-marc,apparel,3,"More like Trump wig

Didn’t look like an 80s hair style. More like a Trump wig",en,,,product_en_0003325
marc-en_0931946,kaggle-marc,toy,2,"sizing off

Isn't a child small size",en,,,product_en_0334908
marc-en_0370560,kaggle-marc,toy,4,"Crayola colored 12 count pencils

Crayola 12 count colored pencils hold up well to the pressure on the paper. The tip does not break easily and the colors are very vivid as expected with this brand. The downside is that the pencils are the standard size and not really great for young elementary and preschool age. A smaller (length pencil) would have been better. I don't feel like sharpening the pencil all the way down for each one, so it works well enough for now. This brand consistently makes good coloring items and this is no exception. I just think I would have spent a little more time researching the length of the pencil in the future. I was also surprised to find a two pack of colored pencils about the same price with prime as the one pack from a different seller.",en,,,product_en_0039283
marc-en_0269197,kaggle-marc,digital_ebook_purchase,5,"Awesome book !!

Awesome book that is straightforward and to the point. Very useful information and a great straight point for anyone interested in this topic.",en,,,product_en_0294804
marc-en_0362001,kaggle-marc,automotive,5,"Looks Great!

Covered up the common RAM rust spots well. Great looking product!",en,,,product_en_0782681
marc-en_0050065,kaggle-marc,grocery,5,"Sour cherry jamI

I liked the taste. Could eat it right out of the jar. But it's too expensive for such a small amount.",en,,,product_en_0046210
marc-en_0633835,kaggle-marc,wireless,2,"Very short lifespan

I received these for Father's day 2018. At first I really loved them, but the battery doesn't last long, therefore I could only use one at a time while the other stayed in the charger. After five months they stopped working. I could charge them all day and night and they would not come on. What a waste of money. I'm very disappointed and highly recommend you look into a different product. Unfortunately the time to return these have come and gone and now I'm stuck with a useless paperweight",en,,,product_en_0929875
marc-en_0412789,kaggle-marc,wireless,3,"Why won’t it stay in?

I bought this because my original charger finally gave up on me. This one won’t stay inside my phone. The charging piece won’t stay inside my phone.",en,,,product_en_0827210
marc-en_0881506,kaggle-marc,automotive,1,"Only purchase if you have metalworking skills. Is not ""bolt on"".

Most worthless attempt at saving money I have ever encountered. Three of the exhaust runners either hit or miss-align the intake manifold. It took me more that 15 hours to cut and modify the runners to a point where they had an 1/8 of an inch clearance to the intake. Niw that I have everything assembled, and without touching the down pipe connections, now the downpipe is over a half inch off. To make matters worse, the connecting joint is almost too big for the flares on the downpipe and to top it all of, the supplied hardware is almost am inch and a half too short.",en,,,product_en_0867146
marc-en_0603983,kaggle-marc,pet_products,1,"Never again.

If I could give zero stars I would. I decided to try something new. Usually buy the shin bones. Pup is very soft chewer and She managed to break off a piece ball/joint part and started to choke while chewing it. Bones smells so bad. Just threw all of it away. Like this brand, will only buy shin bones.",en,,,product_en_0648298
marc-en_0668716,kaggle-marc,furniture,3,"Not sturdy, but appropriate for price

This is about worth the price you pay for it. It looks fairly nice, but is not super sturdy. It was also initially difficult to put together because of how you have to drill in the nails -you drill them into little wells. I had to get two different screwdrivers. The directions recommend you use an electronic drill to get the nails set and a manual drill to tighten them, and that actually is required.",en,,,product_en_0419185
marc-en_0735836,kaggle-marc,shoes,3,"Returned

understated, but they did not look good on my overstated face.",en,,,product_en_0115571
marc-en_0317754,kaggle-marc,home,3,"Description is false

Not a magnet backing on this as mentioned in the details. Velcro...I bought this because it had a magnet backing only to find out it did not",en,,,product_en_0266230
marc-en_0547922,kaggle-marc,other,5,"BEST UNDERWEAR EVER!!!

My husband is picky about his underwear, but he loves these! They run a little small. My hubby wears M, but I bought these in L. And they fit him perfect. He says the best thing about them (besides comfort, obviously) is the solid piece in the front. There’s no flap. I have always had to hand-sew the flaps closed on all his other underwear. But, not anymore. I love Starter!",en,,,product_en_0717834
marc-en_0841578,kaggle-marc,digital_video_download,5,"An outstanding story, and an OUTSTANDING film!

I saw the John Wayne version of this film in a theatre in 1970. In my opinion this was his best performance of his career. Later, I read the book. I love both versions of the film, but if I had to choose, I would choose the Coen brothers. They really followed the book. As Matty states, ""You must pay for everything in this life. Nothing is free except the grace of God."" She pays a heavy price for justice. The Coen brothers portrayed the ""spirit"" of the story completely. And every actor was totally believable in his/her part. An incredible work of art.",en,,,product_en_0949007
marc-en_0637106,kaggle-marc,shoes,3,"Three Stars

I can't wear these all day. Snug around the toes.",en,,,product_en_0044659
marc-en_0760810,kaggle-marc,electronics,1,"Blank screen will no longer turn on 2nd unit that has done this to me

I bought a second unit after my first one failed. Second one doing same as the first one now. Black or white screen on back and will not turn on or record just shows red light on. tried to reset it and nothing. picture quality is awesome when it works, problem is it doesn't work for long. :(",en,,,product_en_0580114
marc-en_0591001,kaggle-marc,wireless,1,"Finger print scanner doesn't work

Finger print scanned does not work with it on",en,,,product_en_0191815
marc-en_0346007,kaggle-marc,toy,2,"THis crib is adorable and my 3 year old daughter loves it

THis crib is adorable and my 3 year old daughter loves it, but similar to what other people had said, when we put it together the rail split in 3 or 4 places. I don’t really want to go to the trouble of disassembling and returning it, but I’ll be contacting the seller/amazon.",en,,,product_en_0667797
marc-en_0805210,kaggle-marc,wireless,5,"Just as described

Very good case, better then expected",en,,,product_en_0077721
marc-en_0620556,kaggle-marc,digital_video_download,4,"Great movie

I enjoyed that Alabama Moon was a ""clean"" movie that the family can watch. It moved along and kept my interest.",en,,,product_en_0780987
marc-en_0257200,kaggle-marc,kitchen,1,"Don’t bother with this!

This mop is pure rubbish! There are no directions in the box and I cannot get it to work. The mop head is quite small and I don’t expect the hard plastic components to last. I would return this if only I had opened the package immediately. Unfortunately my return window has closed so this will go out with the rest of my trash on Friday.",en,,,product_en_0756425
marc-en_0879645,kaggle-marc,other,2,"Packaging arrived damaged!

The bag containing this food item arrived torn open. Now you have created a hassle for the customer! Please remedy. We have not intention of returning this item. We cannot bother jumping through hoops for a $2. and change food item! We require a full refund, no questions asked!",en,,,product_en_0207762
marc-en_0941497,kaggle-marc,digital_ebook_purchase,5,"Crucial, urgent, and surprisingly hopeful

Essential reading for those who want to learn how to best contribute to redirecting the trajectory of humanity. These lessons should be taught to every educator, government official, CEO, college student, and ambitious teenager.",en,,,product_en_0367146
marc-en_0635987,kaggle-marc,beauty,4,"Nice scrub

Nice body scrub puff. Its thick and lush.",en,,,product_en_0184895
marc-en_0285561,kaggle-marc,home,5,"Great

Just what I expected! Very nice!",en,,,product_en_0820416
marc-en_0564569,kaggle-marc,apparel,5,"Great Purchase

sweater came in pretty fast and it’s really soft on the inside the material is great and I juts plainly love. Great buy !!",en,,,product_en_0657226
marc-en_0012940,kaggle-marc,kitchen,2,"It ok, will not buy again

The large pot is too small",en,,,product_en_0284102
marc-en_0897237,kaggle-marc,pet_products,2,"Not effective.

Used with our three dogs according to directions. No apparent benefit for two of our dogs, and the yeast may have actually compounded the problem of allergies with the third.",en,,,product_en_0021250
marc-en_0326422,kaggle-marc,apparel,3,"Three Stars

A bit low cut and pricey but need a padded tank and couldn't find one at the store.",en,,,product_en_0070360
marc-en_0935784,kaggle-marc,electronics,2,"Poor quality, works ok

Sounds issues with these",en,,,product_en_0904320
marc-en_0713439,kaggle-marc,home,5,"feels great and very light weight

great throw for high end sofa, and works with any style even contemporary sleek sectionals",en,,,product_en_0067281
marc-en_0614327,kaggle-marc,wireless,2,"Fails to connect

Works well when it connects. Fails to connect to my iPad about 50% of the time.",en,,,product_en_0221505
marc-en_0969583,kaggle-marc,home_improvement,2,"Doesn't indicate photoelectric anywhere on package, instructions or the item itself

We ordered these because of 3 main features 1. photoelectric, 2. smoke and CO, 3 battery operated. Upon receipt it doesn't' say photoelectric anywhere. I honest to god just put out a neighbors fire last weekend and it was the early detection of photoelectric that saved his home. The alarm went off at the smoldering stage and he wasn't home but we heard the alarm, we busted in and saved the place with a large fire extinguisher. I will not chance using a detector that is not clearly photoelectric, so we immediately returned it, so not able to comment on effectiveness. Can't take the risk.",en,,,product_en_0587539
marc-en_0390860,kaggle-marc,kitchen,3,"I couldn’t get them to work very well.

The small cover didn’t seem to work very well. I don’t feel that they do Avery good job from keeping the avocado from turning brown",en,,,product_en_0695113
marc-en_0364771,kaggle-marc,drugstore,1,"Missing product

I never received this order,I need a refund or the product",en,,,product_en_0226356
marc-en_0653972,kaggle-marc,wireless,2,"Two Stars

Not the right color of pink, but it does the job.",en,,,product_en_0777519
marc-en_0004501,kaggle-marc,book,5,"Nice

Bought this for my grandson",en,,,product_en_0924819
marc-en_0942094,kaggle-marc,digital_ebook_purchase,5,"Definitely amazing cookbook! A collection of recipes intended for a ...

Definitely amazing cookbook! A collection of recipes intended for a living alone or two. So, there's no way to fast food store, just start a healthy living with this slow cooker for two cookbook.",en,,,product_en_0542660
marc-en_0729296,kaggle-marc,electronics,4,"I like these earbuds a lot

I like these earbuds a lot! I bought these about 6 or 7 months ago and they still work great today! With the thick cord it does not tangle that much. The sound quality is phenomenal! If you are a fan of loud music I would definitely recommend these.",en,,,product_en_0138141
marc-en_0664167,kaggle-marc,grocery,1,"I like heat but this is a little ridiculous

I like heat but this is a little ridiculous. It is all heat, no ranch flavor at all. Even cutting it with normal ranch the taste is way off.",en,,,product_en_0472430
marc-en_0061690,kaggle-marc,home_improvement,4,"Great unit

Great unit.. led are really bring... Outlet are all working..",en,,,product_en_0560295
marc-en_0796629,kaggle-marc,luggage,5,"She loved very much as a birthday gift and also said ...

She loved very much as a birthday gift and also said it will come in handy for all kinds of outings.",en,,,product_en_0682777
marc-en_0554819,kaggle-marc,toy,1,"Disappointed

Brought this as an Christmas gift for my son. Assembly was pretty easy I liked how sturdy the materials were. However it stopped working the first day he played with it. Was very disappointed because the cars on the track would stop moving and it was times when they would get off track. I would not recommend this product at all.",en,,,product_en_0767406
marc-en_0887062,kaggle-marc,pet_products,2,"Small

Very small. Will be canceling subscription. I only have 1 cat and he always looks very uncomfortable in it.",en,,,product_en_0094471
marc-en_0234139,kaggle-marc,sports,4,"Great value and quality

I have used this item daily for a month now. I have used up to 160 lb of resistance without a problem. It is very sturdy and a perfect length. The grips are comfortable and don’t slide. I have not had any issues. For the price this is a great value and great quality. I highly recommend this for any home gym with resistance bands. I would have given 5 stars if it didn’t have to be screwed together. A solid bar would have been better. It hasn’t caused me any problems I just tighten it every once in a while.",en,,,product_en_0956255
marc-en_0211123,kaggle-marc,electronics,4,"Nice headphones

I like these headphones but wish the cord was longer. My niece uses them with her phone just fine, but when we plug into her computer she has a real limited range of movement. Really cute design though and good sound quality .",en,,,product_en_0592052
marc-en_0740833,kaggle-marc,grocery,4,"EXPENSIVE - BUT GOOD!

PRICE IS TOO EXPENSIVE BUT TASTE IS GOOD",en,,,product_en_0672209
marc-en_0261533,kaggle-marc,home,3,"My daughter collects these. The first one I ordered ...

My daughter collects these. The first one I ordered came with a broken arm. I returned it for a second one. It came with green (dress) paint up the arm.",en,,,product_en_0259352
marc-en_0656187,kaggle-marc,other,3,"Not for me

Too little for too much money. Barely noticed any change. You have to use this for the crepe erase to work.",en,,,product_en_0501824
marc-en_0457033,kaggle-marc,apparel,3,"Too tight

I’m usually a small in everything, and when I ordered this and tried it on, I couldn’t breathe in it. Way too tight.",en,,,product_en_0655218
marc-en_0322199,kaggle-marc,jewelry,3,"Not bad

Make sure you have two pairs of pliers, those balls are wedged on TIGHT. They work just fine though.",en,,,product_en_0400669
marc-en_0142992,kaggle-marc,home,2,"Isn't Dyson supposed to be engineering marvels

Cheap garbage thin plastic. Tiny dust collection bin that contains a filter, makes sense BUT pet hair doesn't want to come out. Have to stick your fingers into the open collection bin to out it loose. That's messy and gross. Hose/wand removal from handle body is awkward and the cheap plastic construction makes you baby it. Hose suction is less than impressive anyway. The handle is difficult to lock into the upright storage position and regularly, when you think it is locked up, it isn't, and therefore falls hard to the floor. It steers like a dream! ....yeah that doesn't make up for its shortfalls. Not even close really. Returned this piece of junk and bought a Shark with a nice big dust collection bin/cylinder.",en,,,product_en_0902200
marc-en_0429754,kaggle-marc,beauty,4,"Great wig for the price!

Edited review (POST-con): LOVE this wig!! It's SO CUTE on and I got so many compliments for my Wreck it Ralph 2 costume!! I trimmed it a bit in certain places (it was pretty uniform on the top, so I cut some pieces to get dimension), and I pulled a LITTLE volume from the top (though it didn't do much, tbh). I wore it all day at the con and the ""tangling"" is minimal for what it is. For non-lace-front, this is great quality!",en,,,product_en_0508550
marc-en_0498067,kaggle-marc,pc,5,"Good Low Profile Bargain Video card

Exactly as described, works well",en,,,product_en_0680219
marc-en_0465273,kaggle-marc,book,1,"One Star

Grandpa doesn't use it",en,,,product_en_0606117
marc-en_0451398,kaggle-marc,drugstore,5,"Five Stars

I take Carnitine for recovery and endurance, this product does the job, and does it well.",en,,,product_en_0488511
marc-en_0133836,kaggle-marc,book,2,"Not for me.

Might be better for a beginner, new to the industry. Wasn't very informative, or what I was looking for at all. If you have any retail background the information will be reminders at best.",en,,,product_en_0304320
marc-en_0117795,kaggle-marc,electronics,3,"Disappointed

I love what this product is suppose to offer but falls short. While it does hold my phone (iPhone X Max) in the cradle while driving and going over bumps in the road. (important) but it with each bump it chirps as if it quits charging then chirps again to start charging. The buttons to open the side arms is very awkward and behind the phone. Therefore only 3 stars.",en,,,product_en_0729355
marc-en_0757375,kaggle-marc,baby_product,1,"One Star

This is definitely a fake.",en,,,product_en_0502896
marc-en_0968905,kaggle-marc,baby_product,3,"Good Product

I ordered two and only one showed up. It might be coming late but it’s been a while.",en,,,product_en_0261173
marc-en_0325745,kaggle-marc,kitchen,5,"Works great

The peeler works exactly as I hoped it would. I bought it specifically to peel mangoes and it does a great job.",en,,,product_en_0525108
marc-en_0671284,kaggle-marc,industrial_supplies,3,"Sent ripped up product

These bandaids work great and I’ve ordered them before but this time the box came to me torn open. But the shipping packaging was intact. So it means I was sent a ripped up product. All of them are there it’s just annoying. I’m glad they are all individually wrapped or I’d be returning :/",en,,,product_en_0964673
marc-de_0520784,kaggle-marc,furniture,3,"Geht schon

Ansich ganz gute Boxen aber schon etwas teuer und der Deckel wackelt ziemlich stark. Wenn man etwas dichtes möchte entweder abdichten oder etwas anderes kaufen. Für normale lagerung in Räumen sind die schon gut",de,,,product_de_0188935
marc-de_0895904,kaggle-marc,other,1,"Braucht ewig - und dann ist die Wäsche auch noch feucht!

Ein sehr enttäuschendes Ergebnis - hätte ich nicht von Miele erwartet. Wenige teile Wäsche - über 2 Stunden - und dann nicht trocken",de,,,product_de_0046651
marc-de_0469242,kaggle-marc,toy,1,"funktioniert nicht

Es erfüllt seinen angegeben Zweck absolut nicht. Das heißt das ganze Teil bleibt im Einkaufswagen stecken, gedacht war ja zum Entriegeln. also nur ein großer lästiger Chip",de,,,product_de_0606472
marc-de_0397755,kaggle-marc,office_product,4,"Gut, aber nicht so stark wie erhofft

Die Magneten funktionieren recht gut, sind aber nicht so stark wie erhofft.",de,,,product_de_0100715
marc-de_0052454,kaggle-marc,home_improvement,4,"Armin

Sehr guter Tacker und gute Qualität für den Preis.",de,,,product_de_0530329
marc-de_0669214,kaggle-marc,shoes,3,"Idee nicht schlecht, aber

der Halter, an dem die Tasche befestigt wird, hätte etwas kürzer sein können. Meine zur Zeit genutzte Handtasche kommt trotzdem auf dem Fußboden auf. Hab mir noch ein anderes Modell von einer anderen Firma bestellt, da war es besser. Generell aber eine schöne Sache.",de,,,product_de_0373879
marc-de_0006320,kaggle-marc,home,2,"Hmm..

Denke mal das Bild sagt alles",de,,,product_de_0045614
marc-de_0866987,kaggle-marc,toy,5,"Top

Top. Carrera war gestern. Tolle Idee gut umgesetzt.",de,,,product_de_0914644
marc-de_0808694,kaggle-marc,furniture,5,"Geschenk

Ein tolles Geschenk für Pärchen jeden Alters",de,,,product_de_0473270
marc-de_0466836,kaggle-marc,electronics,2,"Kopfhörer funktionieren einseitig nicht mehr

Nach leider schon zwei Monaten ist der Kopfhörer einseitig kaputt, tut sich gar nichts mehr. Ist die Seite mit den Lautstärkeknöpfen, vielleicht gibt es hier eine Schwachstelle.",de,,,product_de_0048882
marc-de_0214987,kaggle-marc,digital_ebook_purchase,2,"Leider enttäuscht vom dritten Teil

Bisher hatte mir die Elektrik-Reihe von E. L. Todd am besten gefallen, jedoch wurde meine Meinung mit diesem Buch revidiert. Die ersten zwei Bücher fand ich sehr stark und auch empfehlenswert und hatte mich wirklich sehr auf den dritten Teil gefreut. In dem Teil gehts die ganze Zeit um die Gefühle von Volt und Taylor und ich fand es unnötig in die Länge gezogen. Taylor schwärmt schon so lange von Volt, gesteht sich endlich alles ein und ist dann bei jedem Streit wie ein kleines Kind und verzieht sich?! Gleichzeitig gab es auch Unstimmigkeiten, meines Empfindens, denn am Ende vom zweiten Teil hat Volt noch versucht Taylors Ex zu überzeugen und ihm nicht geglaubt als er sagte, Taylor würde auf ihn stehen und versucht den Ex zu überzeugen dass Taylor ohne ihn nicht könne und er es selber gehört habe. Aber am Anfang vom dritten Teil scheint Volt alles vergessen zu haben und kämpft um Taylor. Ich hatte gehofft, dass das der letzte Teil der Reihe ist und denke, dass dieser Teil der schwächste ist und auch gleichzeitig ziemlich unnötig. Ich werde trotzdem den vierten Teil lesen und hoffe das dann auch endlich rauskommt, das Taylors Freundin Sarah die Ex von Volt ist. Das würde wieder mehr Spannung in die Geschichte bringen.",de,,,product_de_0207647
marc-de_0368072,kaggle-marc,shoes,5,"Preis Leistung stimmt

Preis Leistung super. Tolle knallige Farben. Passform wie angegossen.",de,,,product_de_0577586
marc-de_0093400,kaggle-marc,wireless,5,"Unzerstörbar

Ich muss sagen ich bin mehr als beeindruckt! Das Kabel ist unglaublich stabil. Es ist relativ dick aber dennoch sehr flexibel und nicht zu Starr. Man kann dran ziehen und reisen es geht nicht kaputt und man sieht es dem Kabel auch nicht an. Sehr zu empfehlen wenn man wie ich regelmäßig neue Kabel kauft weil man die anderen kaputt gemacht hat ...",de,,,product_de_0382922
marc-de_0185780,kaggle-marc,camera,2,"Der Sender funktioniert nicht

Funktioniert gut wenn es auf der Kamera ist. Der Sender funktioniert nicht, er kann nur direkt mit einer Hotshoe-Verbindung arbeiten.",de,,,product_de_0858195
marc-de_0415104,kaggle-marc,pc,5,"super hülle!

Die Hülle sieht wirklich sehr schön aus und passt PERFEKT! Zu Anfang dachte ich die Hülle wäre totaler misst aber das läge eher an der eigenen Dummheit. Ich dachte das untere Teil könnte man nicht richtig anbringen und es würde einfach nur lose dadrunter liegen. Es ist aber alles bombenfest!",de,,,product_de_0763377
marc-de_0268183,kaggle-marc,apparel,5,"Einfach top !

Die Hose ist genau wie beschrieben, passt perfekt und ist definitiv Blickdicht aber dennoch recht dünn Also alles super",de,,,product_de_0325938
marc-de_0314900,kaggle-marc,pet_products,2,"Wirklich für Vögel?

Der Ring sieht auf den ersten Blick sehr gut aus aber : ER IST MIT DRAHT UMWICKELT was für unsere Vögel nicht gut enden kann",de,,,product_de_0511971
marc-de_0147374,kaggle-marc,sports,4,"Ausreichend

Preisleistungsverhältnis finde ich sehr gut, wenn man einfach wieder etwas fitter werden möchte, für Profisportler ist es allerdings denke ich weniger geeignet, da zb. die Stärkeneinstellung auf höchster Stufe für mich noch sehr einfach war. Die Funktionen sind einfach gestaltet, man kann den ungefähren Kalorienverbrauch einsehen, Pulssensor uvm für meine Bedürfnisse definitiv ausreichend einziges Manko es klappert etwas beim Schneller fahren... ansonsten ok.",de,,,product_de_0945827
marc-de_0531658,kaggle-marc,watch,3,"Sieht sehr schön aus aber das Armband haut nicht hin

Sieht sehr schön aus aber mit dem Armband haut das nicht hin würde ich nicht mehr bestellen",de,,,product_de_0760582
marc-de_0165094,kaggle-marc,home,2,"Nach 1 Jahr defekt

Nach genau 1 Jahr defekt. Schade. Wurde im Kinderzimmer benutzt. Leucht gab warmes Licht ab. Dabei Kein Summen oder Flackern.",de,,,product_de_0240843
marc-de_0380269,kaggle-marc,other,4,"Waschmaschine, große Trommel, große Öffnung

Anfangs etwas ungewohnt in der Bedienung . Wir haben uns aneinander gewöhnt und ich bin mit der Leistung zufrieden.",de,,,product_de_0095078
marc-de_0351139,kaggle-marc,wireless,1,"Passt nicht richtig

Ich hatte diese Hülle für mein Huawei P9 gekauft, bin aber sehr unzufrieden damit. Die Hülle ist etwas zu groß für mein Gerät, leider habe ich die Verpackung schon zurückgeschickt und kann somit das Produkt nicht mehr umtauschen. Gut möglich, dass ich ein Montagsprodukt erwischt habe, naja, auf Grund meiner Erfahrung kann ich niemanden zu diesem Produkt raten.",de,,,product_de_0673332
marc-de_0585186,kaggle-marc,wireless,4,"Gut aber mit Einschränkung

Touchscreen funktioniert ohne Probleme. Sitzt gut, leider muss der Schutz zum laden jedes Mal entfernt werden.",de,,,product_de_0043614
marc-de_0448754,kaggle-marc,furniture,3,"Sehr schön, aber eher ein Teppich

Die Weltkarten-Matte habe ich für meinen Neffen bestellt, die Größe ist wirklich in Ordnung und das Muster ist genauso süß wie auf den Fotos des Verkäufers. Allerdings ist es für mich nicht wirklich eine Matte, sondern eher ein etwas festerer Teppich. Daher auch bei Kälte kein Schutz auf dem Boden für das Kind oder Rutschfestigkeit vorhanden.",de,,,product_de_0004189
marc-de_0544916,kaggle-marc,beauty,2,"Nicht das gelbe vom Ei

Habe es für meine Mutter bestellt. Die Tapes haften sehr schlecht auf der Haut (gründlich gereinigt/entfettet) und lösen sich meist schon komplett ab wenn man den Ohrring durch stösst. Ist vielleicht auch nicht für jeden Hauttypen geeignet.",de,,,product_de_0480375
marc-de_0124796,kaggle-marc,office_product,2,"Nicht jedes Novus Gerät kommt aus Deutschland!

Man sollte genau darauf achten welchen Tacker man von Novus bestellt da nicht alle aus Deutschland kommen was bei der Produktbeschreibung etwas irreführend beschrieben wird - Wir benutzten bei der Arbeit einen Novus Tacker der aus Deutschland stammt und man merkt ein deutlichen unterschied zu diesem der aus China stammt - Ich hab nichts gegen Produkte die aus China kommen da heutzutage fast alles von dort kommt allerdings würde ich gerne eindeutig darüber informiert werden wollen woher das Produkt kommt was ich kaufe",de,,,product_de_0418391
marc-de_0598927,kaggle-marc,sports,3,"Ganz OK...

Ist ziemlich laut, besonders bei Nachtzeiten so nicht zu gebrauchen. Aufblasen funktioniert einigermaßen gut. Besser tagsüber benutzen um Ärger mit Nachbarn zu vermeiden.",de,,,product_de_0221126
marc-de_0683266,kaggle-marc,sports,2,"Gibt keinen Ton von sich

Mehr als 30 Euro für eine simple Fahrradklingel, welche auch nur ""Bing"" macht, sind sehr viel Geld. Dafür sollte die Klingel zumindest hochwertig verarbeitet sein - ist sie aber leider nicht. Der Hammer schlägt nicht auf die Glocke, egal, wie oft man ihn auch auslöst; der Abstand ist einfach zu groß . Man muss den Hammer erst per Hand verbiegen, bis die Klingel funktioniert; das ist bei dieser Preisklasse ein absolutes NoGo. Wenn man die Klingel dann endlich zum Klingen gebracht hat: der Klang ist schön, sie ist etwas lauter als andere Klingeln und der Klingelton hallt etwas länger nach. Ist dem Mehrpreis allerdings in keinster Weise angemessen; ich würde diese Klingel nicht mehr kaufen.",de,,,product_de_0418349
marc-de_0435389,kaggle-marc,home,4,"Für einfache Aufgaben

Der Stift ist zwar sehr günstig und die Handhabung im Großen und Ganzen gut, nur war die Extrusion bei meinem 3D-Pen sehr unregelmäßig, wodurch das Ziehen gleichmäßiger Linien schwierig war. Man hörte den Motor richtig kämpfen. Nach kurzem Supportkontakt habe ich den Stift zurückgeschickt. Bei nochmaliger Kontaktaufnahme durch den Support (sehr freundlich übrigens) habe ich erfahren, dass es jetzt wohl eine verbesserte Version gibt. Aber da hatte ich mir leider schon ein Konkurrenzprodukt bestellt.",de,,,product_de_0542086
marc-de_0030309,kaggle-marc,automotive,4,"Lange Lieferzeit aber top Projektor

Die Projektoren sind leicht mit den Sensoren zu installieren und die Projektion ist gestochen scharf. 2 negative Aspekte,die Klebe Folie auf der Rückseite ist etwas schwach.(Hab es mit Spiegel Klebeband befestigt) Und die lange Lieferzeit",de,,,product_de_0075092
marc-de_0070144,kaggle-marc,sports,1,"Reklamation

Leider funktioniert die Schere nicht, bitte um Regulierung Danke",de,,,product_de_0166046
marc-de_0679240,kaggle-marc,drugstore,1,"Nicht empfehlenswert Sorry

Hat leider nicht wo funktioniert wie erwünscht... und sich da erstmal rein zu finden was was bedeutet auf den Display der Fernbedienung hat auch eine Weile gedauert",de,,,product_de_0289400
marc-de_0722506,kaggle-marc,lawn_and_garden,2,"Schmerzt in den Ohren.

Das Produkt wurde super zügig versandt, vollständig geliefert, leicht zu installieren und es war erst mal voll zu unserer Zufriedenheit dafür 2 Sterne, bis wir es an gemacht haben. Das Tier Repeller ist bestimmt wirkungsvoll, denn was ich mit Bestimmtheit sagen kann es würde auch uns vom Garten fern halten. Der Ton ist extrem hoch, so das es uns in denn Ohren schmerzte, besonders die Kinder empfanden den Ton als sehr unangenehm. Müssen ihn leider zurückschicken da er für uns nicht alltagstauglich ist.",de,,,product_de_0944615
marc-de_0712963,kaggle-marc,home_improvement,2,"Produkt an sich top, Außensensor leider schon nach 6 Monaten kaputt

Prinzipiell bin ich sehr zufrieden mit diesem Produkt. Die Installation ging sehr einfach von statten, und auch die Funkweite ist sehr gut, dabei gibt es keinerlei Probleme mit der Übertragung von innen nach außen. Auch das Design des Gerätes finde ich ansprechend. Es ist sehr schlicht gehalten und lässt sich entweder an der Wand montieren oder wie ein kleiner Bilderrahmen aufstellen. Das einzig ärgerliche ist, dass nach ca. einem halben Jahr Nutzungsdauer das Gerät welches die Werte außen misst kaputt zu sein scheint. Dabei scheint das Thermometer noch intakt zu sein, hier werden weiterhin plausible Werte angezeigt. Das Hygrometer hingegen ist wohl hin, denn es werden stets völlig astronomische Werte der Außenluftfeuchtigkeit angezeigt. Das ist sehr schade, da das Gerät außen an einer geschützten Stelle angebracht wurde und auch der Grund warum ich diesem Produkt nur zwei Sterne gebe.",de,,,product_de_0620380
marc-de_0945996,kaggle-marc,office_product,4,"Schnell und praktisch

Sehr schneller, freundlicher und hilfreicher Verkäufer. Das Whiteboard ließ sich gut montieren u und verschafft einen guten Überblick.",de,,,product_de_0170271
marc-de_0737092,kaggle-marc,wireless,3,"Qualität leider nicht so gut

Leider etwas unzufrieden schon nach kurzer Zeit nach der ersten Stunde Kratzer auf der Rückseite von der Optik einfach super schön tolles Muster liegt auch gut in der Hand nur leider diese Kratzer mich stört so etwas weil man das immer spürt wenn man das Handy in die Hand nimmt für diesen Preis hab ich mehr erwartet das erste mal da sich soviel für eine Hülle ausgegeben habe dieser ganze Schutz ist aber trotzdem sehr schön wenn es nicht stört das die Hülle nach 1 Stunde schön aussieht als hätte man sie schon 1 Jahr drauf",de,,,product_de_0705476
marc-de_0069752,kaggle-marc,beauty,4,"Ok

Nägel sind ok, stabil und halten gut. Leider aber sehr sehr lang.",de,,,product_de_0483333
marc-de_0094824,kaggle-marc,toy,4,"Tolles Kuscheltier von Steiff

Für meinen Sohn gekauft. Genau so wie erwartet.",de,,,product_de_0608311
marc-de_0407297,kaggle-marc,other,5,"top

sehr schön empfehle jedem Verarbeitung sehr sauber",de,,,product_de_0364883
marc-de_0333710,kaggle-marc,grocery,2,"Enttäuscht von Geschmack und Qualität

Der Kaffee schmeckt nicht wie erwartet, andere Kaffeeprodukte gängiger Marken oder Hersteller sind wesentlich schmackhafter, hätte mir von Käfer wesentlich mehr erwartet",de,,,product_de_0318465
marc-de_0157628,kaggle-marc,shoes,2,"Schutzkappe

Super Schuhe....leider die Schutzkappe zu eng...",de,,,product_de_0940294
marc-de_0699224,kaggle-marc,home_improvement,5,"Meine absolute Kaufempfehlung

Geniale Sache - funktioniert einwandfrei",de,,,product_de_0407017
marc-de_0070059,kaggle-marc,home,1,"Packet zurück gegangen,Geld nicht bekommen.

Durch Schwierigkeiten in der Zustellung konnte das Packet bei mir nicht zugestellt werden. Also ging es zurück an den Absender. Der reagiert nicht auf Nachrichten und das Geld gab es natürlich auch nicht zurück. Einfach nur hinterhältig.",de,,,product_de_0718600
marc-de_0341118,kaggle-marc,home_improvement,1,"Fehlende Teile

Zusammenbau nicht möglich, es fehlen diverse Teile. Bin gespannt wieviel mir die Rücksendung kosten wird. Nie wieder!!!!!!",de,,,product_de_0533785
marc-de_0636375,kaggle-marc,toy,4,"alles wie beschrieben

Schönes Geschenk zum 12. Geburtstag",de,,,product_de_0096164
marc-de_0520890,kaggle-marc,industrial_supplies,5,"ein prima stabiler Gummi

genau so habe ich mir den Gummi gewünscht. Ich verwende ihn um meinen Rollstuhl im Auto zu befestigen, dazu ist er perfekt. Er ist stabil, d.h. nicht zu leicht dehnbar, er ist ganz leicht verstellbar und daher flexibel und universell einsetzbar... für mich ideal. Ich habe ihn jetzt 3 Monate in Verwendung.",de,,,product_de_0120001
marc-de_0418260,kaggle-marc,drugstore,1,"👎

Also waldmeister schmecke ich jetzt nicht. Es schmeckt leider komisch kann ich nicht beschreiben. Den Stern gibt es wegen der schnellen Lieferung",de,,,product_de_0720283
marc-de_0571212,kaggle-marc,home,1,"Hält nicht dicht

Mehr gibt es fast nicht zu sagen. Nach nur zwei Tagen erkennt man schon, dass die Säcke etwas aufbläht sind. Und das betrifft leider nicht nur ein paar, sondern alle durch die Bank. Damit (zumindest für meine Zwecke) leider absolut nutzlos. Leider hatte ich sie schon zu lange herum liegen bevor ich sie endlich in Verwendung nahm. Das Rückgaberecht ist dadurch wohl ausgelaufen.",de,,,product_de_0215535
marc-de_0792159,kaggle-marc,home_improvement,4,"Passgenauigkeit

Mir gefällt der Bezug super! Mein einziger Makel das die Öffnung relativ klein ist das man das Kissen förmlich rein quetschen muss aber es passt.",de,,,product_de_0459599
marc-de_0571692,kaggle-marc,wireless,3,"Folie passt nicht

Schnelle Lieferung, aber leider passt die Folie nicht richtig!! Geld wurde erstattet",de,,,product_de_0488338
marc-de_0849235,kaggle-marc,baby_product,3,"Matratze....

Artikel ist eigentlich ganz gut.... nur die angegebenen 11cm Höhe, stimmen auf keinen Fall. Ich habe nach fast 1 Woche gerade einmal knapp 9 1/2 cm in der Höhe.... leider",de,,,product_de_0703840
marc-de_0761981,kaggle-marc,pc,5,"Top Monitor fürs Gaming!

Toller Kontrast, starke Farben. Die Helligkeit ist optimal und dank 144Hz fliest alles nur so dahin. Holt euch das Teil!",de,,,product_de_0867005
marc-de_0595054,kaggle-marc,kitchen,1,"nach 3min. Gebrauch schaltet sich das Gerät ab

nach 3min. Gebrauch schaltet sich das Gerät ab-Überhitzungsschutz- er dauert dann 10min bis das Gerät wieder in Gebrauch genommen werden kann, dass kann in der täglichen Arbeit echt zum Problem werden! Kostenfaktor für KitchenAid Stabmixer und effektive Laufzeit gerechtfertigten den hohen Anschaffungspreis nicht. Dann tut es auch ein Stabmixer für 50€",de,,,product_de_0678255
marc-de_0771895,kaggle-marc,wireless,4,"In Ordnung

Super schön und modern . Sie ist außerdem total leicht zu bedienen und ein Hingucker.",de,,,product_de_0912775
marc-de_0085659,kaggle-marc,wireless,3,"macht was es soll

Insgesamt habe ich keine großen Fehler feststellen können. für gelegentlich Aufnahmen ist das OK....auch wenn es teuerere und besserere Optionen gibt.",de,,,product_de_0725313
marc-de_0041212,kaggle-marc,wireless,2,"Schützt nicht komplettes display

Ist zu schmal für das P20 pro. Links und Rechts jeweils 2mm ungeschützter Display, was zudem die Sicht auf den Display behindert, da man eine Unterbrechung am Rand hat..",de,,,product_de_0793963
marc-de_0638693,kaggle-marc,grocery,4,"Edel und schönes Geschenk

Sehr edel verpackt,eine schöne Auswahl an Tee und Quantität entspricht Qualität. Kaufempfehlung 👍🏻",de,,,product_de_0963198
marc-de_0093946,kaggle-marc,industrial_supplies,3,"Im großen und ganzen eine gute Wahl

Gute Größe und Stabilität Leider sind die Fußgelenke fest und man kann sie nicht einzeln bewegen Konturen auch schön erkennbar",de,,,product_de_0222766
marc-de_0402814,kaggle-marc,apparel,5,"Super schöne Jacke

Super schöne warme Jacke toll verarbeitet mit vielen kleinen Details Lieferung hat alles super geklappt und sehr schnell sehr zufrieden",de,,,product_de_0332313
marc-de_0343650,kaggle-marc,sports,3,"Gute Qualität, aber unbequem

Der Stuhl ist gut verarbeitet, lässt sich gut auf und zuklappen und macht einen stabilen Eindruck. Allerdings ist er nicht sonderlich bequem, da die Stange an den Oberschenkeln trotz schon guter Polsterung drückt. Außerdem ist der Stuhl für den Sommer eher ungeeignet, da man so sehr von dem Stuhl umgeben ist, dass eine Luftzirkulation kaum stattfindet und es somit sehr schnell sehr warm wird.",de,,,product_de_0003888
marc-de_0859010,kaggle-marc,lawn_and_garden,5,"Sehr schön und stabil

Sehr schöne Kästen, stabil und dekorativ. Auch hier wieder kleines Manko: warum muss man einen Karton nochmal in einen Karton packen? Und dann noch einzeln verschickt. Ich habe drei Kästen gekauft, macht sechs Kartons.",de,,,product_de_0383641
marc-de_0471052,kaggle-marc,home,3,"Sehr kuschelig aber nur 40° waschbar

Die Bettwäsche ist durchaus sehr kuschelig aber anders, wie angegeben, stand auf der Verpackung, dass die Bettwäsche nur bei 40° waschbar sei. Außerdem hat sich nach dem dritten beziehen der Reißverschluss der Bettdecke verabschiedet. Sehr schade und vielleicht auch nur ein Einzelfall.",de,,,product_de_0402401
marc-de_0556434,kaggle-marc,sports,1,"Defekt (undicht) nach unter 4 Monaten

Habe 2 Brillen am 16.05. gekauft. Beide sind undicht, da das Silikon gerissen ist. Wir haben die Brillen gut behandelt, daher kann die Qualität nur schlecht sein. 1 Urlaub und eine halbe Saison Schwimmkurs waren drin. Das ist mir deutlich zu wenig für den Preis.",de,,,product_de_0138592
marc-de_0463996,kaggle-marc,automotive,1,"Nach 1 Jahr Nutzung lädt Headset (Akku defekt ?) nicht mehr auf.

Etwas undeutlich bei den ersten Ansagen (2-3 Worte,,) vom Navi und das immet wieder, dann ok. ABER - Headset defekt nach etwas über 1 Jahr - lädt nicht mehr.",de,,,product_de_0886288
marc-de_0221947,kaggle-marc,camera,1,"Falscher Artikel

Geil! Statt Selfielicht einfach ein Aschenbecher bekommen..! Danke Amazon...!",de,,,product_de_0792416
marc-de_0049013,kaggle-marc,home,3,"Rezeptbuch fehlt

Wo bleibt das versprochene Rezeptbuch? Sonst na ja, o.k. Der Boden hat sich bereits nach 2maligen Gebrauch verzogen. Öl sammelt sich am Rand. Brät aber gut.",de,,,product_de_0734087
marc-de_0557860,kaggle-marc,home,2,"A und E wären schön gewesen

Leider fehlten die Buchstaben A und E völlig,S, M, L waren nur vereinzelt vorhanden, dafür reichlich X, Y und Z. Leider sind die Perlen dadurch nur begrenzt einsetzbar für mich. Schade. Sonst von der Qualität ok.",de,,,product_de_0822941
marc-de_0521657,kaggle-marc,home_improvement,5,"Tippi Toppi

Super Spy-PEN. Wir sind wirklich sehr zufrieden mit der Kamera. Die Bilder sind mehr als in Ordnung, wenn man bedenkt, wie klein die Kamera ist. Auch die Verbindung zur Auswertung funktioniert im Handumdrehen. Plug&Play und das kinderleicht. Preis / Leistung 1A. Nur der Akku könnte ein wenig länger halten.",de,,,product_de_0148639
marc-de_0803393,kaggle-marc,toy,3,"Qualität geht so

Mein Sohn hat sehr über Sam gefreut. Allerdings lässt die Verarbeitung etwas zu wünschen übrig.",de,,,product_de_0493912
marc-de_0697600,kaggle-marc,home,4,"Okay

2 von 3 sind kaputt nur ein bisschen aber kaputt ist kaputt. Lieferung und Preis sind top sie sehen top aus 😊 und ich würde sie noch mal kaufe",de,,,product_de_0913230
marc-de_0681329,kaggle-marc,shoes,2,"Stoff gerissen

Der Stoff ist beim ersten Schnüren der Schuhe gerissen.",de,,,product_de_0891631
marc-de_0260632,kaggle-marc,furniture,4,"Tolles mehrteiliges Set

Gestern bestellt und heute schon da. Ein richtig tolles Set zum Kürbis schnitzen. Ich freie mich schon darauf heuer einen ausgefallenen Kürbis selber schnitzen zu können. Werkzeug macht einen sehr stabilen Eindruck. Alles super verpackt und geordnet.",de,,,product_de_0556205
marc-de_0510070,kaggle-marc,home,5,"Prima

Für einen 4-jährigen Fan dieser Serie genau das richtige Geburtstagsgeschenk. Es vergeht kein Tag, an dem er sich nicht über diese freut. Das Tuch ist sehr flauschig und angenehm beim abtrocknen.",de,,,product_de_0430795
marc-de_0865133,kaggle-marc,digital_ebook_purchase,2,"Grottenschlechte Übersetzung

Kann mich nur den Vorrezessionen anschließen. Die Romanserie an sich ist nicht schlecht. Die Übersetzungen werden aber von Roman zu Roman immer schlechter!",de,,,product_de_0190150
marc-de_0778395,kaggle-marc,sports,3,"Es ist gut

Gefällt mir sehr gut",de,,,product_de_0666612
marc-de_0377323,kaggle-marc,sports,3,"ein tolles Produkt

Aufbau und Reinigung sehr leicht. Flasche hält dicht. Dennoch nur 3 Sterne da der Obsteinsatz länger sein könnte. Wenn man den Einsatz nicht vor dem letzten Viertel Flüssigkeit entfernt, bekommt man diese nicht mehr durch die Trinköffnung heraus. Insgesamt für den Preis ok.",de,,,product_de_0999310
marc-de_0217512,kaggle-marc,sports,1,"gefährlich und mangelhaft

Mein Fazit nach 6 Jahren: kaum genutzt und im sechsten Jahr echt gefährlich! Das Trampolin hat leider nicht gehalten, was man sich von einem “ Markenartikel “ erhofft. Ich habe es in den ersten drei Jahren immer zum Winter hin komplett demontiert und trocken gelagert. Nach dem zweiten Jahr traten rostige Stellen am Gestell und an anderen Stellen auf, obwohl es sich um ein verzinktes Gestell und ein Produkt handelt, dass als Outdoor Artikel beworben wird. Die Polsterungen um die Stangen haben sich auch nicht lange bewährt und nach ca. 3 Jahren war das Material so spröde, dass es sich aufgelöst hat. Nach drei Jahren habe ich es dann im Winter nicht mehr abgebaut. Die Sprungmatte mit UV Beschichtung ist dieses Jahr bei der ersten Benutzung komplett gerissen. Den Zustand kann man auf den Bildern gut sehen, langlebig und stabil sieht anders aus. Nicht nur dass ich jetzt einen großen teuren Schrotthaufen im Garten stehen habe, der Schreck wenn man durch das Netz knallt und die Verletzungsgefahr die von diesem qualitativ mangelhaften Produkt ausgeht...definitiv nicht empfehlenswert...",de,,,product_de_0837274
marc-de_0894150,kaggle-marc,automotive,4,"Sitzbezüge-set

schnelle Lieferung. Beschreibung im Angebot entspricht der gelieferten Bezügen. Passform für mein Auto Renault Clio Grandtour gut. Nur die Bezüge für die Nackenstützen sind mehr als knapp, aber machbar. Das Kunstleder ist unempfindlich und hat schon Milch, Schokolade und matschige Hundepfoten problemlos überstanden. Ich würde diese Bezüge sofort wieder kaufen.",de,,,product_de_0340545
marc-de_0590332,kaggle-marc,home_improvement,3,"Leichte Messertasche

Kann man benutzen, aber lieber mehr Geld ausgeben und vernünftigere Messertasche kaufen.",de,,,product_de_0373989
marc-de_0348157,kaggle-marc,other,3,"Oldies

Eine schöne Sammlung von alten Schlagern. Leider werden keine Titel angezeigt, sondern nur Titel 1, Titel 2, etc. Das ist wirklich schade, so kann man keine Titel auswählen!",de,,,product_de_0230115
marc-de_0922365,kaggle-marc,wireless,1,"Schlechte Folie, nach nur einem Tag mit Riss

Was eine miese Qualität, Folie drauf gepackt, hat erst gut gehalten und dann fing sie an sich auf der linken Seite abzulösen und nen Riss hat sie inzwischen auch (obwohl noch keine spitzen Gegenstände in der Nähe waren!!",de,,,product_de_0861322
marc-de_0476275,kaggle-marc,wireless,2,"Glattes Cover

Das Cover sieht sehr gut aus und passt genau. Es ist nur viel zu glatt. dadurch liegt es nicht sicher in der Hand",de,,,product_de_0058525
marc-de_0398472,kaggle-marc,baby_product,2,"Nicht empfehlenswert. Würde lieber etwas teures kaufen

Der ganze Set sieht sehr billig aus, Qualität gefällt mir nicht. Hab noch nicht ausprobiert. Hoffe erfühlt einige Massen den zwek. Hätte lieber was teures bestellt",de,,,product_de_0976807
marc-de_0903937,kaggle-marc,wireless,5,"Schönes, günstiges aber einwandfreies Produkt

Die Folie kommt sicher verpackt und mit allem dabei was zum sicheren Montieren benötigt wird. Die Folie kann problemlos ohne Blasen aufgetragen werden und sie ist sehr passgenau. Sie passt exakt auf das Display und schließt, auch ohne von Hüllen wieder angehoben zu werden, den kompletten Display unter sich ein. Bin rundum zufrieden.",de,,,product_de_0425172
marc-de_0305418,kaggle-marc,pet_products,5,"Super Spielzeug

Meine Katzen fahren total darauf ab. Besonders mein Kätzchen liebt es. Finde es toll für den Preis so eine Auswahl und so eine Qualität bekommen zu haben!! :))",de,,,product_de_0871398
marc-de_0549988,kaggle-marc,electronics,3,"naja, naja

Der Empfang könnte wesentlich besser sein. Ja sie ist billig, und das merkt man hier auch. Kann nicht mit einer Orginalantenne verglichen werden.",de,,,product_de_0940985
marc-de_0450530,kaggle-marc,wireless,5,"Hammer einfach

Einfacher geht es nicht und Punkt",de,,,product_de_0463347
marc-de_0547823,kaggle-marc,digital_ebook_purchase,1,"Kindisch, langweilig, voller Fehler

Der Stil des Romans ist belanglos und größtenteils kindisch. Es gibt keine Spannung, somit auch keinen Spannungsbogen, Rechtschreibung und Zeichensetzung zählen auch nicht zu den Stärken der Autorin oder des Autors. Keine Empfehlung.",de,,,product_de_0496922
marc-de_0526594,kaggle-marc,home,5,"einfach super

die kleine schnee eule ist klasse, sie sitzt auf dem gartenhaus und leuchtet jeden abend. kann ich nur weiter empfehlen.",de,,,product_de_0860965
marc-de_0468820,kaggle-marc,home,2,"So platzsparend sind sie aber nicht

Ich habe sehr gefreut, als ich diese platzsparende Kleiderbügel entdeckt habe, da wir gerade richtig wenig Platz zum paken haben. Naja. Was soll ich sagen. So platzsparend sind die Kleiderbügel leider nicht. Mag sein, dass man mehr Kleidungen in den Schränke packen kann, aber mann muss damit rechnen, dass die ganze so sehr runterhängt, dass man dafür in unterem Bereich nicht mehr packen kann. (siehe Bilder) 2 Sterne für die schnelle Lieferung und für die problemlose Rücksendung.",de,,,product_de_0068013
marc-de_0799457,kaggle-marc,musical_instruments,1,"Nicht geliefert bis jetzt

Ist leider noch nicht bei mir angekommen. Lange Lieferzeit. Sollte am 1. Juni ankommen, leider bis jetzt noch nicht da",de,,,product_de_0382963
marc-de_0113033,kaggle-marc,home,4,"Sehr funktionales Licht mit toller Fernbedienung, Helligkeit etwas niedrig

Die Lampe steht sehr stabil, das Kabel hängt leider hässlich hinten raus. Die Fernbedienung funktioniert sehr gut und ist sehr praktisch. Das Licht kann sehr beliebig ausgerichtet werden, der verdrehbare Arm macht viel mit. Das Licht selber ist in der höchsten Stufe nicht so hell, wie ich erwartet habe, daher insgesamt nur 4 Sterne (auch wegen dem Kabel).",de,,,product_de_0457318
marc-de_0526884,kaggle-marc,sports,3,"Keine gute Näharbeit der Klettverschlüsse!

Leider sind die Nähte an den Klettverschlüssen nicht gut vernäht! 2x auf zu und die Naht war gerissen und andere reißen auch schon.",de,,,product_de_0632706
marc-de_0773296,kaggle-marc,musical_instruments,1,"Geht lieber zum Fachhandel

Kam gleich mit gerissener Saite an",de,,,product_de_0200022
marc-de_0788355,kaggle-marc,pc,1,"schlechte Qualität

nach wenigen Tagen wieder zurückgeschickt, da die Genauigkeit und Reaktion einfach schlecht war.Anfangs sehr gt, aber schnell lies die Qualität nach.",de,,,product_de_0290454
marc-de_0060084,kaggle-marc,automotive,5,"Passt perfekt

Stauraum kann viel besser benutzt werden! Gute Passform und schön verarbeitet!",de,,,product_de_0809635
marc-de_0118403,kaggle-marc,watch,4,"Fast perfekt

Die Datumsanzeige ist ohne Lupe fast nicht zu erkennen, sonst sehr sportlich elegante Uhr mit gutem Tragekomfort.",de,,,product_de_0822868
marc-de_0149817,kaggle-marc,home_improvement,1,"Fusselt extrem

Ich habe mir 2 Kissen bestellt und beide fusseln extrem. Ich würde mir die Kissen definitiv nicht noch einmal bestellen.",de,,,product_de_0836260
marc-de_0926105,kaggle-marc,apparel,1,"Nicht zu empfehlen.

Schlechte Qualität, nach einmal trage bereits defekt.",de,,,product_de_0788003
marc-de_0972627,kaggle-marc,toy,4,"Schnelle Lieferung.

Schnelle Lieferung. Größe Paket. Aber leider, viele stifte warne kaputt zerbrochen. Stifte sind zu dun für Kinder hende geeignet und zu kurz .Leider nicht das was ich mir vo gestellt habe. Trotzdem kann man sehr gut benutzen. . Für schmelz Bilder....",de,,,product_de_0664067
marc-de_0718787,kaggle-marc,home,1,"Nie mehr

Ich fühle mich verarscht",de,,,product_de_0154732
marc-de_0973839,kaggle-marc,home,1,"Beschreibung stimmt nicht! Nicht für Induktion geeignet!!!

Die Bilder sehen anders aus als die gelieferte Ware. Damit könnte ich noch leben, denn die Pfannen sind ganz hübsch. AAAAber: Dellen, Kratzer und am Schlimmsten: NICHT FÜR INDUKTION GEEIGNET!!!! Mein Herd schreibt eine Fehlermeldung und auf den Pfannen fehlt auch das entsprechende Symbol!!",de,,,product_de_0308239
marc-de_0183976,kaggle-marc,sports,4,"Wenn man die Ergebnisse von dem Sport messen möchte

Da ist der längerer Zeit Sport mache und gerne wissen möchte wie hoch mein Körperfettanteil ist, habe ich mir diese Körperfettzange gekauft. Das Material ist gut, leider kann man die Werte sehr schlecht ablesen wenn man die Zange auf der hinteren Seite benutzt. Am besten holt man sich dazu dann Hilfe.",de,,,product_de_0826679
marc-de_0089112,kaggle-marc,lawn_and_garden,4,"Bewässerungskugel

Blumen gießen leicht gemacht wenn man mal für paar Tage weg ist",de,,,product_de_0404656
marc-de_0637592,kaggle-marc,furniture,3,"Kleiderständer

So lala, ist sehr wackelig.",de,,,product_de_0850700
marc-de_0218028,kaggle-marc,musical_instruments,4,"Schöne Flöte!

Tolle Blockflöte für Anfänger. Inklusive Etui, Fett und Putzer. Klingt gut.",de,,,product_de_0131490
marc-de_0673391,kaggle-marc,home,1,"Schlechte Qualität

Leider keine gute Qualität des Gerätes nach dem dritten Mal Auffüllen leider defekt.",de,,,product_de_0551096
marc-de_0804927,kaggle-marc,home,2,"Schwierig

Sobald etwas drauf drauf liegt läuft auch das Wasser schlecht ab und du hast einen Badesee in deiner Dusche. Hygiene Null da sich Shampoo und sonstiges drauf ansetzt.",de,,,product_de_0012921
marc-de_0894906,kaggle-marc,office_product,3,"3 Bestellungen bis alles gepasst hat

Nach der Rücksendung meiner ersten fehlerhaften Patronen, wollte ich Ihnen noch eine Chance geben mir funktionsfähige Patronen zu senden. Leider waren in der zweiten Sendung nicht die richtigen Patronen für meinen Drucker drinnen. Zum zweiten mal zurückgeschickt. Habe sie dann noch einmal bestellt und beim dritten Versuch hat alles funktioniert. Daher nur 3/5 Sternen.",de,,,product_de_0176206
marc-de_0047803,kaggle-marc,home,4,"Tolles, edles Geschenk

Ich habe die Becher mit Strohalm und Untertasse meinem Bruder zum Geburtstag geschenkt und sie haben ihm sehr gut gefallen. Ein tolles, edles Geschenk!",de,,,product_de_0313008
marc-de_0237074,kaggle-marc,home,5,"Gutes Produkt, empfehlenswert

Ein guter Sauger den man auch für das Auto nehemen kann. Auch der Geräuschpegel ist erträglich und nicht zu laut, und hat auch eine gute Saugkraft für das kleine Akku. Ich kann dieses Gerät nur bestens weiter empfehlen!",de,,,product_de_0377985
marc-de_0486377,kaggle-marc,beauty,1,"Schlecht

Die Hälfte der Pinsel sind für den Müll, sie sind hart und bei den anderen stehen einzelne Härchen ab und gehen bei der ersten Benutzung des Gels kaputt.",de,,,product_de_0655607
marc-de_0823755,kaggle-marc,grocery,5,"Sehr guter, leckerer Kaffee

Eine tolle Bohne. Sehr bekömmlich und schmeckt super. Man darf keinen normalen Kaffee erwarten. Es ist etwas anderes, aber das Geld auf jeden Fall wert. Geschmacklich etwas herber, als „normaler“ Kaffee. Sehr lecker!",de,,,product_de_0713463
marc-de_0238593,kaggle-marc,pet_products,4,"Zufrieden!!!

Entspricht nicht nur unseren Vorstellungen, sondern auch der Katzen. Lieferung sehr schnell, Material scheint äußerlich total in Ordnung zu sein.",de,,,product_de_0445793
marc-de_0311619,kaggle-marc,home,2,"Zu spät

Leider kam die Lieferung zu spät.",de,,,product_de_0234825
marc-de_0489440,kaggle-marc,toy,4,"Ganz süßes Kostüm

Das Kostüm ist ganz niedlich und passt auch sehr gut. Die Stoffqualität lässt zu wünschen übrig... 100% Polyester und sehr dünner Stoff. Aber für ein paar Stunden Fasching und für den Preis in Ordnung!",de,,,product_de_0105190
marc-de_0249099,kaggle-marc,drugstore,2,"keine Besserung

schnelle Lieferung Konnte bei mir leider keine Besserung mit der Müdigkeit feststellen nach 6 Wochen einnahme. wirklich sehr sehr schade",de,,,product_de_0464633
marc-de_0893086,kaggle-marc,digital_video_download,2,"Langweilig

Thema zu lang gezogen kein richtiges Ende",de,,,product_de_0281425
marc-de_0350234,kaggle-marc,sports,5,"Klasse

Super bequeme Strümpfe ,erfüllen ihren zweck und sehen dabei noch gut aus",de,,,product_de_0675491
marc-de_0359486,kaggle-marc,sports,1,"Rückerstattung ist bis heute nicht erfolgt trotz Meldung an Amazon

Verkäufer reagiert nicht",de,,,product_de_0838502
marc-de_0282359,kaggle-marc,drugstore,2,"Völlig überteuert!

Es handelt sich wohl um ein hochwertiges ÖL, welches aber völlig überteuert ist. Man bedenke 10ml für 55 EUR! Eine entsprechende Wirkung konnte ich ebenfalls nicht feststellen!",de,,,product_de_0316719
marc-de_0277529,kaggle-marc,lawn_and_garden,3,"Ganz Okay

Ich hatte die Jahre zuvor die in Wachs getränkten Anzünder, die brannten besser. Diese hier sind etwas schwieriger zu entzünden. Wenn sie allerdings mal brennen, erfüllen sie ihren Zweck.",de,,,product_de_0028601
marc-de_0292087,kaggle-marc,apparel,4,"Alles gut danke

Alles gut geklappt! Danke, ich bin mit dem Produkt sehr zufrieden",de,,,product_de_0332264
marc-de_0521200,kaggle-marc,wireless,4,"Wirklich gut

Ich nahm leider erstmal an, dass mein Akku nicht mehr will mit der so gut wie doppelten Power wie zu meinem alten Gerät läd diese Stadion sehr gut auf, bei dem S6 liegt leider die Kamera zw. der Platte somit kann das Handy nicht maximale Berührung mit der Station bringen, daher ein Stern abzug, es ist für den Preis denke deutlich gesünder als gleich ein neues Handy, dazu lädt es auch das Handy auf wenn es horizontal liegt z.B. wenn man eine serie von amazon prime sieht, somit muss ich nicht mehr unnötige Halterungen mir jedesmal basteln:)",de,,,product_de_0427122
marc-de_0473822,kaggle-marc,electronics,1,"Schrott

Schrott. Hülle schliesst nicht. 10€ rausgeschmissen. Bin stink sauer.",de,,,product_de_0450240
marc-de_0018828,kaggle-marc,beauty,1,"Finger weg!

Diese Wimpern sehen nicht nur super unschön und unecht aus sondern halten überhaupt nicht richtig . Die Magnete sind zu schwach ich hab schon bessere gehabt für das selbe Geld . Kommen in den Müll",de,,,product_de_0580340
marc-de_0203045,kaggle-marc,beauty,5,"sehr geehrte damen u. herren

creme ist sehr gut ,zieht schnell ein u.glättet gut,angenehmer geruch kann sie nur weterempfehlen,verpackung u. lieferung sehr gut,würde sie wiederbestellen",de,,,product_de_0368598
marc-de_0413973,kaggle-marc,home,4,"kuschelweich

Wir haben die Bettwäsche gleich nach Erhalt bezogen, sie ist schön weich und sieht gut verarbeitet aus.",de,,,product_de_0705461
marc-de_0005409,kaggle-marc,luggage,3,"Rucksack

Rucksack entspricht den vorstellungen",de,,,product_de_0739079
marc-de_0103838,kaggle-marc,pc,1,"Bild flimmert und wird nicht erkannt

Am zweiten Gebrauchstag fing der Adapter an zu spinnen, ich konnte nur eingeschränkt per HDMI arbeiten, da ein ständiges Flimmern das Sichtfeld behinderte. Ton ist ab und an ganz ausgefallen. Definitiv keine Kaufempfehlung!!",de,,,product_de_0927022
marc-de_0726687,kaggle-marc,home_improvement,5,"Auf jeden Fall wert für den Preis

Ich bin zufrieden mit dem Lötgerät. Das Lötgerät ist sehr klein was ich wirklich mag. Seine Temperatur ist einstellbar, was viel hilft. Es hat eine schöne Tasche und noch wichtiger, das Multimeter ist im Preis inbegriffen.",de,,,product_de_0879883
marc-de_0401527,kaggle-marc,lawn_and_garden,2,"Leider nur 2 Keimlinge

Ich habe wirklich den grünen Daumen.Auch Beruflich. Die gratis Tomaten Saat war super. Aber von den Gurken sind nur 2 gekeimt und dann in sich verkümmert. Schade ,ist mir noch nie passiert. Aber da steckt man nicht drin wie man so schön sagt. Alles nach Anleitung ausgeführt. Vielleicht versuche ich es nächstes Jahr noch mal.",de,,,product_de_0111046
marc-de_0313342,kaggle-marc,apparel,3,"Nur bedingte Kaufempfehlung

ich hatte mich von den bisherigen Rezensionen zum Kauf dieser Leggings verleiten lassen. Ich finde sie sehr dünn und sie leiern schnell aus, könnten strammer sitzen, was vielleicht auch am Material liegt. Naja, zum auf dem Sofa lümmeln sind sie ganz ok. und vielleicht sollte man auch einfach bei dem Preis nicht mehr verlangen.....",de,,,product_de_0229878
marc-de_0054002,kaggle-marc,wireless,4,"👍🏻

Ein Stern Abzug weil der Touchscreen nicht ganz so gut funktioniert aber sonst 👍🏻",de,,,product_de_0462496
marc-de_0211858,kaggle-marc,furniture,2,"Preis-Leistung ist in Ordnung

Da es mir sehr günstig vorkam, habe ich die kleinste Variante bestellt, um die Qualität zu sehen und die ist leider sehr schlecht. Die Fasern haben eine gröbere Struktur als abgebildet. Es wirkt sehr billig und ist rau. Für meine Zwecke (Unterlage unter einem Kleiderständer) genügt er.",de,,,product_de_0747762
marc-de_0710379,kaggle-marc,other,4,"Kleiner Kratzer

Die CD ist echt schön nur leider hat sie einen kleinen Kratzer. Da die CD für ein Geschenk ist enttäuscht mich das etwas",de,,,product_de_0778274
marc-de_0111542,kaggle-marc,wireless,1,".

Funktioniert eigentlich ganz gut jedoch funktioniert bei mir der Aux anschluss nicht und der lautsprecher zum telefonieren rauscht ständig",de,,,product_de_0280150
marc-de_0543915,kaggle-marc,home,3,"Kunststoffbox

Gute Größe und Verarbeitung. Möchte mich aber auch für die schnellen Lieferungen bei Ihnen bedanken. Klappt vorzüglich.",de,,,product_de_0750772
marc-de_0399356,kaggle-marc,beauty,2,"Leider Pickel bekommen

Habe Pickel davon bekommen. Allerdings fühlt sich die Haut danach sehr weich an. Ich schätze, es liegt an meiner empfindlichen Haut, dass das Produkt bei mir diese Reaktion hervorruft.",de,,,product_de_0773521
marc-de_0360162,kaggle-marc,personal_care_appliances,4,"Perfekt

Wird allen relevanten Anforderungen gerecht. Sehr guter Gebrauchsgegenstand.",de,,,product_de_0846429
marc-de_0553567,kaggle-marc,other,5,"Tolle Armbänder

Super schöne Armbänder wo endlich an jedes Handgelenk passen. Auch für kinderarme. Sehr saubere und schöne Qualität. Auch nach dem Schwimmen oder Duschen sehen Sie aus wie am ersten Tag. Kann ich nur empfehlen.",de,,,product_de_0873075
marc-de_0027404,kaggle-marc,drugstore,5,"Zufrieden

Zufrieden ,gut vertragen",de,,,product_de_0427884
marc-de_0318524,kaggle-marc,watch,5,"Sehr zufrieden 😀

Würde ich immer wieder kaufen",de,,,product_de_0396870
marc-de_0058118,kaggle-marc,home_improvement,2,"Schnelle Abnutzung der Farbe

Schon nach sehr kurzer Zeit hat auch eine starke Abnutzung der Farbe gezeigt. Jetzt sieht es nicht mehr so schön aus. Bin etwas enttäuscht. Aber an sich ist die Hülle sonst sehr stabil.",de,,,product_de_0253826
marc-de_0541796,kaggle-marc,wireless,3,"Hulle

Passgenauigkeit nicht zu 100%",de,,,product_de_0755214
marc-de_0267693,kaggle-marc,personal_care_appliances,1,"Noch nicht erhalten

Ich habe bis heute den 13.09.2019 noch keine Lieferung erhalten.Das finde ich schade, das sowas vorkommt.",de,,,product_de_0018388
marc-de_0223970,kaggle-marc,home_improvement,1,"Schlecht

Hatte mich riesig gefreut aber die leuchten haben nicht mal 2 Tage ausgehalten. 5 Stunden waren sie vielleicht an und das nicht mal in Wasser.",de,,,product_de_0113649
marc-de_0118765,kaggle-marc,home_improvement,3,"Instabil bei max.Höhe

Für den professionellen Einsatz zu instabil,zum Hausgebrauch ok",de,,,product_de_0533050
marc-de_0463126,kaggle-marc,wireless,3,".

Doe Schrauben passten nicht zu meinen RearBoxen",de,,,product_de_0855884
marc-de_0750727,kaggle-marc,shoes,3,"Paßform

Keine gute Paßform. Der Fuß steht eher wackelig im Schuh. Das Fußbett ist flacher als bei anderen Crocs. Für mich war er nichts.",de,,,product_de_0298443
marc-de_0647580,kaggle-marc,jewelry,5,"Angenehm zu tragen!

Das Armband sieht toll aus, sehr stabil und trägt sich schön angenehm! Wurde genau nach Wunsch gemacht! Preis- Leistungsverhältnis spitze!!!",de,,,product_de_0638718
marc-de_0139233,kaggle-marc,automotive,5,"Zufrieden

Funktioniert wie beschrieben, ein bissl mehr glänzen könnte es am Ende. Wie lange es hält? Werden wir sehen.",de,,,product_de_0304415
marc-de_0412881,kaggle-marc,other,3,"Nett gemacht

Ganz nett gemacht für den Anfang Wenn man die Übungen wiederholt...hört man auch mmer wieder die Geschichte an...Auf Dauer nervig",de,,,product_de_0450967
marc-de_0822606,kaggle-marc,automotive,1,"Kabelsatz

Habe mich auf das Set gefreut, nur bei mir fehlen die abgebildeten Adapter Kabel, wie bekomme ich diese nach? Daher bisher einen Stern",de,,,product_de_0865277
marc-de_0287019,kaggle-marc,pc,1,"Irgendwie seltsam für den Preis

Eine Kabelmaus für 2,80 EUR stecke ich an den PC. Fertig. Bei diesem Produkt kommt das Kabel nicht von der Maus sondern von Pad an den PC. Alternativ kann man auch das Kabel vom Pad lösen und an die Maus anbringen. Wo ist dabei bitte schön die Innovation und was soll der Begriff Wireless in dieser Konstruktion. Ich fühle mich verarscht. Das Teil ging sofort zurück.",de,,,product_de_0506903
marc-de_0091981,kaggle-marc,wireless,2,"Kann man machen, muss man aber nicht.

Einfache Bedienung, Schnelle Connectivität, Schreckliches Hintergrund Rauschen. Schick das Ding wieder zurück. Hab mehr erwartet für 20€ .. und all dem guten Rezensionen. Evtl. Liegt es ja am Auto",de,,,product_de_0501460
marc-de_0692355,kaggle-marc,baby_product,5,"Ideal zu gefrorenen Früchten!

Diese sind ideal für Kinderkrankheiten. Gefrorene Früchte funktionieren am besten und das Baby liebte es. Das gibt definitiv etwas Komfort!",de,,,product_de_0796726
marc-de_0635921,kaggle-marc,home,4,"Coole Idee!

Schönes Sonntag Nachmittags Outfit im Winter!! :D Lästiges verrutschen, etc. entfällt künftig! Zudem netter Gag da diese Art relativ unbekannt und mal was anderes -> gut geeignet als Geschenk. Qualität des Stoffes ist okay, aber nicht top. Fazit: Insgesamt gute P/L Verhältnis und zu empfehlen!",de,,,product_de_0273503
marc-de_0199963,kaggle-marc,drugstore,1,"Defekt!

Leider war die 1. Lieferung von diesem Produkt Defekt und ich musste Zurückgeben. In der Farbe Grau hat es dann Einwandfrei Funktioniert.",de,,,product_de_0008661
marc-de_0926992,kaggle-marc,wireless,2,"Naja

Nach 3 Wochen bei gelegentlicher Nutzung zuhause schon kaputt. Bis auf den Preis und die dafür akzeptable Tonqualität nicht zu empfehlen. Vielleicht Pech, wer weiß",de,,,product_de_0010022
marc-de_0798078,kaggle-marc,toy,5,"Tolles kleines Geschenk

Es war ein Geschenk und ist super angekommen.",de,,,product_de_0065191
marc-de_0336740,kaggle-marc,toy,4,"Ein Kindertraum

Das ist bereits unser zweiter Arztkoffer und zum spielen nur zu empfehlen. Die Qualität der Instrumente ist echt super. 2 sind sogar mit einer Lampe ausgestattet (Fiebermesser und Zahnspiegel). Die Aufkleber müssen erst aufgeklebt werden. Ein kleines Manko ist, das man mit den angesteckten seitlichen Arbeitsflächen den Koffer nicht mehr schließen kann.",de,,,product_de_0258078
marc-de_0169289,kaggle-marc,home,5,"Tip Top!

Super! Habe immer einen in der Handtasche! Man darf ihn nur nicht im Restaurant vergessen.. Und man sollte darauf achten, dass die Strohhalme zuhause gereinigt und gut getrocknet werden, bevor sie zurück ins Handtäschchen dürfen!",de,,,product_de_0572079
marc-de_0675987,kaggle-marc,wireless,5,"Wie dieser Telefonfilm

Ich freue mich sehr über dieses Produkt. Tatsächlich brauche ich dringend ein Glas und hoffe, dass ich meine Fingerfertigkeiten ausprobieren kann. Das Glas ist einfach zu installieren und kaum zu glauben. Ich mag es",de,,,product_de_0291586
marc-de_0529102,kaggle-marc,drugstore,2,"Hilft nicht

Konnte keinen Erfolg feststellen mir geht es immer noch genau so wie vor der Einnahme .Konnte keinen Erfolg feststellen! Mir",de,,,product_de_0353463
marc-de_0278734,kaggle-marc,toy,2,"Farben sind nicht so schön wie auf dem Foto

Farben sind nicht so schön wie auf dem Foto sind sehr blass. Hätte mir das anders vorgestellt.naja was soll es.",de,,,product_de_0756456
marc-de_0911832,kaggle-marc,home,3,"Am Reißverschluss gespart

Zu spät geliefert. Direkt beim ersten Gebrauch geht ein Flaschennetz am Reißverschluss kaputt.",de,,,product_de_0412562
marc-de_0102152,kaggle-marc,office_product,2,"Schön aber....

Zu wenig Seiten für den Preis! Eher was für kids!",de,,,product_de_0374728
marc-de_0292334,kaggle-marc,drugstore,5,"Platzsparend und funktional!

Dekoratives Set. Würde ich wieder kaufen!",de,,,product_de_0710910
marc-de_0353090,kaggle-marc,toy,2,"Hält leider nicht viel aus

Ich hab die Peitsche nur für einen Faschingsball benutzt. Nach ein paar mal schnalzen hat sie sich schon langsam aufgelöst. Also Deko ok, zum Benutzen nicht geeignet.",de,,,product_de_0810931
marc-de_0676170,kaggle-marc,sports,2,"Zu groß und unsicher.

Man kann die Boots keinesfalls an die Beine Anpassen. Es sieht aus wie 'Gebrauchtes Produkt'. Die Qualität des Materials ist nicht so wie beschrieben. kontaktierte den Verkäufer. Leider gibt es keine andere Lösung als das Zurücksenden.",de,,,product_de_0906059
marc-de_0956650,kaggle-marc,wireless,3,"Gut durch Nacharbeiten

Schwierig anzubringen. Den Rand abschneiden, sonst hält es nicht.",de,,,product_de_0791371
marc-de_0324783,kaggle-marc,industrial_supplies,1,"Nicht kaufen

Leider war es bei der ersten Nutzung direkt defekt. Hatte es mir für einen möglichen Einsatz in die Scheune gelegt. Vor 3 Tagen ausgepackt und gemerkt, dass das Gewinde nicht hält. Mangel reklamiert und erfahren, dass es nicht umgetauscht wird. Händler schlecht und das Produkt noch schlechter.",de,,,product_de_0668019
marc-de_0413260,kaggle-marc,luggage,2,"Selber machen...

...heißt die Devise. Für 9 € Papphüllen mit einer dünnen Innenbeschichtung zu bekommen, finde ich schon sehr merkwürdig. Mag zwar helfen, aber sind wohl auch sehr schnell abgenutzt und dann kaputt. Ich würde mir dahingehend eine bessere Produktbeschreibung wünschen. Wer handwerklich nicht unbegabt ist, kann sich das dann auch leicht selber basteln. Die Motive sind ganz nett, aber dass ist auch das Einzige.",de,,,product_de_0887903
marc-de_0494157,kaggle-marc,electronics,5,"60 x Varta Hörgerätebatterien

Ich kaufe immer wieder Nachschub.",de,,,product_de_0792524
marc-de_0300377,kaggle-marc,luggage,5,"Super Rucksack

Der Rucksack sieht sehr cool aus und ist ideal für die Schule. Viele Fächer und auch Platz für ein Notebook. Wirkt hochwertig verarbeitet. Bin echt zufrieden im Vergleich zu meinem letzten Rucksack, der ist bereits kaputt gegangen.",de,,,product_de_0771663
marc-de_0099404,kaggle-marc,musical_instruments,4,"Kapodaster

Lieferung soweit in Ordnung. Ist als Geschenk gedacht. Kann also noch nichts weiter dazu sagen.",de,,,product_de_0050383
marc-de_0523336,kaggle-marc,toy,1,"Größe und Farbe sehr schön, vorsichtig bei aufpusten.

Farbe, Größe toll, aber nach dem aufpusten ein Loch entdeckt.",de,,,product_de_0382851
marc-de_0331298,kaggle-marc,drugstore,4,"Gut

Die Lieferung war wieder super schnell. Ich benutze dieses Produkt erst ein Paar Tage. Somit kann ich nicht nicht all zu viel berichten. Ein bisschen habe ich schon abgenommen. Es scheint zu funktionieren. Mal schauen, wie es weitergeht. Bewertung folgt.",de,,,product_de_0486524
marc-de_0285645,kaggle-marc,drugstore,5,"angenehmer Duft

angenehmer Duft , zu empfehlen",de,,,product_de_0126914
marc-de_0739549,kaggle-marc,home,1,"Nicht mehr schön

Nach 5 mal abwaschen ändert sich das bild nicht mehr. Es bleibt nur noch rot. Schade. War ein geschenk vom liebsten",de,,,product_de_0697907
marc-de_0612862,kaggle-marc,jewelry,2,"Verarbeitung

geht so steine fielen raus",de,,,product_de_0090115
marc-de_0494600,kaggle-marc,baby_product,4,"Gute Idee aber nicht für kleine

Ich finde die Idee wirklich gut, allerdings muss man doch recht kräftig saugen. Hab es selber ausprobiert und es fällt mir schwer. Unsere Kleine bekommt es gar nicht hin. Ich denke es ist eher was für größere Kinder.",de,,,product_de_0064853
marc-de_0707571,kaggle-marc,home,4,"Wunderschön

Schaut sehr schön aus, jedoch sitzen die Blüten nicht sehr fest",de,,,product_de_0117536
marc-de_0899335,kaggle-marc,pc,4,"Preis-Leistung ok.

Ist ein bisschen zu langsam. Zu wenig Ram-Speicher.",de,,,product_de_0408810
marc-de_0566363,kaggle-marc,industrial_supplies,3,"Schneller Versand, aber kein Original Produkt

Schlüssel passen, aber auf dem Schlüssel steht nicht Abus drauf, wovon ich ausgegangen bin",de,,,product_de_0126697
marc-de_0750326,kaggle-marc,pc,3,"50% Ausfallquote

Hatte die Sonoffs im Doppelpack bestellt. Man darf sie natürlich NICHT mit der original Firmware nutzen. Tasmota Firmware drauf flashen war ganz einfach. Danach läuft es auch ordentlich. Aber einer von beiden war direkt defekt geliefert worden. Das WLAN-Modul ist wohl defekt... er meldet sich nicht ordentlich im WLAN an.",de,,,product_de_0640328
marc-de_0569138,kaggle-marc,drugstore,3,"Funkioniert bei mir leider nicht

Hab eine einfallende Nasenscheidewand und schnarche angeblich deswegen. Also habe ich diese Nasenspreizer versucht. Grundsätzlich scheinen Sie zu passen aber in der Früh war der Nasenspreizer auf dem Bettlaken. Die Die Verarbeitung is aber gut, liegt wohl an meinem Rüssel, jetzt probier ich mal ein anderes Produkt.",de,,,product_de_0443758
marc-de_0621632,kaggle-marc,pet_products,3,"Nicht ganz überzeugt

Prinzipiell ist das Hundegeschirr Top. Leider reibt der Verschluss meinem Hund am Vorderbein. Stelle ich es größer, rutscht es auf deinem Rücken herum",de,,,product_de_0279171
marc-de_0557479,kaggle-marc,lawn_and_garden,2,"billig verarbeitet

für den Preis ok, aber wirkliche Qualität sollte man nicht erwarten",de,,,product_de_0518980
marc-de_0367079,kaggle-marc,furniture,4,"Superschön

Farblich passend für meine Gästetoilette. Sieht schön aus, jedoch musste ich die Breite etwas kürzen, da die Gardine dann besser fällt. Ansonsten aber eine super Ware zum kleinen Preis,",de,,,product_de_0090334
marc-de_0727296,kaggle-marc,electronics,5,"Günstiger als vor Ort

Lieferung erfolgte verspätet und Verpackung war seitlich offen. Ansonsten alles nach Wunsch!",de,,,product_de_0011303
marc-de_0895942,kaggle-marc,furniture,1,"Drittes Mal bestellt - Drittes Mal kaputt angekommen

Echt eine Frechheit Da weiß man garnicht was man noch schreiben soll",de,,,product_de_0801328
marc-de_0126949,kaggle-marc,home,5,"Spinnenphobie adé!

Es funktioniert wirklich! Selbst eine Mücke konnte ich von der Decke entfernen und unverletzt nach draußen bringen. Ideal bei Spinnen-Phobie!",de,,,product_de_0079888
marc-de_0261779,kaggle-marc,automotive,2,"Unterwasserlicht für den Pool

Wenn man ein Unterwasserlicht für einen Pool kauft...was erwartet man dann? Das Licht sollte wenigstens für die Wassertiefe von den 20cm unter der Wasseroberfläche wasserdicht sein...mehr erwartet man ja schon gar nicht. Wasser dringt ein, erste Rostbildung nach wenigen Tagen, Licht läßt sich nicht mehr ansteuern! Weg damit und nie wieder bei dem Händler bestellt.....",de,,,product_de_0210260
marc-de_0192440,kaggle-marc,apparel,3,"Fehler beim Sortieren

Da die Verpackung schon geöffnet war, habe ich mir den Inhalt doch etwas näher angesehen: leider war ein Paar in der kleineren, mir zu kleinen Größe zwischen den anderen Socken. Daher leider ein Fall für die Retoure.",de,,,product_de_0503783
marc-de_0775386,kaggle-marc,sports,1,"Miserabel

Nur am scheuern das Ding miserabel",de,,,product_de_0685410
marc-de_0681892,kaggle-marc,camera,3,"Gurt gut - Geruch widerlich

Der Gurt macht einen wertigen Eindruck, allerdings ist der Geruch unerträglich. Nach zwei Tagen auf dem Balkon geht es einigermaßen",de,,,product_de_0464685
marc-de_0543595,kaggle-marc,jewelry,5,"Armbänder

Schöne Armbänder tolle Verarbeitung gern wieder",de,,,product_de_0663207
marc-de_0516872,kaggle-marc,other,3,"Kühl-Gefrier-Kombination

Eine Seite des Kühlers wurde beschädigt.",de,,,product_de_0376080
marc-es_0276024,kaggle-marc,beauty,3,"Bien

Para el precio esta bien,el pegamento de las pegatinas no es el mejor,hay que hacer bastante presión y pegarla varias veces. Pero para el precio y la cantidad están bien.",es,,,product_es_0316051
marc-es_0577857,kaggle-marc,home_improvement,1,"No me ha llegado el artículo

No me ha llegado el pedido",es,,,product_es_0598326
marc-es_0242649,kaggle-marc,sports,1,"Es muy bonito

Es tal cual lo vi en la fotografía",es,,,product_es_0339598
marc-es_0873971,kaggle-marc,pc,4,"Pasable

Cuesta ponerlo un poco y es una lámina de plástico para arañazos genial",es,,,product_es_0203164
marc-es_0903893,kaggle-marc,electronics,4,"Increible relación calidad/precio

Es un producto muy bueno por el precio que tiene. + Se escucha genial + La batería aguanta bastante tiempo + Muy confortables + Si no tienes batería o no necesitas estar por bluetooth, tienes el cable + Se conecta con el bluetooth del móvil u ordenador rapidísimo - he tenido otros auriculares inalámbricos y me llevaba muchísimo más tiempo! - A veces el micro va mal y parece que tengo que acercar el movil para hablar - A veces hay un doble pitido que no sé de qué es, y corta la señal de la música",es,,,product_es_0363978
marc-es_0828573,kaggle-marc,baby_product,3,"Bien

Para el capazo de Jane es complicado de sujetarlo y que no entre agua y sobre todo viento, pero para el maxicosi va genial",es,,,product_es_0604327
marc-es_0024211,kaggle-marc,home_improvement,2,"Se supone que al llegar al par de apriete deja de apretar , no es asi

Compré la llave por el par de apriete para unos tornillos de monturas para un visor de mi rifle. Por desgracia se rompió un tornillo con lo que conlleva está rotura. No la he vuelto a utilizar.",es,,,product_es_0396094
marc-es_0824418,kaggle-marc,home,5,"Excelente calidad

Servicio fantástico y rápido. Muy bien embalado. Los tarros son de excelente calidad y justo lo que me esperaba. Los recomiendo ya que son de muy buena calidad y muy higiénicos. Los compré para reemplazar todos mis contenedores de plástico. Los volvería a comprar. Excelente calidad/precio.",es,,,product_es_0010905
marc-es_0500659,kaggle-marc,wireless,5,"Las prestaciones, la cámara, la bateria

La pantalla muy bien. Lo que no me ha gustado es que no es tan intuitivo como el iPhone",es,,,product_es_0142190
marc-es_0440570,kaggle-marc,wireless,2,"No cubre toda la pantalla

El cristal no cubre toda la pantalla. Funds daba el pego y no estaba nada mal, pero cristal no vale ya que por un golpe mínimo adiós el mobil",es,,,product_es_0345022
marc-es_0351333,kaggle-marc,wireless,2,"Cámara

Calidad mejorable de video",es,,,product_es_0758474
marc-es_0353511,kaggle-marc,wireless,5,"Muy Bonito

Esteticamente es perfecto para mi gusto, de momento va muy bien, es fluido, colores reales, la camara echa unas fotos pasable, de memoria va despachado y junto a una SD va sobrado, su tamaño es ideal para la mano, lleva huella en lateral derecho, donde mismo se enciende, y me ha gustado el detalle, gusto donde solemos poner los dedos, muy comodo, el Bluetooth empareja rapidamente. Para un usuario medio es un móvil que en calidad/precio es perfecto",es,,,product_es_0620636
marc-es_0040280,kaggle-marc,wireless,5,"Tranquilidad

Muy buena calidad precio",es,,,product_es_0601856
marc-es_0283595,kaggle-marc,watch,2,"Devuelto.

Bonito diseño y buen funcionamiento mientras duró, es decir, dos meses. Me han devuelto el dinero, he devuelto el reloj y todos contentos.",es,,,product_es_0762963
marc-es_0792947,kaggle-marc,home,5,"Me gusta mucho

Como tengo lavavajillas no uso en exceso el escurridor. Así que quería uno pequeño que tuviera la salida de agua y que cupiera en mi fregadero. Este es perfecto. Permite apilar las cosas muy fácil. Que las paredes sean altas viene muy bien para que las cosas se sostengan y queden recogidas. En fin. Una buena compra.",es,,,product_es_0144817
marc-es_0756547,kaggle-marc,pc,5,"FUNCIONALIDAD Y PROTECCIÓN

Excelente, he aumentado enormemente la versatilidad de mi ipad con el teclado que incorpora esta funda protectora al mismo tiempo que su seguridad activa.",es,,,product_es_0561774
marc-es_0377951,kaggle-marc,pet_products,2,"Decepcionada

He quedado bastante decepcionada. Mi perro tiene el pelo corto y suelta mucho pelo. El guante lo que hace es levantar el pelo de mi perro cuando se lo paso pero no lo recoge muy bien. Me lleno mas de pelos yo que el guante. Y los cepillos tampoco cogen el pelo demasiado bien, sea de la ropa o del sofa o de las cama de mis perro",es,,,product_es_0888698
marc-es_0209180,kaggle-marc,luggage,4,"Bonita y práctica

Es muy bonita y práctica. Me gusta la lona y el color. Viene con una bolsa para guardarla. Tiene gran capacidad pero, si no se llena del todo, queda más pequeña porque se encoge, perfecta como bolso. Los dos bolsillos exteriores también son muy prácticos.",es,,,product_es_0574804
marc-es_0435778,kaggle-marc,wireless,3,"Se rompen muy facilmente

Se rompen muy fácilmente, he puesto los tres en menos de 2 meses",es,,,product_es_0712115
marc-es_0989457,kaggle-marc,other,2,"Baja calidad

Es muy lindo porque me encanta el tema de Van Gogh pero la calidad es mala. Es cierto que le doy mucho uso pero ya está descolorido después de año y medio y se ha gastado mucho la parte del lomo del libro. Compraré uno de cuero real y no como figura en google este mismo producto como si fuera de cuero.",es,,,product_es_0093440
marc-es_0000506,kaggle-marc,wireless,4,"Buen móvil

Buen móvil calidad precio. Muy contenta con la compra.",es,,,product_es_0360655
marc-es_0486958,kaggle-marc,sports,1,"decepcionante producto

Para empezar son muy grandes los discos para ser de 2,5 kilos.. luego son discos de arena q se abren con la mirada. Vinieron dos discos rajados , me.imagino por el peso y por algún golpe.. si no tenéis premium no merece la pena ni enviarlo de devolución ya te cobran más de lo q te van a devolver casi... Decepcionante producto..",es,,,product_es_0470987
marc-es_0996761,kaggle-marc,wireless,4,"Correa Tom Tom

Se adapta perfectamente al reloj, la durabilidad la veremos con tiempo.",es,,,product_es_0054625
marc-es_0311664,kaggle-marc,musical_instruments,3,"Cumple con lo esperado para un producto de este precio

El producto cumple con lo esperado. La calidad de sonido es aceptable y la construcción es metálica y da sensación de solidez. Además el packaging está bastante logrado.",es,,,product_es_0767019
marc-es_0995003,kaggle-marc,pc,2,"disco duro devuelto una caca

pues eso que lo devolvi no iba ni venia.",es,,,product_es_0695534
marc-es_0274467,kaggle-marc,home,2,"Deficiente atención al cliente, sin responder los mensajes

He cursado una pregunta al proveedor y no han contestado en relación a la posibilidad de unir la tiras de led y de los dispositivos existentes para hacer posible su unión.",es,,,product_es_0259567
marc-es_0000945,kaggle-marc,wireless,3,"Funda de 3 estrellas

Me gusta e material que han usado pero se podría mejor .",es,,,product_es_0795700
marc-es_0959598,kaggle-marc,baby_product,2,"Mejorable

Es fácil de usar y bastante comoda. Poca durabilidad. Se nos rompio el enganche trasero en pocos meses. Deberían reforzarla más",es,,,product_es_0417602
marc-es_0058841,kaggle-marc,electronics,4,"Buena relación calidad-precio.

Las teclas de preselección de emisoras son muy prácticas.",es,,,product_es_0540691
marc-es_0624201,kaggle-marc,home,4,"Me encanta!

Me encanta! Te crea el ambiente que quieras para todo tipo de momentos a sido una buena compra! Funcionan todos los modos y colores y con un mando controlas todos! Le doy 4 estrellas porque al encenderlo del conmutador muchas veces se encienden dos blancas y una roja o de colores y tienes qe cojer el mando y volverlas a poner blancas por lo demás estupendo!!",es,,,product_es_0276738
marc-es_0008700,kaggle-marc,other,1,"Lento

Es lento, cuando estas viendo algo va como a saltos, no me ha gustado nada.",es,,,product_es_0235987
marc-es_0146845,kaggle-marc,drugstore,1,"Fraude

Me llegó abierta la caja y faltaba una barritas! Un engaño total",es,,,product_es_0853048
marc-es_0490813,kaggle-marc,beauty,2,"Rapidez

Es cómodo y rápido de poner pero no da el calor suficiente para que remueva rápido el esmalte, tarda más que con el aluminio.",es,,,product_es_0026267
marc-es_0449367,kaggle-marc,personal_care_appliances,2,"No es lo que esperaba

Sres : lo pedi para no molestar a la familia con el volumen de la TV y lo que resulta es que no solo casi no rebaja el sonido sino que ademas se producen otros ruidos que molestan enormemente al oido.A los Sres de Amazo decirles que no devolvi este aparato porque el envoltorio llego muy deteriorado .En general NO LO RECOMIENDO.",es,,,product_es_0154566
marc-es_0011115,kaggle-marc,personal_care_appliances,4,"Masajeador de dedos.

Aparato cómodo y relajante.",es,,,product_es_0044117
marc-es_0226137,kaggle-marc,wireless,3,"Buen telefono

Un teléfono ajustado a la definición. Sencillo y práctico. El timbre de llamada un poco bajo",es,,,product_es_0345434
marc-es_0755195,kaggle-marc,wireless,4,"Practico

Aun esta siendo evaluado, hay cosas que las veo mejorables",es,,,product_es_0846453
marc-es_0601879,kaggle-marc,home,4,"Tabla de planchar muy ligera pero fácil de romperse

La tabla de planchar en sí está muy bien. Se ve bastante robusta, aunque la superficie de planchado está hecho de un material parecido al porexpan, pero muy compacto. Es muy ligera y no cuesta nada alzar la con una sola mano. La primera entrega que nos hicieron la tuvimos que devolver porque la superficie de planchado estaba rota. La verdad es que me sorprendió bastante la forma de entrega del producto. Nos vino tan sólo envuelta en una fina capa de papel burbuja. Con lo cual, no me extraña que los repartidores con las prisas la hubieran roto. En este aspecto debo dar una muy mala puntuación. Nunca había recibido por amazon un producto tan mal empaquetado! Y allí encontré el resultado: estaba roto. Hace muy poco tiempo que tengo la tabla y todavía es pronto para saber el resultado. En cuanto a las patas, dan mucha estabilidad. Es bastante grande y amplia. Con lo cual se gana mucho tiempo ya que las prendas grandes se pueden extender muy bien. El enchufe incorporado es muy práctico ya que ganas cordón para facilitar la movilidad en el planchado.",es,,,product_es_0213701
marc-es_0173984,kaggle-marc,drugstore,5,"Simplemente genial

No tiene plástico, genial, con carbón activado",es,,,product_es_0915932
marc-es_0535332,kaggle-marc,pet_products,2,"Mal envío

Llegan muy dobladas no sirven.. No hay quien las ponga derechas",es,,,product_es_0680048
marc-es_0655388,kaggle-marc,wireless,2,"Mala calidad, no lo compres!

Me llego el 15 de abril de 2019, hace 1 mes y medio (no llega) y ya está roto. (Con foto) De mala calidad, el anterior que compre (de otra marca) me duró 1 año. Una vergüenza lo poco que dura. No lo compres!",es,,,product_es_0881752
marc-es_0243465,kaggle-marc,drugstore,5,"MUY BUEN PRODUCTO

Lo recomiendo. Yo, lo vengo utilizando hace unos meses y me va muy bien, para la gastritis y ardor estomacal. Tomo dos al día.",es,,,product_es_0904050
marc-es_0782806,kaggle-marc,wireless,1,"Construcción del material barato

Mal calidad del plastico/ material. Me cayó una vez al suelo, y se ha roto parte del plastico. Caro por lo que se vende.",es,,,product_es_0946041
marc-es_0330831,kaggle-marc,beauty,1,"Precio caro, producto diminuto

Es una pena que para lo pequeño que es el precio es súper caro",es,,,product_es_0963190
marc-es_0519168,kaggle-marc,pc,4,"Buena calidad

El protector es de buena calidad, pero no se adapta por completo a los bordes de la pantalla. Pero parece resistente.",es,,,product_es_0396608
marc-es_0272296,kaggle-marc,office_product,5,"práctico

El papel sigue siendo papel. Actualizado. Perfecto. Y no necesita pilas",es,,,product_es_0073096
marc-es_0880338,kaggle-marc,wireless,1,"MALA CALIDAD

la funda se ha rajado en un mes, sin haber tenido una sola caída...",es,,,product_es_0874630
marc-es_0177604,kaggle-marc,wireless,1,"No comprar

Se caen a los 20 minutos de ponerse",es,,,product_es_0484780
marc-es_0868871,kaggle-marc,jewelry,4,"Adecuados

Adecuados. Me parecían más pequeños en la foto pero aún así quedan bastante bien",es,,,product_es_0751799
marc-es_0612429,kaggle-marc,other,3,"Que funcione siempre correctamente

Siempre está en marcha con el contacto dado y no puede ofrecerme el servicio de cómo espejo Cuando se pone en funcionamiento sale siempre la marcha atrás El ADAS. No para de avisar Lo voy a devolver No cumple las espectativas mínimas esperadas José Ramon",es,,,product_es_0257815
marc-es_0700484,kaggle-marc,wireless,3,"Interesante

Esta muy bien pero me defraudó la frontal ya que no reacciona bien la huella dactilar",es,,,product_es_0289139
marc-es_0997989,kaggle-marc,automotive,5,"FUNCIÓN CORRECTA Y BUENA DURABILIDAD

Su estabilidad es muy buena, al igual que su uso. Pesa poco y ofrece mucha seguridad. Ideal para llegar a cualquier sitio normal.",es,,,product_es_0942565
marc-es_0776174,kaggle-marc,automotive,1,"Viene una sola unidad aunque indica 4 en la foto y la descripción.

La descripción del producto, así como la foto indica que son 4 unidades. He recibido una sola unidad. Muy descontento con el producto.",es,,,product_es_0968569
marc-es_0272104,kaggle-marc,home,4,"Tardaron mucho en enviar

Bien esta para el previo que me costó",es,,,product_es_0814500
marc-es_0492427,kaggle-marc,drugstore,3,"MATERIAL DEL PRODUCTO

Material del producto buena",es,,,product_es_0853647
marc-es_0137422,kaggle-marc,wireless,2,"Poco tacto para escribir

Es un lapiz de muy fácil manejo y el on/off es muy rápido y efectivo, pero a la hora de escribir el feeling no es bueno (creo que el muelle interno es demasiado duro y no hace su función correctamente) y la respuesta en la escritura es lenta, esto provoca a que siempre aparezca mala letra. Los acabados del lapiz son buenos",es,,,product_es_0103382
marc-es_0857804,kaggle-marc,book,4,"Asentar conceptos

Son ejercicios sencillos pero sirven para tener los conceptos claros",es,,,product_es_0472801
marc-es_0141345,kaggle-marc,apparel,3,"Comodidad

Me gustaba más la terminación d los levis de antes",es,,,product_es_0936055
marc-es_0074587,kaggle-marc,automotive,5,"Insonorizan muy bien.

Lo he usado para insonorizar las puertas de mí coche y la verdad es que se ha notado un montón. Producto muy recomendado.",es,,,product_es_0153234
marc-es_0489188,kaggle-marc,pet_products,3,"Bien

Práctica pero le falta que el suelo sea rígido.",es,,,product_es_0309980
marc-es_0591337,kaggle-marc,sports,5,"Buena calidad y bonita

Se la he regalado a mi novio para el gimnasio y le ha gustado mucho.",es,,,product_es_0096713
marc-es_0262988,kaggle-marc,beauty,3,"No noté mucha diferencia

Si suaviza el pelo, pero esperaba más resultados",es,,,product_es_0387855
marc-es_0104824,kaggle-marc,furniture,1,"ESTAFADORES!!!

Un engaño!!!! No vienen las piezas reales, son unos estafadores",es,,,product_es_0059107
marc-es_0308951,kaggle-marc,kitchen,1,"Muy mal

Es una porqueria de producto! En dos semanas ya estava oxidada y eso que hice el curado de la sarten pero la calidad de este producto es pesima. No recomiendo a nadie",es,,,product_es_0568434
marc-es_0460787,kaggle-marc,pet_products,1,"Mal embalaje y llegó mitad del producto

Llegó el bote por la mitad, mal embalaje del vendedor y se derramó el líquido en la caja. Vendedor no responde para el reembolso de mi dinero.",es,,,product_es_0028024
marc-es_0218522,kaggle-marc,home,3,"No están mal por el precio

Podían estar mejor, los compré para el colegio de mi hijo, y para un momento no están mal, pero al ser de papel son muy delicados",es,,,product_es_0498691
marc-es_0165736,kaggle-marc,pc,2,"No se pega completamente a la pantalla

He intentado poner el protector tres veces sin éxito, quedan unas franjas de burbujas en la parte superior e inferior de la pantalla.",es,,,product_es_0188232
marc-es_0643172,kaggle-marc,apparel,5,"Muy bonitos

Es un detalle que la zona metálica venga forrada, aunq en el pelo cortito del bebé se escurren.",es,,,product_es_0574005
marc-es_0904043,kaggle-marc,personal_care_appliances,3,"Depósito pequeño

Depósito demasiado pequeño para una limpieza .",es,,,product_es_0685262
marc-es_0808325,kaggle-marc,electronics,4,"Que tiene buena imagen

La cámara tiene buena imagen por día y por la noche, lo único que encuentro que el sensor de movimiento por la noche no funciona bien se activa con cualquier inserto o luz.",es,,,product_es_0572140
marc-es_0976276,kaggle-marc,toy,2,"Faltan azules y colores claros

Me tendría que haber comprado la caja de 50 uds porque hay mucho colores básicos (azul claro) que no vienen.",es,,,product_es_0599075
marc-es_0021659,kaggle-marc,wireless,4,"Figuras acuario

Tal cual foto. Buena calidad",es,,,product_es_0665309
marc-es_0173414,kaggle-marc,home,5,"NO ES DE LA MEDIDA QUE HE SOLICITADO. LO TENGO QUE DEVOLVER

EL PRODUCTO ME ENCANTA, PERO ME HAN MANDADO MEDIDA DIFERENTE A LA QUE PEDI; TENGO QUE DEVOLVERLO, PERO MUCHÍSIMA AMABILIDAD POR PARTE DE AMAZON",es,,,product_es_0117798
marc-es_0612015,kaggle-marc,toy,2,"muy pobre en arena

La caja es fuerte y resistente aunque se echa de menos un asa para poder transportarla de un sitio a otro , los moldes son de buena calidad pero estoy muy decepcionada con la cantidad de arena que trae, ni siquiera llena la mitad de una parte de la caja por lo que considero que la publicidad es engañosa ya que no es de los económicos y hay que comprar más arena para que pueda jugar en condiciones",es,,,product_es_0877395
marc-es_0432147,kaggle-marc,shoes,3,"Mi opinion

Perfecto modelo en piel blanco con letras doradas. Aunque es un modelo de niño talla grande. Uso una 38 habitualmente",es,,,product_es_0129898
marc-es_0769978,kaggle-marc,book,3,"No novela

No es una novela en si es un pdf que han fotocopiado y luego han encuadernado por el precio en principio no estaba mal la pega esta en que a pesar de lo grande que es por fuera por dentro las letras son super pequeñas",es,,,product_es_0010087
marc-es_0501574,kaggle-marc,wireless,1,"No funciona bien

Lo compre en Abril de este año. Desde octubre dejó de funcionar. Compré un cargador nuevo y nada. NO LO COMPRÉIS",es,,,product_es_0700574
marc-es_0548251,kaggle-marc,sports,4,"Buen producto.

Buena relación calidad precio, ok.",es,,,product_es_0940580
marc-es_0348432,kaggle-marc,toy,3,"Experimentos agua

Es entretenido pero para 15 o 20 minutos",es,,,product_es_0353293
marc-es_0165719,kaggle-marc,kitchen,3,"LO HE USADO DURANTE UN AÑO Y POCO PERO HA DEJADO DE FUNCIONAR. ME GUSTABA MUCHO COMO LIMPIABA A PESAR DE LOS GOLPES QUE DABA.

Durante el tiempo que ha funcionado, me ha gustado como dejaba de limpio el suelo. Este fin de semana lo puse pero ha dejado de funcionar. Si alguien sabe dónde se puede encontrar un cargador nuevo, o mandarme una foto del modelo de cargardor que es para comprar uno nuevo lo agradecería mucho. Espero que sea que el cargador se ha estropeado. Si alguien sabe si hay posibilidad de arreglarlo se lo agradecería mucho también. Cuesta mucho dinero y no es cuestión de tirarlo a la basura sin más. Muchas gracias por vuestra ayuda.",es,,,product_es_0531188
marc-es_0340227,kaggle-marc,office_product,1,"Limita mucho el paso del aire.

Producto devuelto porque apenas deja pasar el aire, el filtro es muy tupido, limita mucho el paso del aire en un 50-60% aproximadamente.",es,,,product_es_0365501
marc-es_0435173,kaggle-marc,sports,2,"Aceptable

Buena calidad, pero los tornillos se rompieron de mala calidad y faltaban los embellecedores de las ruedas pequeñas",es,,,product_es_0565000
marc-es_0396959,kaggle-marc,beauty,2,"Esperando el envío

No me ha llegado aún.Tengo una notificación suya que me llegará antes del 6 de diciembre.Gracias por contactar. Un saludo cordial.",es,,,product_es_0283519
marc-es_0029097,kaggle-marc,home_improvement,5,"Buen adhesivo

Lo he utilizado para pegar una silla de madera de Teka y de momento ha funcionado.",es,,,product_es_0338148
marc-es_0368033,kaggle-marc,furniture,5,"Llego a tiempo

Llego a tiempo y en buen estado",es,,,product_es_0385770
marc-es_0734626,kaggle-marc,toy,3,"no es original es una copia

no es original es un producto falso",es,,,product_es_0354022
marc-es_0639013,kaggle-marc,digital_ebook_purchase,5,"Practico, sencillo y ameno

Es cierto que es solo la lección 1 de un libro completo. Sin embargo esta lección te da las claves para ver la forma y en la clave que está escrito el texto. A mi parecer está muy bien, ya que está escrito de manera sencilla como si lo escrito saliera directamente de la persona que lo dice, sin florituras, y con ejemplos muy ilustrativos que nos hacen ponernos en una situación concreta para reflexionar. Es un libro muy enfocado a la práctica. No lo estaba buscando, pero apareció casualmente, y después de leer la primera lección me he animado a comprar la versión integra, que la recomiendo.",es,,,product_es_0354173
marc-es_0506284,kaggle-marc,wireless,1,"No es el correcto

Los orificios del protector, no coinciden con los del teléfono",es,,,product_es_0126966
marc-es_0923112,kaggle-marc,toy,5,"Perfecto

JUsto lo que queria, gira y tiene ruidos realistas, además viene con comida de juguete. Estoy muy contenta.",es,,,product_es_0776320
marc-es_0174841,kaggle-marc,shoes,2,"Cómodas pero no dan buen resultado

Es un zapato muy cómodo, pero no son de buena calidad.",es,,,product_es_0196685
marc-es_0896590,kaggle-marc,lawn_and_garden,1,"No cabe un paquete entero

Parece más grande de lo que es en realidad. No cabe un paquete de tabaco (pueblo) entero, he iniciado el proceso de devolución",es,,,product_es_0680303
marc-es_0168036,kaggle-marc,pet_products,4,"Buen artículo

Compré este artículo para colocarlo en una correa flexi, pero no me vale porque es xs y no puedo ponerlo. El artículo cumple las expectativas y es recomendable pero debes comprobar antes si lo puedes colocar en tu correa",es,,,product_es_0385217
marc-es_0722624,kaggle-marc,home,3,"Correcta, pero algo pequeña

Está bien, pero me la esperaba algo más grande. En cuanto a funcionamiento es correcta.",es,,,product_es_0485170
marc-es_0213888,kaggle-marc,office_product,1,"GRAN PARTE DE LOS CARTUCHOS NO LOS RECONOCE LA IMPRESORA

Compré este pack con la intención de no tener que estra comprando cada dos por tres. He sustituido unos 8-10 cartuchos. De ellos 5 no los reconoce la impresora y de hecho los de color negro más anchos he tenido que tirar tres completamente cargados. También me ha pasado con los de colores. O he tenido mala suerte o son de mala calidad.",es,,,product_es_0423984
marc-es_0019246,kaggle-marc,home,1,"Un total desastre,vergonzoso.

Despues de 2 dias esperando la entrega ,tuve que ir a buscarlo a la central de DHL de tarragona ,pese a haber pagado gastos de envio (10 euros),y encima me encuentro con un paquete todo golpeado en el que faltan partes del embalaje de carton y el resto esta sujeto por multitud de tiras de celo gigantesco pata que no se desmonte el resto de la caja ,nefasto he hecho varias reclamaciones a la empresa de transporte y encima me encuentro el paquete en unas condiciones horrorosas con multiples golpes,espero que al menos funcione.Nada recomendable,ni el vendedor ni amazon ni por supuesto el transportista DHL.",es,,,product_es_0314740
marc-es_0860028,kaggle-marc,apparel,5,"de lujo

muy agradable y comoda",es,,,product_es_0944317
marc-es_0726702,kaggle-marc,automotive,4,"Comodos y discretos.

Fueron un regalo, le quedan muy bien. Bastante mullidos y con buena definicion. En mi caso donde se dobla se aprecia un tono azul como por falta de colorante,pero para nada molesto. Por caja viene 1 unidad.",es,,,product_es_0594543
marc-es_0707123,kaggle-marc,sports,1,"Muy mal

No me ha gustado nada. Mucho calor dentro, resiste mal el viento, aunque no sea fuerte, los enganches se sueltan de las piquetas con facilidad. No la recomiendo.",es,,,product_es_0059940
marc-es_0396151,kaggle-marc,sports,1,"Fatal

Nunca llegó. SERVICIO NEFASTO. Ni os molestéis en comprarlo. Lo pedí el día 5 de Marzo, me comunique con ellos y no hubo respuesta.",es,,,product_es_0926602
marc-es_0997505,kaggle-marc,luggage,4,"Exactamente lo que ofrece

Muy contento con el producto. Es exactamente como se describe. Desde que lo he recibido, no he vuelto a usar otra cartera. Es muy pequeño, y cómodo de usar",es,,,product_es_0913136
marc-es_0099794,kaggle-marc,pc,1,"2 meses tras la compra ha dejado de funcionar las conexiones USB !!

EDITO: 2 meses tras la compra ha dejado de funcionar los USB (motivo por el que compré el soporte. Evidentemente tiré la caja así que me quedo sin devolución y con una mesa de plástico.",es,,,product_es_0083071
marc-es_0298173,kaggle-marc,toy,1,"Falta un paquete

Lápices tal y como se indica en la foto, pero me han llegado 45 en total, no los 50 por los que he pagado",es,,,product_es_0462576
marc-es_0112100,kaggle-marc,sports,4,"Funcional

Está bien para su funcion",es,,,product_es_0688697
marc-es_0958483,kaggle-marc,sports,4,"Buen equipo para iniciarse!!!

Buen casco y buen disipador el unico contra es que el arnes es muy basico... Pero es perfecto para iniciarse!!!",es,,,product_es_0284347
marc-es_0264312,kaggle-marc,camera,3,"Bien pero no genial

Muy practico.Pero cuando hay sol no ves absolutamente nada.Las pulsaciones tampoco las marca bien.Pero por el precio no se puede pedir mas",es,,,product_es_0472783
marc-es_0252106,kaggle-marc,automotive,4,"Fácil de usar.

El producto cumple con lo exigible, funciona correctente y la calidad-precio está muy conseguida. No le pongo 5 estrellas porque tiene una mínima fuga de aire en el acople de la pistola, que aunque no impide su normal uso es molesto. Las instrucciones no vienen en españo, aunque con los dibujos de las que trae se conecta perfectamente.",es,,,product_es_0741320
marc-es_0191084,kaggle-marc,beauty,1,"Fatal entrega de paquete, abierto y mal cerrado el bote

Me ha llegado la caja rota mojada y mal cerrado. Adjunto fotos. Había más cosas en este paquete y tb mal.",es,,,product_es_0740542
marc-es_0186487,kaggle-marc,wireless,2,"El transportista UPS falló

El producto está bien para lo que cuesta. Si lo elevas mucho da sensación de inseguridad. Cimbrea un poco. El transportista llegó varios días tarde y ni hablando con el conductor del reparto pudo decirme ni a groso modo cuando lo serviría. Por eso les pongo 2 estrellas",es,,,product_es_0248594
marc-es_0105127,kaggle-marc,home,3,"Estoy satisfecha

Los pedí en rosa y me han llegado blancos",es,,,product_es_0166149
marc-es_0450749,kaggle-marc,grocery,4,"Marca de calidad

En la línea de calidad de esta marca",es,,,product_es_0102675
marc-es_0871336,kaggle-marc,electronics,5,"Buena atención con el cliente

Después de aclararme cual fue el problema de envío quiero rectificar mi valoración , dándole las gracias por su atención.",es,,,product_es_0136387
marc-es_0989900,kaggle-marc,home_improvement,1,"No fiable

Se rompio a los 40 minutos",es,,,product_es_0071527
marc-es_0166847,kaggle-marc,apparel,5,"Gran calidad

Muy buena calidad. Envio rápido y correcto.",es,,,product_es_0528507
marc-es_0799601,kaggle-marc,wireless,4,"Buena calidad

Buen producto, las correas oscuras que veces desprenden un fuerte olor a pintura, pero luego se quita. La calidad es bastante buena.",es,,,product_es_0010156
marc-es_0247436,kaggle-marc,office_product,2,"Hacen su función

Me llegaron tarde. Pero a pesar de ello, hacen su función y me gustan",es,,,product_es_0550823
marc-es_0554075,kaggle-marc,home,4,"Muy suaves

Son estupendas, de muy buena calidad. No le pongo 5 estrellas porque el color marrón no me llegó, que es precisamente la que más quería. Pero los otros dos colores son muy bonitos también.",es,,,product_es_0314839
marc-es_0231496,kaggle-marc,apparel,2,"No transpirables.

Funcionan bien con el movil y son ergonómicos, pero no transpiran nada, al rato de usarlos se te queda la mano mojada. Los uso para esquiar.",es,,,product_es_0340507
marc-es_0081113,kaggle-marc,beauty,2,"No estoy muy segura de si me gusta

Muy poco producto. Me esperaba más pero no puedo asegurar el resultado hasta que lo use bastante. Vino un poco chafado pero no se ha abierto.",es,,,product_es_0781547
marc-es_0934610,kaggle-marc,electronics,5,"Adaptador Cable Convertidor Mini Jack 2.5mm

Perfecto para poder conectar el teléfono ó cualquier otro aparato a nuestro altavoz del IPOD. Calidad - precio buena.",es,,,product_es_0512769
marc-es_0032665,kaggle-marc,sports,1,"MUY INCOMODO

Incomodísimo, el antifaz tiene una tamaño desmesurado, no es ergonomico y los elasticos son demasiado finos y molestos, una decepción.",es,,,product_es_0617420
marc-es_0129408,kaggle-marc,home_improvement,2,"Prenda de baja calidad

La chaqueta tiene muy poca calidad. Las mangas quedan muy cortas para la talla elegida, y se deforma enseguida. Sirve bien como prenda para estar por casa.",es,,,product_es_0605594
marc-es_0504380,kaggle-marc,automotive,3,"Barato

De los más económicos, por eso la garrafa venía bien liada en plástico porque perdía líquido por el tapón 🤦‍♂️. Es lo que tiene comprar barato. Cuidado con el tubo por donde se echa al depósito porque no se sujeta a la boca de la garrafa. Espero que al menos no me rompa Ese líquido el coche.",es,,,product_es_0553414
marc-es_0326847,kaggle-marc,wireless,4,"Felix rodriguez

Perfecto Era lo q esperaba y la entrega ha sido adecuado y en fecha x x x x x x",es,,,product_es_0487540
marc-es_0999063,kaggle-marc,sports,4,"Lo recomando está ok

Esta bien buena compra encaja bien con el reloj todo perfecto tiempo más rápido de lo previsto no me lo esperaba",es,,,product_es_0393305
marc-es_0083892,kaggle-marc,home,1,"No corresponde foto con productos

La calidad no corresponde con el precio y además la bombilla viene rota",es,,,product_es_0223446
marc-es_0123815,kaggle-marc,pc,1,"Mala calidad

No funciona el teclado ,lo he devuelto",es,,,product_es_0554315
marc-es_0045384,kaggle-marc,other,5,"Fantástico

Perfecto a un precio increíble",es,,,product_es_0325196
marc-es_0810152,kaggle-marc,home_improvement,4,"Funcional, pero muy mejorable

Funciona bien. Lo que le falta es un mejor mango para el tornillo. El de plástico que tiene no me inspira mucha confianza, y es difícil apretar bien.",es,,,product_es_0616952
marc-es_0448766,kaggle-marc,home,3,"luz

funciona bien, aunque luego lo ví en el chino de mi barrio a la mitad de precio",es,,,product_es_0149457
marc-es_0043599,kaggle-marc,wireless,1,"Elena

Una porquería. La carga rapida no funcciona con S7 Edge ni con Note 4 y la carga normal va malamente. No lo devolví porque estuve de viaje...",es,,,product_es_0912114
marc-es_0795433,kaggle-marc,watch,5,"Me encanta

Lo acabo de recibir y es precioso, ideal para cualquier persona que Le guste la música y quiera tener algo referente a su afición",es,,,product_es_0027505
marc-es_0622076,kaggle-marc,electronics,2,"La descripciòn no menciona el ruido

En Cualquier momento el cargador hace un ruido electronico que no estaba mencionado en la descripciòn del producto. Por lo restante, la carga no hace falta",es,,,product_es_0050154
marc-es_0961430,kaggle-marc,toy,3,"Un modelo que cumple las expectativas

La relación calidad precio es correcta. Un modelo para principiantes en esta afición. En general correcto",es,,,product_es_0877604
marc-es_0995055,kaggle-marc,automotive,4,"Perfecto

Tal como dicen en la descripcion",es,,,product_es_0704478
marc-es_0032107,kaggle-marc,sports,2,"Muy sencillo

Es muy barato pero muy sencillo. Hice una prueba y se rompió. Tampoco es mucho dinero pero no puedes contar con él para una emergencia",es,,,product_es_0174446
marc-es_0231219,kaggle-marc,office_product,4,"Siempre que el producto cumple con lo prometido, y la inmediatez de Amazon gracias.

Ok, según mi hija que eran para ella cumple el producto bastante bien para lo que en estos momento necesita, así que no los puedo decir mucho más.",es,,,product_es_0089457
marc-es_0720696,kaggle-marc,pc,1,"Rota

Compre esta tablet el 6 de agosto,tiene ahora 3meses y ya no funciona y mi hijo casi ni la usado,me imagino que tendra garantia pero no se como puedo contactar,le a pasado a alguien??",es,,,product_es_0395909
marc-es_0451074,kaggle-marc,beauty,3,"Un poco decepcionada

La verdad es que esperaba más de esta base; había leído críticas muy buenas pero me ha decepcionado un poco, la cobertura no es la que esperaba y me saca brillos. Me gusta muchísimo más la bbcream de esta gama.",es,,,product_es_0622162
marc-es_0801764,kaggle-marc,apparel,2,"No la recomiendo

Me la esperaba más sedosa al tacto y más estrecha. No volvería a comprarla, personalmente no la recomiendo. Saludos, x",es,,,product_es_0167451
marc-es_0561311,kaggle-marc,home,4,"Adecuado

lo usa mi niño de 5 años para pintar cuadros y lo considero muy util",es,,,product_es_0189598
marc-es_0320614,kaggle-marc,personal_care_appliances,5,"Perfecto, lo que esperaba.

Después de haber probado modelos anteriores es exactamente lo que esperaba. Limpieza mucho mejor que con un cepillo convencional.",es,,,product_es_0463128
marc-es_0246776,kaggle-marc,other,5,"Buen proyector domestico

Tras varios meses puedo decir que es un buen proyector para casa,yo lo tengo a una distancia de 2 metros enfocando a una pared y.la.resolucion está muy bien!",es,,,product_es_0137955
marc-es_0475322,kaggle-marc,automotive,5,"buen producto

pedi una talla mas porque habia leido que eran justos y es verdad por lo demas perfecto, buen casco y muy comodo.",es,,,product_es_0902195
marc-es_0338577,kaggle-marc,digital_ebook_purchase,2,"Decepcionante

Es un libro enrevesado, con un desarrollo caótico, mal explicado,llegando en muchos momentos a perder el hilo del relato, me arrepiento de haberlo comprado y he estado en varias ocasiones a punto de dejarlo",es,,,product_es_0655757
marc-es_0231359,kaggle-marc,digital_ebook_purchase,3,"Un poco decepcionante

Tras leer las numerosas críticas buenas sobre esta novela me animé a comprarla, y que largo se me ha hecho. La trama da giros sin sentido, sin explicar nada y dando todo por supuesto. Me ha dejado sin ganas de más.",es,,,product_es_0174000
marc-es_0770386,kaggle-marc,furniture,1,"El reloj se para

Se Para el reloj con los dianas programas por lo que no cumple su funcion. Voy a devolverlo. No hace apenas ruido.",es,,,product_es_0139499
marc-es_0345412,kaggle-marc,automotive,1,"Decepcionado

No funciona y no vale para nada no recomiendo. Me llego antes y la monte despues de que me paso el tiempo de devolucion. Nu recomiendo",es,,,product_es_0690276
marc-es_0497167,kaggle-marc,automotive,3,"Mangueras de absorcion muy cortas

Para poder absorver el aceite del coche tube q poner un taburete porque las varillas que trae solo miden 1m, les falta 50 cm para tener margen de colocacion, por el resto funciona bien, me saco los 6 litros de aceite sin problemas.",es,,,product_es_0397974
marc-es_0699380,kaggle-marc,kitchen,3,"Ese maldito cable

El ventilador cumple su función el problema principal para mí es que su cable de conexión es muy, muy corto y apenas me permite alejarlo un metro del enchufe",es,,,product_es_0254210
marc-es_0111801,kaggle-marc,sports,3,"Buena pieza-incorrecta oferta

Dicen claramente en la oferta que son dos unidades. A mi me han traído una. Si sólo se envía una deberían rectificar la oferta.",es,,,product_es_0697764
marc-es_0952801,kaggle-marc,sports,5,"Está muy bien

Bueno para seguridad, como alarma",es,,,product_es_0689397
marc-es_0584400,kaggle-marc,automotive,5,"Perfectas

Son idénticas a las originales yo trabajo en renault y son iguales lo k no see lo k durarán pero tienen buena pinta",es,,,product_es_0262557
marc-es_0269065,kaggle-marc,beauty,3,"El estampador no hace la función

El estampador no sirve, no se pega ningún esmalte. Mi mujer ha tenido que comprar otro a parte.",es,,,product_es_0258871
marc-es_0949147,kaggle-marc,home,1,"Afilador cuchillos

Es perder el tiempo y el dinero",es,,,product_es_0753172
marc-es_0257846,kaggle-marc,toy,1,"Poco útil

Me a llegado rallada los dibujos y de color naranja , no es lo que pone en la descripción ponía de color rosa y llega de otro color .",es,,,product_es_0191748
marc-es_0103867,kaggle-marc,automotive,2,"Rosca diferentes

No es compatible con la botella de gas que compre, aunque en Amazon te ofrecen la compra conjunta",es,,,product_es_0592325
marc-es_0787741,kaggle-marc,pc,5,"Muy bien

El ratón inalámbrico viene con pilas y funciona muy bien. Es sencillo y muy económico. Lo recomiendo totalmente para usuarios medios.",es,,,product_es_0249789
marc-es_0473227,kaggle-marc,home,4,"MUY BONITOS

Van muy bien, pero viene poca cantidad. Los colores quedan brillantes y se manejan muy bien porque son suaves y bonitos",es,,,product_es_0417823
marc-es_0742335,kaggle-marc,home_improvement,1,"Muy mala calidad

Producto de muy mala calidad. A la segunda vez de usar el soldador, se ha doblado por la mitad de debido a que la pieza q lleva es súper endeble y se parte. Al multimetro se le ha desoldado uno de los cables de la pinza, sin haber hecho nada. La bomba de soldadora se activa sola, debido a que el resorte es de muy mala calidad. En fin, una pena...",es,,,product_es_0082993
marc-es_0705094,kaggle-marc,sports,2,"Se desplaza al ponerse el casco

Al no ser un pasamontañas cuando te pones el casco se tira hacia abajo y tienes que volver a recolocarlo en su posicion.",es,,,product_es_0380033
marc-es_0856580,kaggle-marc,home,5,"Para camas de dos metros

Justo lo que buscaba",es,,,product_es_0113076
marc-es_0325633,kaggle-marc,book,4,"Bonitas ilustraciones

Fué un regalo para un niño que se llama Hugo, cumplía 3 años. La historia y las ilustraciones son muy bonitas.",es,,,product_es_0679120
marc-es_0374660,kaggle-marc,kitchen,5,"Cómodo y bueno

Ya había probado varios aparatos de este tipo y este supera todos los que ya he tenido . Es muy cómodo que sea recargable y no de pilas como la mayoría. Pero además el mango giratorio es una comodidad.",es,,,product_es_0962566
marc-es_0373441,kaggle-marc,beauty,5,"Muy completa

Lampara de led con distintos tipos de secado e intensidad. Ideal tanto para esmaltado permanente como para trabajar gel.se adapta al tiempo de secado dependiendo del trabajo a realizar. Viene con varios accesorios muy útiles. La compré para un regalo para una amiga que trabaja en el sector y esta encantada con ella",es,,,product_es_0508557
marc-es_0014362,kaggle-marc,pet_products,2,"No lleva la bomba

Probé con otra bomba y le casi no sale aire",es,,,product_es_0253444
marc-es_0448149,kaggle-marc,home_improvement,2,"Buen diseño pero no me termina de gustar

Pues eso que el diseño esta bien pero el dosificador regular, al pulsarlo no echa apenas gel y hay que darle varias veces , la recuperacion es un poco lenta al pulsarlo.No lo volveria a comprar",es,,,product_es_0307150
marc-es_0410888,kaggle-marc,wireless,3,"Le falta ser un poco más ancho para quedar perfecto.

No le doy las 5 estrellas por q el cristal no llega a cubrir del todo ( a lo ancho) el smartphone. Lo puse varias veces y a lo ancho se queda un poco corto. Por lo demás super bien embalado.. en si cajita antigolpes... Manual de instrucciones, toallitas.. no falta detalle la verdad.. la única pega.. la q comenté anteriormente...",es,,,product_es_0466356
marc-es_0950564,kaggle-marc,other,2,"Correcto

Muchas canciones míticas de las discotecas de los 90. Faltaban unas cuantas y otras las hubiese puesto en un recopilatorio de pop",es,,,product_es_0960511
marc-es_0786956,kaggle-marc,other,5,"Perfecto

Todo perfecto,lo unica malo es que el transportista forzo el DVD para entrarlo en el buzon y no pico el timbre estando yo en casa.",es,,,product_es_0340963
marc-es_0874002,kaggle-marc,furniture,2,"Gran desilusión.

Mala calidad y acabados muy mal, incluso sale la pega por los lados de las letras, mal pintado , y encima el mueble no es estable.",es,,,product_es_0728515
marc-es_0037355,kaggle-marc,electronics,2,"defecto puntual

los he utilizado muy poco y me han empezado a fallar de un lado quiero pensar que es un defecto puntual y me ha tocado a mi .",es,,,product_es_0883203
marc-es_0037046,kaggle-marc,drugstore,3,"Buen producto en general

Se ve que la calidad es buena dentro de la media, aunque lo que no me gustó en relación a otros como el Ol'Vita, es que no guarda mucho de la parte de aceite esencial que le da el matiz ""especiado"". Para algunos usos quizá sea mejor no tener un sabor tan fuerte, pero para temas de salud preferiría tener todo el espectro natural.",es,,,product_es_0367253
marc-es_0273015,kaggle-marc,home,1,"Se puede utilizar para uso industrial

Muy descontento, ya que pone que es de 32 cm y no es verdad, es de 30 cm como mucho. No corresponde lo que vende con lo que llega me refiero en cuanto a medidas.",es,,,product_es_0175371
marc-es_0518321,kaggle-marc,beauty,2,"Sombras de ojos

Me an venido corto sombras rotas y eso me a jodido mucho por lo demás el producto es el de la foto",es,,,product_es_0064055
marc-es_0888695,kaggle-marc,home,5,"Cumple su funcion

Me han gustado mucho, son dos piezas ligeras y de buen tamaño, los he usado bastante y están como el principio.",es,,,product_es_0078509
marc-es_0839082,kaggle-marc,baby_product,5,"Mochila Nino Camuflaje

Esta la compre para mi nieto que va al Instituto y tiene muchos libros que acarrear y la verda que muy bien y me encanta lo bien hecha que esta y los colores...muy atractiva y funcional.",es,,,product_es_0348364
marc-es_0981356,kaggle-marc,home,4,"Bueno, bonito y barato.

Buen producto. Salvo que es de aluminio y no acero inoxidable.",es,,,product_es_0787564
marc-es_0621777,kaggle-marc,wireless,1,"La goma se deforma y se cae después de 3 meses de uso

Se ha deformado la goma en 3 meses de uso y se cae de la rejilla del salpicadero del coche.",es,,,product_es_0706682
marc-es_0659892,kaggle-marc,camera,4,"Emi

Buena mochila cumple las espectativas. Cabe todo y bien colocado. Un poco pesada, ei tengo que decir algo negativo. Bien.",es,,,product_es_0088298
marc-es_0231515,kaggle-marc,home,5,"Calidad

Excelente material y rapidez en el envio. Recomiendo",es,,,product_es_0177187
marc-es_0341118,kaggle-marc,beauty,1,"No me gusta

No me a gustado no es como en la foto lo describe",es,,,product_es_0844850
marc-es_0937063,kaggle-marc,video_games,2,"Foto real del producto.

El vendedor debería incluir fotos del producto VACIO ya que es así como se vende, sin cargador, sin cajitas para juegos.....",es,,,product_es_0085809
marc-es_0312917,kaggle-marc,beauty,4,"Funcionalidad y natural

Perfecto y protege , lo unico incomodo es la aplicacion.",es,,,product_es_0070467
marc-es_0448259,kaggle-marc,baby_product,4,"Muy comodos

Los baberos están muy bien, son muy absorbentes y muy cómodos. Lo unica pega por poner una es que para el verano no valen porque son muy gordos y dan calor.",es,,,product_es_0127982
marc-es_0921881,kaggle-marc,toy,4,"Relajante

Bueno y bonito, lo único es que las luces están fijas aunque la gama de colores es cambiante.aún muy pronto para saber si al bebe le gusta",es,,,product_es_0266714
marc-es_0820401,kaggle-marc,wireless,3,"No recomiendo la compra

El protector cubre por completo la pantalla si lo logras colocar correctamente, en caso contrario quedará una pequeña parte lateral de la pantalla sin cubrir. Por otra parte, una vez puesto, se aprecia en toda la pantalla en los tonos blancos una especie de punteado color arcoiris (como si hubiese mucha grasa) que, por desgracia, es del pegamento del protector, pues no se va al limpiarlo. No sé si les pasará a todos o será alguna partida que no haya salido buena. En definitiva, no repetiría la compra de estos protectores.",es,,,product_es_0713254
marc-es_0597037,kaggle-marc,office_product,3,"sin estuche

el producto está bien y llegó a tiempo pero esperaba que viniera con el estuche para poder entregar como regalo",es,,,product_es_0027353
marc-es_0352622,kaggle-marc,drugstore,3,"Bien,

Sí que es verdad que en el paquete no pone free gluten. Lo compre por un tema de estreñimiento no sé si es pronto para comentar pero en mi caso creo que no me está ayudando. Supongo que acabe el paquete y no compré más ya que en mi caso no cumple su función.",es,,,product_es_0013663
marc-es_0914686,kaggle-marc,home,3,"Ayuda para cocina

Sii aunque las sartenes muy pequeñas y los utensilios de cocina muy malos",es,,,product_es_0466081
marc-es_0930076,kaggle-marc,kitchen,2,"Duracion 1 año

Me parece un buen producto pero no llego al año de compra y ya no funciona , no me dan la opcion de devolverlo",es,,,product_es_0329008
marc-es_0222120,kaggle-marc,sports,4,"Muy bien

Descripción perfecta. Solo que una vez abiertos tienen un tempo maximo de uso y de usos",es,,,product_es_0339886
marc-es_0395660,kaggle-marc,other,5,"Movilidad

Cumple con la misión que quería es poder llevarme el alexa a cualquier parte de la casa aunque no haya conexión electrica.Lo que he notado que el ultimo clip que hace al conectar el cable original al alexa ,en este cable no lo tiene y tienes que tener cuidado de que no se desconecte según el movimiento que haces.",es,,,product_es_0744899
marc-es_0068286,kaggle-marc,sports,1,"No era lo que pensaba

Es bastante pequeño para lo que parecía en la foto. Se queda toda la comida pegada. Y después de un par de lavados las asas se van para los lados y pierde su propósito",es,,,product_es_0557438
marc-es_0152596,kaggle-marc,sports,5,"Bidon elite

Su precio al que lo coji bastante bueno",es,,,product_es_0361139
marc-es_0482917,kaggle-marc,wireless,2,"Material de malísima calidad

He pedido tres fundas de esta marca pero, cuando he puesto una de ellas, si bien el terminal queda precioso porque no engorda, no me la he querido jugar y la he quitado porque la protección ante una caída es NULA. Son de plástico del más barato que pueda existir. He vuelto a la de silicona ESR que ofrece mucha más protección",es,,,product_es_0488169
marc-es_0771475,kaggle-marc,home_improvement,3,"35 metros manejables

Cumple su propósito. 35 metros a un buen precio. Su escaso diámetro la hacen manejable. Solo una pega, los primeros litros huelen a caucho y provocan espuma si los viertes en un recipiente.",es,,,product_es_0674809
marc-es_0039502,kaggle-marc,sports,1,"Mala calidad y pequeño

El producto no tiene calidad adecuada, el tamaño es minúsculo. Aparte he devuelto el material y no me han reembolsado. Muy descontenta con el Producto, el servicio y el proveedor.",es,,,product_es_0942979
marc-es_0748936,kaggle-marc,toy,3,"Pequeño y básico

Bastante pequeño y básico. Pese a todo el niño ha disfrutado montandolo.",es,,,product_es_0357451
marc-es_0982024,kaggle-marc,automotive,5,"Buen aceite

El mejor para vw actuales",es,,,product_es_0095483
marc-es_0874224,kaggle-marc,toy,3,"Precio elevado

Está bien, pero me enteré que en el Amazon de Alemania éste producto vale mucho menos. Lo compré aquí para mi sobrino alemán y él por curiosidad miró el precio de Amazon de allí, y es casi 13 euros menos!!! Me da cosa, podría comprarlo allí. Y no entiendo por qué hay tanta diferencia!",es,,,product_es_0786157
marc-fr_0895678,kaggle-marc,apparel,3,"J'ai reçu le produit en temps et en heure

Pour un mariage, et ce que je n'ai pas aimé c'est qu'il est trop grand",fr,,,product_fr_0519189
marc-fr_0292410,kaggle-marc,wireless,1,"Je ne recommande pas

Les bords ne collent pas vu que le portable a des contours arrondis. C'est à dire le verre trempé n'a pas des courbatures 3D aux bords et donc pas de couverture complète. Contrairement à la description dans le titre. Pas de traitement contre les traces des doigts (huiles) non plus. Conclusion - très moche et pas très utile. Je ne recommande pas.",fr,,,product_fr_0688145
marc-fr_0729691,kaggle-marc,automotive,1,"glace 206 cc

bonjour le produit que j'ai commandé ne correspond pas a ma commande",fr,,,product_fr_0725946
marc-fr_0413503,kaggle-marc,wireless,4,"Efficace

Le produit répond totalement au besoin. Tous les produits de la famille sont rechargés grâce à lui. L'affichage du chargement est clair et simple Esthétiquement, je le trouve moyen mais cela reste subjectif",fr,,,product_fr_0134101
marc-fr_0346254,kaggle-marc,musical_instruments,4,"Impératif

il faut prendre soin de son matériel , il faut disposer de cet ustensile au même titre qu'un mediator ou d'un capodastre",fr,,,product_fr_0089364
marc-fr_0734704,kaggle-marc,wireless,3,"Un bon stabilisateur mais ...

Et avant le mais, sachez que je ne regrette pas mon achat que je referais volontiers. Ce que je reproche : - Poids : très moyen et qui fatigue en position haute. - ergonomie de fixation du téléphone : très difficile d'équilibrer le téléphone à l’horizontale. - logicielle hyper complexe : si j’ai un iPhone c’est pour l’ergonomie complète. Le logiciel FV Share est très riche en fonction ce qui le rend imbuvable pour les néophytes - Logiciel pour plus de la moitié en Chinois/Mandarin (je ne connais pas la langue) : avec un logiciel aussi mal fini (traduction et fonctions) qui me dit qu’il est digne de confiance ???? - mode photo/vidéo : je n’ai toujours pas compris comment faire avec certitude pour prendre une photo. La vidéo j’ai compris : appui long. La photo c’est quand il veut !!!!",fr,,,product_fr_0846863
marc-fr_0731315,kaggle-marc,pet_products,2,"Chats

Je n'ai pas eu satisfaction avec ce produit. Aucun effet sur mes chat.",fr,,,product_fr_0232775
marc-fr_0205559,kaggle-marc,apparel,5,"Super maillot

Un maillot au top qui cache bien les formes. Il a fait son effet sur la plage.",fr,,,product_fr_0054167
marc-fr_0294830,kaggle-marc,home_improvement,5,"Marche super bien

Réception en temps et en heure. Très facile et très rapide à installer avec un iPhone. Désormais je peux allumer mes spots extérieurs en appuyant sur la touche dédiée à l’appliquer Meross. C’est vraiment super.",fr,,,product_fr_0168820
marc-fr_0082862,kaggle-marc,electronics,2,"Retransmet bien l'image mais...

Après avoir branché le d'ongle hmdi, la prise électrique et le port lightning, il faudra scanner votre QR affiché à l'écran pour télécharger le firmware adapté à votre mobile. L'écran de mon iPhoneX s'affiche sur ma TV, il y a un léger décalage entre la manipulation sur mon smartphone. Les jeux et applications s'affichent bien, malheureusement pour ce qui est de Netflix, AmazonPrime et autre applications VOD, ça ne fonctionne pas, je tombe sur un écran noir, on peut voir la barre de durée qui avance, mais il n'y pas d'image sur le téléphone, ni sur l'écran TV. Peut être que cela vient du modèle d'Iphone, pourtant c'est un firmware IPhoneX, utile donc si vous souhaitez tout faire sauf regarder des choses en VOD avec.",fr,,,product_fr_0184726
marc-fr_0462298,kaggle-marc,jewelry,2,"Trop fragile

À peine ouvert qu'il y avait déjà un bracelet qui perdait ses perles, un autre porter deux fois cassée.",fr,,,product_fr_0039169
marc-fr_0491024,kaggle-marc,personal_care_appliances,5,"Bon massage

Rempli bien son rôle, bon moment de détente, très content de cet achat",fr,,,product_fr_0190254
marc-fr_0417279,kaggle-marc,electronics,5,"Simplicité d’u

Regarder des séries que je ne trouve pas sur le replay de ma télé",fr,,,product_fr_0502157
marc-fr_0218146,kaggle-marc,furniture,2,"Moyen

Crédence cuisine , assez déçue par la qualité de la couleur....le Blanc est grisé, comme des taches de frottement",fr,,,product_fr_0188457
marc-fr_0295272,kaggle-marc,baby_product,5,"parfait

le passage du lit de bébé au lit de grand est important mais la sécurité n'est pas la même. j'ai étais rassuré quand j'ai trouvé cette barrière de lit plus grande que ce qu'on peut trouver en magasin. Elle protège bien l'enfant des chutes",fr,,,product_fr_0641859
marc-fr_0063901,kaggle-marc,shoes,5,"Tres beau sac, matière agréable et couleur appréciable

Sac idéal pour tous les jours. Plusieurs pochettes pour mettre tout le bric-à-brac. et surtout discret et moderne, à la fois!",fr,,,product_fr_0513785
marc-fr_0829477,kaggle-marc,pc,2,"Bon

Un peut lent mais pour le prix ça va",fr,,,product_fr_0078397
marc-fr_0800287,kaggle-marc,electronics,4,"Bon produit

Fait le travail, à condition que l'enregistrement, le support et le lecteur source soient de bonne qualité.",fr,,,product_fr_0170276
marc-fr_0660034,kaggle-marc,pet_products,3,"mauvaise description

La lampe fonctionne parfaitement, mais n'est pas du tout adaptée a l'eau douce. Apres seulement quelques jours, j'ai eu une invasion d'algue noire sur mes plantes et mes vitres. Dés que j'ai changé la lampe, plus de soucis, les algues ont disparues. Bref un achat inutile.",fr,,,product_fr_0258538
marc-fr_0030087,kaggle-marc,watch,2,"montre homme

la montre semble jolie au premier regard sur internet mais des que l ont reçoit le produit ont déchante rapidement déjà avec l emballage ensuite avec la montre qui est comment dire de la vrai camelote je ne peut pas porter ca c est pas possible domage",fr,,,product_fr_0826705
marc-fr_0704955,kaggle-marc,home_improvement,4,"Commentaire sur l'achat des chaines en parck de 6

Bien arrivé dans un emballage pro les premiers essais sont positifs x x x x x x x x x X x",fr,,,product_fr_0999850
marc-fr_0979930,kaggle-marc,toy,1,"Chauffe pas/ impossible de réaliser les dessins

Nous avons acheté ce produit en cadeau. A l'utilisation, ca chauffe pas très bien surtout quand vous mettez des embouts... Je ne recommande pas ce produit, c'est la perte d'argent... Dommage quand le concept est sympa",fr,,,product_fr_0234617
marc-fr_0006096,kaggle-marc,digital_ebook_purchase,4,"Vivement le tome 3 😁

Ce deuxième tome est vraiment super, je l’ai dévoré comme le tome 1 ! On est transporté dans l’univers une fois de plus ! Vivement la suite !!!",fr,,,product_fr_0488196
marc-fr_0076304,kaggle-marc,luggage,3,"pratique

souple, pratique ajustable à la taille et beaucoup de poches de rangement reste à voir après usage...la couleur me paraît terne",fr,,,product_fr_0358355
marc-fr_0040361,kaggle-marc,home,2,"Terre seche

Bien mais juste quand la terre est molle terre sèche rien a faire",fr,,,product_fr_0110112
marc-fr_0699686,kaggle-marc,wireless,2,"L'aimant n'est pas assez fort pour maintenir l'étui bien fermé

J'avais le même étui pour mon Galaxy S6 et dont j'étais pleinement satisfait, raison pour laquelle je souhaitais reprendre un étui identique. Le problème est que sur boitier, l'attache ne tient pas car l'aimant n'est pas assez fort si bien qu'il s'ouvre trop facilement. Je ne peux pas dire que ce soit le cas sur tous les produits identiques mais du moins sur le mien c'est un problème pour bien protéger un portable haut de gamme, je vais devoir en changer.",fr,,,product_fr_0784563
marc-fr_0632008,kaggle-marc,baby_product,3,"Ras

Pas d avis a donner mon bébé ayant toujours refusé le biberon... y compris celui ci...",fr,,,product_fr_0802366
marc-fr_0963884,kaggle-marc,wireless,2,"Bof

Pas mal mais embêtant a ranger ... et la pizza colle un peu dessus si pas assez de farine",fr,,,product_fr_0962824
marc-fr_0193582,kaggle-marc,pc,4,"câble

Rapport qualité prix imbattable . Posé sur ma box 4K , aucun soucis .",fr,,,product_fr_0598443
marc-fr_0314542,kaggle-marc,home,4,"Bon produit .

Voir le mode d'emploi . Très petite ecriture et difficile à lire . Seul bémol .",fr,,,product_fr_0010170
marc-fr_0082893,kaggle-marc,grocery,1,"Le remboursement

Je n'ai jamais eu le produit donc pas d'évaluation Amazon devrait me rappeler à ce sujet rien",fr,,,product_fr_0946494
marc-fr_0846135,kaggle-marc,other,1,"Réclamation

Pochette abîmer et les boites cassés",fr,,,product_fr_0650194
marc-fr_0145226,kaggle-marc,beauty,2,"0 pigment

ne pas s'attendre a de la pigmentation",fr,,,product_fr_0625798
marc-fr_0606353,kaggle-marc,sports,2,"Mauvaise affaire

Certaines fonctions sont là juste pour faire jolie",fr,,,product_fr_0892481
marc-fr_0389093,kaggle-marc,electronics,4,"Très bonne autonomie, disign pas très épuré

J'ai acheté ce produit pour écouter de la musique, afin d'avoir une bonne qualité de son avec des basse sans pour autant avoir le fil qui casse. Je trouve ce produit vraiment bon au niveau qualité et finition du produit, le seul bémol que je lui reproche ses sont disign un peu grossier on ne passe pas inaperçu avec ces écouteurs. Bonne autonomie grâce a sa boîte de rechange, l'autonomie dur donc plus longtemps. Petit plus que je trouve super du produit ces sont rechargement sans fil au niveau du boîtier, ces vraiment beaucoup plus pratique que d'avoir un câble de chargement qui traine.",fr,,,product_fr_0158218
marc-fr_0047556,kaggle-marc,drugstore,3,"bon produit mais gare à l'emballage léger!!!

Bon produit que j'ai l'habitude de renouveler mais une simple enveloppe à bulle c'est un peu léger quand on voit dans quel état arrivent les colis..................boîte aplatie mais heureusement gélules intactes!",fr,,,product_fr_0792646
marc-fr_0124643,kaggle-marc,beauty,4,"Super

Utilisation tous les jours Tres esthétique et pratique ne fait pas mal",fr,,,product_fr_0268485
marc-fr_0786375,kaggle-marc,drugstore,4,"Nettoyage

Comment cuisiner toi la machine ça existe un produit qui pouvait tout la cire doit pareil?",fr,,,product_fr_0906262
marc-fr_0698817,kaggle-marc,drugstore,5,"Vraiment pas mal

J'ai utilisé les patchs toutes les nuits pendant 15 jours Sensation au réveil très agréable Les patch sont noirs et au fil des jours le sont moins La sensation de bien-être au réveil est là on se sent vraiment bien plus léger Je recommande vivement",fr,,,product_fr_0634360
marc-fr_0794449,kaggle-marc,industrial_supplies,2,"Trop limite !!!

Cet instrument numérique de mesure ne correspond pas aux attentes. Une mesure prise près du corps ou au bout des becs n'est pas identique. Les centièmes se baladent allègrement et le bouton moleté d'avance précise est tout à fait inadapté. Dommage.",fr,,,product_fr_0893368
marc-fr_0665492,kaggle-marc,camera,2,"Se décharge très vite

Piles achetées mi janvier, et vides, 3 mois plus tard. Sachant que les piles précédentes avaient fonctionné pendant 1 an... Très déçue",fr,,,product_fr_0627407
marc-fr_0970226,kaggle-marc,home,5,"Panier cocotte

Pannier inox rigide pour cocotte minute",fr,,,product_fr_0670806
marc-fr_0830986,kaggle-marc,camera,1,"Non compatible

Je ne peux pas connecter cette télécommande à mon appareil Canon EOS M50. Les connectiques ne correspondent pas du tout.",fr,,,product_fr_0676728
marc-fr_0418343,kaggle-marc,personal_care_appliances,1,"Bien mais légé en qualité

Niveau utilisation et bien être RAS. Par contre la pile ne prend plus la charge au bout de 4 mois. Nous avons fait une réclamation auprès du fournisseur qui devait faire un geste commercial mais il a du oublier depuis ! Une petite rallonge et branchement en direct et il marche.",fr,,,product_fr_0066644
marc-fr_0850694,kaggle-marc,home_improvement,4,"chaine de tronconneuse

produit conforme bien emballé expédié et livré dans les temps pas encore essayé. Rien à redire Je recommande ce vendeur",fr,,,product_fr_0248988
marc-fr_0375340,kaggle-marc,personal_care_appliances,5,"Bon produit

Très bon rapport qualité prix. Produit conforme à la description. Totalement compatible avec l'appareil de marque.",fr,,,product_fr_0109948
marc-fr_0192269,kaggle-marc,office_product,1,"N envoient pas la bonne année mentionnée dans l'annonce

Super déçue....!!!!!! Commandé agenda 2019, urgent.. Reçu vite certes mais agenda 2020 !!!!! Faites gaffe QUO VADIS en préparant vos envois svp !!!c'est qd MM plus de 30 euros votre agenda ! Faut que j'en rachete un autre !",fr,,,product_fr_0494064
marc-fr_0680634,kaggle-marc,wireless,1,"Impossible à utiliser

Une étoile car elle était belle, je l'ai renvoyé car impossible de télécharger l'application pour l'utiliser, mon téléphone bloquait le téléchargement car trop de virus. Du coup retour",fr,,,product_fr_0787911
marc-fr_0002655,kaggle-marc,sports,4,"Parfait rien a redire

Montage facile Conforme à la description. Les enfants sont ravis. L échelle est incluse mais inutile car le trampoline est assez bas. Suffisamment grand pour ma part",fr,,,product_fr_0299596
marc-fr_0783407,kaggle-marc,pet_products,3,"Du bon et du moins bon

Commandé il y a 5 mois. Je l'imaginais plus grand mais il convient quand même bien à notre cane corso de 52 kg. En revanche il n'est pas facile à déhousser car les fermetures éclaires sont cachées. Mais surtout à présent, les coutures lâchent une par une, nous allons devoir en acheter un autre.. :/",fr,,,product_fr_0779050
marc-fr_0348796,kaggle-marc,home,3,"Avis partagé

Reçu mais une des languettes pour fermer la boite est défectueuse, et je pensais que c'était en verre mais non. Donc retour à l'envoyeur. Sinon les tailles étaient parfaite",fr,,,product_fr_0522383
marc-fr_0520585,kaggle-marc,drugstore,5,"Facile et efficace

Excellent rapport qualité prix, facile à utiliser.",fr,,,product_fr_0408097
marc-fr_0657341,kaggle-marc,office_product,1,"album pas reçu

Bonsoir, Je n'ai jamais reçu cet article. Puis je être remboursé svp ? Merci d'avance de votre réponse Catherine FRANCOIS",fr,,,product_fr_0940775
marc-fr_0615040,kaggle-marc,shoes,4,"Un peu trop grand mais à fait son effet

Satisfaite malgré la taille trop grande",fr,,,product_fr_0327401
marc-fr_0466610,kaggle-marc,jewelry,3,"mignon sans plus

pour le prix il ne faut pas s'attendre a des miracles non plus !!!...très sympa mais juste pour jouer . Très léger (laiton plutôt qu'acier) ...son avantage : il est souple et donc s'adapte a tous les poignets sans pour autant s'ouvrir et tomber . Pour l'aspect de la dorure il ne faut pas trop de lumière sinon la réalité apparaît tout de suite",fr,,,product_fr_0642615
marc-fr_0144447,kaggle-marc,toy,2,"Problème de taille

Le collant est beau mais bien trop petit. Ma fille de 11 ans ne pourra pas les porter car l'entrejambe lui arrive presque au genou. Je regrette cet achat et je vais devoir trouver un autre pour compléter son costume. Très décevant.",fr,,,product_fr_0794232
marc-fr_0128607,kaggle-marc,other,4,"Bon film quoique prévisible, mais l'édition 3D aurait dû contenir aussi la 4K

Inutile de revenir sur le film lui-même qui est ce qui se fait de mieux dans le genre grand public à effets spéciaux de pointe. C'est divertissant, le rythme est bon malgré une liste d'acteurs et personnages interminable, il n'y a rien à reprocher si ce n'est peut-être de nombreux clichés qui vont de pair avec le genre. En revanche, il est fort dommage que cette édition 3D ne soit d'une part pas dans un Steelbook mais d'autre part ne contienne pas de Bluray 4K, ce qui forcera les fans à se procurer deux éditions. Cette politique est assez répandue mais on trouve aussi l'inverse (par exemple Passengers qui a eu tout bon au niveau des 3 disques et de l'emballage). On apprécierait que les éditeurs revoient leur copie...",fr,,,product_fr_0287334
marc-fr_0200766,kaggle-marc,toy,3,"Sympa

Les personnages sont petits comme indiqué, mais tout mignon. Je les ai utilisé pour décorer un gâteau, ils sont devenus le cadeau préféré de mon fils ! Le livre et le poster n'ont pas trop d'intérêt car le livre est lié a la boîte",fr,,,product_fr_0037454
marc-fr_0623351,kaggle-marc,kitchen,5,"Robot pâtissier solide et efficace

J'utilise le robot pâtissier depuis quelques mois et j'en suis très satisfaite. Esthétiquement, il paraît un peu lourd mais en contrepartie, il y a une réelle solidité ce qui est très appréciable !",fr,,,product_fr_0233817
marc-fr_0673854,kaggle-marc,wireless,3,"correct pour le prix

vers le max et en fonction de la focale, du vignettage apparaît dans les angles puis apparaît une croix noire. Donc , il ne faut pas forcer sur le sombre.",fr,,,product_fr_0192730
marc-fr_0842003,kaggle-marc,book,5,"Chef d'oeuvre

Un chef d'oeuvre éternel de Balzac",fr,,,product_fr_0686193
marc-fr_0614190,kaggle-marc,beauty,3,"lime à ongle

la livraison était longue, lime un peu tassée à un endroit , l 'emballage était un peu léger, mais utilisable et efficace qualité prix au rendez vous",fr,,,product_fr_0345737
marc-fr_0777465,kaggle-marc,furniture,1,"Ne fonctionne pas

Bien reçu, une fois monté, le verrin ne fonctionne pas donc impossible de régler en hauteur, il est sur la position la plus basse. + quelques coups visibles dès le déballage.",fr,,,product_fr_0611434
marc-fr_0156554,kaggle-marc,home,1,"Nul

Nul ! Les douilles sont tellement minuscules qu’aucune forme n’est visible au moment du pochage !",fr,,,product_fr_0952424
marc-fr_0844911,kaggle-marc,home,1,"Mauvaise réception.

Mauvaise réception. Déception Non utilisable.",fr,,,product_fr_0052979
marc-fr_0863630,kaggle-marc,home,3,"garde bien le froid mais cher

un peu cher maus conserve bien le froid 24h apres voyage en voiture par 35 degres toujours frais 1 .2 litre est une bonne contenance. un peu cher mais devrait durer",fr,,,product_fr_0214089
marc-fr_0950659,kaggle-marc,industrial_supplies,2,"Peut mieux faire

Précis mais parfois lent à calculer les distances quand il ne bugue pas carrément, notamment dans les calculs de surfaces.",fr,,,product_fr_0219462
marc-fr_0559646,kaggle-marc,lawn_and_garden,5,"super produit

Super produit de très bonne qualité posé pour relier mais 10 panneaux solaires de 300w chacun fais parfaitement le travail, du 6mm aurait été mieux mais ça n'existait pas en 5m dommage",fr,,,product_fr_0049408
marc-fr_0572327,kaggle-marc,digital_ebook_purchase,3,"histoire

pas aimer l'histoire , trop chichi",fr,,,product_fr_0824018
marc-fr_0261646,kaggle-marc,baby_product,4,"Très bien mais un peu cher

Réception rapide grace au prime. Très simple à monter, semble assez solide, ne donne pas une impression de mauvaise qualité. Semble solide et pliable. Je trouve un peux excessif le prix pour juste un support mais comme c'est un cadeau je l'ai pris sinon je ne l'aurais pas acheté",fr,,,product_fr_0076894
marc-fr_0683092,kaggle-marc,home,2,"Problème dans l'intitulé

Attention, il n'y a pas un coffre mais 8 petits coffres, sur l'annonce le manque de ""s"" m'a induit en erreur et ne trouvant pas les renseignements sur la taille j'ai commandé mais ne correspond pas à mes attentes. C'est dommage !!!",fr,,,product_fr_0280803
marc-fr_0549940,kaggle-marc,automotive,4,"la boule attelage de diamètre 50 mm

le plus difficile c'est de trouver un foret acier pour le trou de fixation de la boule si non boule impeccable chromé",fr,,,product_fr_0076039
marc-fr_0677482,kaggle-marc,home,5,"super produit

qualité, bon emballage, parfait je reccomande",fr,,,product_fr_0800348
marc-fr_0043110,kaggle-marc,book,2,"Déception livraison emballage = abîmé

J’ai acheté deux livres qui à l’arrivée l’un était corné puis par temps humide ce n’est pas idéal car ils n’étaient pas protégés et étant trop gros par rapport à l’emballage pas étonnant que ça c’est ouvert lors du voyage donc mécontente certes",fr,,,product_fr_0842077
marc-fr_0567062,kaggle-marc,baby_product,3,"correcte

bien emballé, correspond aux autres boules quies dommage que ce ne soit pas l'emballage avec 8 paires, et est un peu cher ..",fr,,,product_fr_0789160
marc-fr_0019172,kaggle-marc,pc,3,"qualité moyenne

cette enceinte est bien fabriqué mais le son est de qualité très moyenne. mais vu le prix reste bien. je reste déçu",fr,,,product_fr_0888897
marc-fr_0604851,kaggle-marc,apparel,1,"Très déçu

Commande passée fin novembre, livraison prévue au 15 décembre. Nous sommes le 18 Janvier et JE NE L’AI PAS ENCORE RECU !!!! Je doute de la recevoir un jour malgré mes messages envoyés au vendeur et impossible de poser une réclamation auprès du service client Amazon. Comment faire pour être remboursé ?!? Donc pour conclure, je NE recommande absolument PAS cet article.",fr,,,product_fr_0342078
marc-fr_0412593,kaggle-marc,apparel,4,"Plutôt sympa pour le prix

J'ai pris ce costume pour ma fille de 12 ans, en taille S. Le costume est plutôt bien fini, et nous avons été agréablement surpris, surtout pour le prix. Ne vous attendez pas à de la grande qualité, le tissus est assez fin et je ne pense pas qu'il tienne bien longtemps mais en attendant, ma fille est ravie de ressembler à une licorne ! Si mon commentaire vous est utile, vous pouvez cliquer sur ""UTILE"" juste en dessous, ça ne coute rien et c'est toujours appréciable ;-)",fr,,,product_fr_0663135
marc-fr_0339468,kaggle-marc,other,3,"coffret cd inutile !

A part le cd qui contient les chansons et la musique , les autres cd ne m'intéressent pas ! Ce n'est que de la narration dans des langues différentes !",fr,,,product_fr_0153655
marc-fr_0259874,kaggle-marc,pc,3,"Efficace

Pas de soucis particulier à signaler",fr,,,product_fr_0771276
marc-fr_0125516,kaggle-marc,toy,1,"Annonce mensongère ! Escroquerie.

Très déçu ! Il manque le masque, les ailes et les gants alors qu’on les voit sur la photo et que c’est écrit sur l’emballage ! Je me suis senti escroqué. Et ma fille de 5 ans a pleuré...",fr,,,product_fr_0722503
marc-fr_0100517,kaggle-marc,furniture,2,"Tout juste bon pour des petits chiffons

L'aimant n'est pas très costaud. Si on y accroche des torchons ou des essuies-main l'aimant bouge. Il tient, mais pour une utilisation quotidienne, c'est pas top.",fr,,,product_fr_0539211
marc-fr_0283576,kaggle-marc,home,2,"Moyen

Produit livré avec un jour d avance heureusement que j'étais chez moi, l article est de qualité moyenne, très plastique... Et manche trop court....",fr,,,product_fr_0533311
marc-fr_0759798,kaggle-marc,pc,5,"Super

Super pratique le clavier à disposition",fr,,,product_fr_0798310
marc-fr_0245592,kaggle-marc,furniture,5,"magnifique

tapis acheté en deux exemplaires pour la cuisine. Ils sont impeccables et ne bougent pas. Je recommande.",fr,,,product_fr_0631494
marc-fr_0611706,kaggle-marc,baby_product,3,"Pare chocs

Pare chocs voiture,,ils ne tiennent pas je vais rajouter de la colle.",fr,,,product_fr_0471344
marc-fr_0587002,kaggle-marc,wireless,5,"très pratique

protège bien le téléphone",fr,,,product_fr_0505866
marc-fr_0609075,kaggle-marc,home,1,"La reference

Pour charger une tablette ne convient pas",fr,,,product_fr_0564473
marc-fr_0787589,kaggle-marc,drugstore,5,"Très bien

Bon produit nettoyant",fr,,,product_fr_0994712
marc-fr_0198181,kaggle-marc,wireless,2,"Bof

Vraiment pas terrible comme produits. Le marquage du bouton de gauche n'est pas fait. Et la coque ne ressort pas sur l'écran ce qui ne le protège pas du tout. Déçu",fr,,,product_fr_0502207
marc-fr_0721867,kaggle-marc,beauty,1,"pot de creme

peu efficace, désolée, aucun effet visible, peau irritée et de plus des plaques apparaissent, donc je suis déçue, très déçue",fr,,,product_fr_0187337
marc-fr_0301022,kaggle-marc,book,4,"Guide très bien réalisé.

Le guide est très bien écrit, très facile de le parcourir (la version numérique également), et de très bonnes adresses sont à visiter. Le bémol serait quelques adresses qui n'existent plus, et beaucoup d'adresses ne figurent pas dans le guide et sont pourtant de superbes lieux. Satisfait du guide, je le recommande.",fr,,,product_fr_0169123
marc-fr_0051458,kaggle-marc,digital_ebook_purchase,3,"Très touchant

Voici un roman qui est poignant, nous nous doutons de la fin de celui-ci, il dégage beaucoup d'émotions nous sommes emporté par cette histoire d'une vie ...",fr,,,product_fr_0036239
marc-fr_0439869,kaggle-marc,automotive,1,"DU GRAND N'IMPORTE QUOI !

Je ne sais pas qui a conçu ce produit, mais on ne peut pas dire qu'il brille par son intelligence : si on utilise ce type de produit c'est que la voiture ne démarre pas car la batterie n'est pas suffisamment forte pour cela. Le Genius doit être chargé pour sa première utilisation. On peut s'attendre normalement à pouvoir le brancher sur une prise de courant, et bien NON, il est livré avec un adaptateur pour prise allume-cigare que vous devez brancher sur la prise de la voiture dont la batterie ne fonctionne plus !!! Je retourne donc ce produit que je n'ai malheureusement pas pu tester car non chargé !",fr,,,product_fr_0337569
marc-fr_0833745,kaggle-marc,toy,1,"Camions de pompiers

pas destinataire du produit, mais cadeau. donc pas d' opinion sur la solidité, l' opinion de l' enfant.... les parents étaient contents, mais sans plus.",fr,,,product_fr_0597347
marc-fr_0099784,kaggle-marc,home_improvement,5,"Parfait

Commandé pour une cuve grillagée de 1000 litres et pour y raccorder un tuyaux d’arrosage, c'est parfait. Bon rapport qualité/prix et bien étanche, le tout pour un prix plus que raisonnable et livré gratuitement et rapidement. Je recommande",fr,,,product_fr_0774517
marc-fr_0949809,kaggle-marc,lawn_and_garden,4,"Bache hivernale pour plante

Conforme à mes attente j dois lol tester cette hiver",fr,,,product_fr_0265144
marc-fr_0366951,kaggle-marc,electronics,1,"ARNAQUE - FUYEZ !

Je n’ai reçu qu’une paire d’écouteurs sur les deux que j’avais commandé. Le micro est inutilisable car nos interlocuteurs nous entendent très mal au téléphone + un écouteur sur 2 ne fonctionne pas",fr,,,product_fr_0719715
marc-fr_0710014,kaggle-marc,wireless,1,"Portection qui ne colle pas bien sur les bords

La protection ne tiens sur l'écran que grâce à une fine bande d'adhésif qui attrape tout de suite la poussière et ne tiens pas. Très rapidement la poussière s'incruste et se retrouve entre votre protection et votre écran ce qui est pire que tout puisque cela génère énormément de rayures ! Je ne recommande surtout pas cette protection !",fr,,,product_fr_0514599
marc-fr_0180313,kaggle-marc,home_improvement,4,"bon kit de remise en état

j'ai change ces pièces sur ma tronçonneuse stihl et après quelques réglages tout fonctionne comme après le premier jour donc ras",fr,,,product_fr_0306352
marc-fr_0649814,kaggle-marc,home,1,"Aspirateur a Main

j'ai utilisé juste quelques fois et ça ne marche plus. Je dois contacter le vendeur pour me faire rembourser. C'est dommage!",fr,,,product_fr_0810502
marc-fr_0313433,kaggle-marc,wireless,1,"un petit renseignement

J'ai perdu la notice de cette montre .Est-ce qu'une personne pourrait me l'envoyer ou de ma renseigner ou je pourrais en avoir une .Merci .Josiane",fr,,,product_fr_0361280
marc-fr_0385086,kaggle-marc,sports,4,"Super produit!

Je les ai testé dans la neige à Paris sur des trottoirs glissants. Très efficace. Il faut quand même marcher lentement mais au moins, on est sûr de ne pas tomber. Cependant, attention quand vous devez marcher sur du carrelage ou du parquet, ça devient glissant. Ils s'accrochent et s'enlèvent facilement, donc très pratique. Ils sont solides. Bref, je recommande.",fr,,,product_fr_0448739
marc-fr_0722258,kaggle-marc,home_improvement,4,"Bon pommeau

Pommeau de douche fonctionne très bien, belle finition mais vu la matière au premier choc je pense que le pommeau aurait quelques soucis (c'est pour cela que je mets 4 étoiles",fr,,,product_fr_0962499
marc-fr_0033192,kaggle-marc,home,3,"Bon rapport qualité prix

Bonne qualité, n'explose pas",fr,,,product_fr_0065140
marc-fr_0161838,kaggle-marc,watch,4,"bracelet montre Festina

Très bien correspond à mon attente bon rapport qualité prix",fr,,,product_fr_0532229
marc-fr_0028512,kaggle-marc,beauty,1,"Comment aire

Ce produit est fake ce n'est pas l'huile vierge de barbarie ses bien une huile ses tout vraiment dommage je n'ai plus rien à dire",fr,,,product_fr_0853264
marc-fr_0612590,kaggle-marc,wireless,2,"Déçu

On ne l'entend pas sonné quand on est dans les machines ou dans un environnement un peu bruyant (malgré le volume a fond) et on ne m'entend vraiment pas bien au téléphone c'est chiant !, déçu de cet achat au bout de seulement 2 mois…..",fr,,,product_fr_0456295
marc-fr_0222472,kaggle-marc,sports,3,"Produit pas terrible

Pas facile à poser mauvaise finition de couture",fr,,,product_fr_0288946
marc-fr_0067867,kaggle-marc,furniture,4,"Une très belle table

Table assez massif, ca ne fait pas planchette en bois. Teinte du bois très agréable gris anthracite. Pas mal de rangement en dessous dans des boites à acheter par ailleurs.",fr,,,product_fr_0748157
marc-fr_0490621,kaggle-marc,jewelry,5,"tres pratique

pour realiser une toile en ""en diamant' donc pour trier les differentes couleurs",fr,,,product_fr_0063195
marc-fr_0763511,kaggle-marc,wireless,1,"Grosse déception

Le premier film na pas du tout tenu sur le téléphone. Et le second s est décollé le surlendemain. Très déçue",fr,,,product_fr_0946552
marc-fr_0507406,kaggle-marc,electronics,5,"Super!

Je suis très satisfaite, de la qualité du son, de la facilité d'utilisation, du design...Je vais en acheter une autre pour ma fille.",fr,,,product_fr_0418342
marc-fr_0455176,kaggle-marc,electronics,4,"Tres bien

Mince et jolie design, je vous conseille de l'acheter. mais on a besoin d'une autre couleur comme blanche. je vais acheter un autre .",fr,,,product_fr_0460914
marc-fr_0769814,kaggle-marc,home,2,"Mauvais produit

Les sacs ne sont pas étanches et l'air entre. Je suis très déçue !",fr,,,product_fr_0336453
marc-fr_0589385,kaggle-marc,shoes,4,"Chaussures Homme

Mon mari a acheté cette paire de chaussure pour un mariage La taille est parfaite L’article correspond bien à la photo",fr,,,product_fr_0149982
marc-fr_0253485,kaggle-marc,home,2,"Appli à améliorer

L' appli ne marche pas il faut passer par une autre appli du dev. Impossible d être plusieurs sur la même lampe du coups l intérêt est moyen quand on est en couple. Marche en bluetooth et non en wifi.",fr,,,product_fr_0323191
marc-fr_0407578,kaggle-marc,wireless,2,"les touches

un téléphone qui malgré la pratique des touches assez grosse donne parfois des signes de fatigue pas très rassurant étant donné qu'il est pratiquement neuf",fr,,,product_fr_0579018
marc-fr_0266637,kaggle-marc,camera,5,"Très bon produit

Mon fils est très content Cela lui sert pour le streaming",fr,,,product_fr_0439863
marc-fr_0862182,kaggle-marc,camera,1,"Camera inexploitable en wifi

Camera reçu le samedi à 10h et renvoyée chez amazone à 14h. Impossible de la connecter en WIFI. Documentation inexploitable. La documentation sur internet et strictement la même que celle contenue dans la boîte. Je mets une étoile uniquement parce que, peut être, la caméra reçue avait un problème de fabrication .....",fr,,,product_fr_0826359
marc-fr_0468759,kaggle-marc,sports,2,"Bretelle cassé

Une bretelle du cartable est déjà cassés au bout d'un mois d'école.",fr,,,product_fr_0975132
marc-fr_0620303,kaggle-marc,home,3,"Livraison trop longue

9 jours pour être livré avec le prime, heureusement que c’était une période d’essai, j’y ai tout de suite mis fin.",fr,,,product_fr_0632932
marc-fr_0175987,kaggle-marc,home,4,"1

Tres satisfait Reçu dans les temps conforme à l'annonce",fr,,,product_fr_0176992
marc-fr_0283413,kaggle-marc,toy,4,"Sylvanian

Un super accessoire à rajouter à la collection de votre enfant Ma fille de 4 ans vas être tres contente pour son anniversaire",fr,,,product_fr_0498091
marc-fr_0602369,kaggle-marc,home_improvement,1,"Piètre qualité

Ne fonctionne plus après une 1 ère utilisation. Pas de notice en français. Déjà au déballage cet article ne semble pas qualitatif. Il y a mieux à acheter.",fr,,,product_fr_0614376
marc-fr_0209919,kaggle-marc,drugstore,1,"Goût horrible.

Goût ignoble, un mélange d'acidité et de piquant absolument désagréable..",fr,,,product_fr_0707534
marc-fr_0964988,kaggle-marc,wireless,5,"Top

Convient très bien au Nokia 3310 3G, bonne prise en main (le tél. ne glisse plus), et préserve la couleur. Je recommande.",fr,,,product_fr_0224092
marc-fr_0114755,kaggle-marc,kitchen,4,"Multiple utilisation

Four, barbecue tout fonctionne",fr,,,product_fr_0805601
marc-fr_0245855,kaggle-marc,other,3,"Beau film assez touchant bon j'avais lu le livre mais malgré cela j'ai été touché par le sujet qui est traité, la perte d'u

Beau film assez touchant bon j'avais lu le livre mais malgré cela j'ai été touché par le sujet qui est traité, la perte d'un être cher.",fr,,,product_fr_0886199
marc-fr_0597377,kaggle-marc,baby_product,1,"Ma fille ne les aime pas

Ma fille les rejette totalement et ne les aime pas du tout, du coup achat inutile me concernant.",fr,,,product_fr_0587850
marc-fr_0077633,kaggle-marc,home_improvement,5,"ok

livraison rapide et correct",fr,,,product_fr_0444962
marc-fr_0246737,kaggle-marc,wireless,2,"Colle mal

J'ai installé cette protection une première fois et il colle mal dans le coin supérieur gauche, deuxième essaie car 2 films livrés, même chose... j'ai pourtant l'habitude de le faire. Pas satisfait du produit.",fr,,,product_fr_0378034
marc-fr_0799433,kaggle-marc,sports,3,"Moins compressif que des chaussettes

Le point positif : facile à mettre et à enlever, le point négatif : se détend sous l'effet des mouvements et de la transpiration. Il faut donc les resserrer constamment. Beaucoup moins compressif que les chaussettes de compression. Convient pour du jardinage et petit bricolage",fr,,,product_fr_0868041
marc-fr_0288282,kaggle-marc,drugstore,4,"realiste et agreable

c'est pas moi qui le dit, mais ma femme. en tout cas, très bel engin, souple mais dur à la fois et qui fait joliment son effet !",fr,,,product_fr_0186509
marc-fr_0801545,kaggle-marc,kitchen,2,"produit inutile

ce produit ne convient absolument pas et ne fonctionne pas du tout je ne recommande pas vous perdez de l argent bicarbonate et vinaigre blanc c est mieux",fr,,,product_fr_0383350
marc-fr_0321225,kaggle-marc,pet_products,4,"La solidité des matériaux .

Bon rapport qualité prix bien que les niches sont petites pour des chats adultes .",fr,,,product_fr_0815461
marc-fr_0929387,kaggle-marc,pc,1,"Mauvaise qualité

La qualité va avec le prix .. tactile nul , connection au wifi lente et casiment sans portée , camera nule , son degeulasse , très lente . Juste bien pour télécharger un film et le regarder avec des écouteurs et encore ..",fr,,,product_fr_0260846
marc-fr_0313747,kaggle-marc,pc,3,"N'achetez pas.

Pas content avec ce produit. Terrible article. Simple et inutile.",fr,,,product_fr_0286248
marc-fr_0109308,kaggle-marc,drugstore,2,"Inefficace

Les + : Belle cage, silicone médical donc sans danger pour la peau et sans odeur, facilement dissimulable sous les vêtements. Les - : Absolument pas contraignante, on peut très facilement l'enlever sans clef et elle n'empêche que très partiellement de bander. Dispositif amateur et sans réelle efficacité.",fr,,,product_fr_0073290
marc-fr_0353298,kaggle-marc,book,4,"Très bonne révision

Très bien.la partie cour est un plus.",fr,,,product_fr_0759043
marc-fr_0055581,kaggle-marc,automotive,5,"Bonne qualité

Mon support était beaucoup trop grand , et esthétiquement celui-ci est impeccable !!",fr,,,product_fr_0609925
marc-fr_0433202,kaggle-marc,pet_products,5,"Très bon rapport qualité prix

Très bien conçu à un prix raisonnable j’en ai commandé un 2e pour mon autre chat ! Pratique pour les chats et facile à nettoyer, les bols se détachent facilement.",fr,,,product_fr_0557151
marc-fr_0516610,kaggle-marc,furniture,5,"Très bon produit et très bon vendeur.

J'ai acheté cette chaise gamer (après beaucoup de comparatifs) qui est très facile à monter et très agréable à l'assise et très pratique également. 5 mois après l'achat, nous avons malheureusement une lanière du coussin d'assise qui s'est déchiré. J'ai contacté le vendeur qui a su se montrer très professionnel, et après l'envoi de photos, nous a renvoyé un coussin neuf. Super produit, super vendeur, vous pouvez acheter en toute confiance. Très bon rapport qualité/prix",fr,,,product_fr_0687533
marc-fr_0117450,kaggle-marc,sports,2,"Commande non reçu

La livraison était prévu pour vendredi 21 et à ce jour j’ai pas reçu ma commande, et dans mon historique il y a écrit que le colis est déposé dans ma boîte à lettre depuis jeudi 20. Comment faire ? Merci",fr,,,product_fr_0520863
marc-fr_0140363,kaggle-marc,home,3,"Tâche facilement

Un beau produit, très léger, parfait pour le transport. Je regrette qu'il n'y ai pas de petite housse (même de mauvaise qualité) pour le transporter (malgré la hanse du matelas lui même, c'est plus agréable de le ranger avec une housse et d'éviter de le transporter trop longtemps sans housse) Pas super confortable, vraiment un matelas d'appoint",fr,,,product_fr_0524768
marc-fr_0278870,kaggle-marc,sports,1,"trop petit

j'ai pris une taille plus grande mais quand même trop petit. dommage car semble de bonne qualité. Je ne peux pas l'utiliser.",fr,,,product_fr_0245605
marc-fr_0429966,kaggle-marc,home,1,"Article abîmé

Article arrivé tout abîmé. Les bougies étaient cassées ou abîmées. Boîte écrasée alors que c'était un cadeau de Noël. J'ai jeté l'article à la poubelle.",fr,,,product_fr_0825980
marc-fr_0496983,kaggle-marc,home,3,"séchoir pliable

Achat réalisé il y a plusieurs mois. De bonne qualité, cependant, les deux anses bleus en plastique s'enlèvent trop facilement.",fr,,,product_fr_0667117
marc-fr_0486723,kaggle-marc,wireless,3,"Le repose poignet aurait pu être plus épais et les bords rebiquent

Le repose poignet aurait pu être plus épais pour réduire la cassure du poignet à l'utilisation de la souris. Les bords du tapis souris rebiquent, sur tout le pourtour, ils remontent et ne touchent plus la surface du bureau, ça fait comme une cuvette. C'est pas très dérangeant, mais c'est pas très esthétique.",fr,,,product_fr_0823328
marc-fr_0698555,kaggle-marc,wireless,3,"Coque solide

Coque qui paraît solide néanmoins ne vous attendez pas à recevoir une protection écran! C'est une feuille 😣 qui est partie à la poubelle.",fr,,,product_fr_0918430
marc-fr_0650153,kaggle-marc,toy,5,"top

ma petit nièce a adorer assez grande je recommande",fr,,,product_fr_0157101
marc-fr_0347305,kaggle-marc,baby_product,5,"Je recommande !

Super article ! Solidité garantie ! Même mieux que en photo !",fr,,,product_fr_0406301
marc-fr_0794304,kaggle-marc,sports,3,"Impossible de lire l'écran a l'extérieur par beau et petite bulles sur l'écran dommage !

Le Ecran est impossible à lire par beau temps car on ne voit rien et petite bulles d air sur l'écran",fr,,,product_fr_0470137
marc-fr_0670308,kaggle-marc,toy,1,"Bof

Pour mon fils. Une galère pour le monter",fr,,,product_fr_0520661
marc-fr_0927607,kaggle-marc,home,1,"produit non conforme

Le produit reçu comporte une ance en plastique et non en fer comme indiqué sur la photo ! ce n'est pas du tout pareil en termes de solidité...la photo est donc non conforme au produit.",fr,,,product_fr_0696196
marc-fr_0764275,kaggle-marc,home,2,"Fonctionnement du miroir défectueux

Le miroir correspondait à ma commande si ce n'est que la couleur blanche commandée initialement est en réalité crème et qu'en outre il ne fonctionnait pas avec les piles. En revanche il fonctionnait sur secteur ou relié avec le cordon usb à un appareil informatique. Cela m'a obligé à retourner ma commande.",fr,,,product_fr_0097970
marc-fr_0476176,kaggle-marc,toy,5,"Très satisfait

Il s'agit d'un cadeau d'anniversaire pour mon fils. Ce dernier a été particulièrement satisfait du produit.",fr,,,product_fr_0859634
marc-fr_0234008,kaggle-marc,lawn_and_garden,4,"tres bon produit

produit correspondant a ma commande. fonctionne très bien",fr,,,product_fr_0190369
marc-fr_0849260,kaggle-marc,baby_product,1,"non conforme à la description

coule sans qu'il y es de sussions de ma fille. Du coup elle en a plein la bouche et la moitié du biberon finit sur le pyjama et la serviette. Dommage",fr,,,product_fr_0434069
marc-fr_0531776,kaggle-marc,camera,2,"produit incomplet

Pour le montant du produit il n' ya pas de notice en français, pas de carte mémoire intégrée Donc Pas de possibilité d'utilisation optimum de ce produit",fr,,,product_fr_0333540
marc-fr_0648719,kaggle-marc,home,5,"service extra et papier conforme au photo

Livraison respectée et produit arrivé en bon état. Le produit est conforme au détail fournis sur le site Amazon. Suivi des commandes par le vendeur. Très bon en général.",fr,,,product_fr_0905529
marc-fr_0654531,kaggle-marc,electronics,4,"Bien

J'ai un peu de mal a les faire tenir mais ils sont super pratique.",fr,,,product_fr_0082670
marc-fr_0050006,kaggle-marc,home,5,"Conforme

Reçu rapidement et en bon état. Commandé pour la pluie pendant un festival mais beau temps donc pas utilisé. Je mesure 1.80m il m'arrive en dessous du genou et semble solide. Il ne prend pas de place plié dans sa pochette.",fr,,,product_fr_0321623
marc-fr_0160953,kaggle-marc,wireless,5,"Parfaite

Parfaite taille, facile à mettre, bien transparente, pour mon Note 5 je ne pouvais demander mieux :) je pensais que les protections anti poussières pour le trou des écouteurs et de la prise de rechargement seraient un problème mais ça ne pose aucun problème. Je recommande à 2000 %",fr,,,product_fr_0399343
marc-fr_0774548,kaggle-marc,wireless,2,"le prix, mais pas la qualité

un câble ne fonctionnait pas, et l'autre a lâché au bout de 15 jours.(torsion au niveau du connecteur) Je ne m'attendais pas a du haut de gamme, mais quand même. heureusement qu'il me reste le troisième",fr,,,product_fr_0359338
marc-fr_0643982,kaggle-marc,home,2,"problème au bout de 4 mois dehors

acheté il y a 4 mois pour mettre sur une tombe et il s'avère qu'il y en a une qui n' éclaire presque plus et clignote suis pas sûr de étanchéité dommage car beau produit déçue",fr,,,product_fr_0680132
marc-fr_0921723,kaggle-marc,lawn_and_garden,3,"Épuisette piscine

Personnel On en a pour notre argent Pas chère, pour passer une saison (J’en ai pris deux )",fr,,,product_fr_0336003
marc-fr_0283196,kaggle-marc,pc,2,"L'écran ne tient pas sur le téléphone

Très déçu, l'écran est collant sur le tour et rien d'autre donc l'écran ne tient pas, ils se décolle sur chaque coin et se déplace sur le téléphone. Je vais devoir coller le 2ème car le premier n'a même pas tenu une semaine...",fr,,,product_fr_0557883
marc-fr_0149307,kaggle-marc,furniture,5,"protection

va parfaitement sur un tabouret de bar, essai concluant. nouvelle commande va suivre",fr,,,product_fr_0746633
marc-fr_0220384,kaggle-marc,office_product,2,"Emballage

A réception du produit, emballage endommagé. Toutes les agrafes étaient mélangées. Très déçue.",fr,,,product_fr_0478166
marc-fr_0366875,kaggle-marc,home,2,"en attente

depuis le 2 mai je sors pas de chez moi en attendant ma commande ;tout les jours il y a noté livraison jus-qu a 20 heure ce jour le 6 mai toujours rien j aimerai bien avoir des nouvelles dans un plus bref délai",fr,,,product_fr_0441364
marc-fr_0802917,kaggle-marc,home,3,"Pratique.

Pratique car j'ai tendance à casser les petits forêt. J'en ai maintenant une réserve. Ils sont ranger dans des boîtes plastiques. Plutôt sympa vu le prix",fr,,,product_fr_0202936
marc-fr_0244855,kaggle-marc,pet_products,1,"RECTIFICATIF après 3 jours

livraison vraiment désastreux par dhl et colissimo voir les photos en dessous",fr,,,product_fr_0396416
marc-fr_0842392,kaggle-marc,home_improvement,2,"Articles manquant en partie

L'article par lui même est très bien, il y a simplement que je n'ai pas reçu la quantité commandée. 28 au lieu de 32. Je lai signalé et c'est sans réponse jusqu'à présent. De ce fait ( vu le prix , j'en ai recommandé mais je n'ai pas reçu la bonne taille. Ils sont plus grands donc tiennent moins bien... décidemment ce fournisseur devrait + contrôler ses expéditions !!! 2 commandes 2 erreurs",fr,,,product_fr_0098132
marc-fr_0901791,kaggle-marc,wireless,5,"Stylet écran tactile

Produit conforme à mes attentes.",fr,,,product_fr_0495407
marc-fr_0687551,kaggle-marc,book,5,"Excellent rapport qualité prix

cadeau idéal pour des enfants curieux",fr,,,product_fr_0787961
marc-fr_0597889,kaggle-marc,home,4,"Pratique mais fixation insuffisante

Très pratique mais ajouter des fixations pour bien que cela tienne car les attaches collantes sont insuffisantes au regard du poids",fr,,,product_fr_0360733
marc-fr_0932934,kaggle-marc,drugstore,1,"Mauvais produit. Imitation.

Très déçu, ce ne sont pas du tout les mêmes lames que celles que l'on peut acheter en grandes surfaces, elles accrochent et sont irritantes. Je déconseille.",fr,,,product_fr_0887165
marc-fr_0645892,kaggle-marc,toy,4,"Grenouille bouée

Mon fils adore il peut aller dans la piscine et se tenir aux poignet il y a meme du bruit quand il appuis sur un oeil de la grenouille",fr,,,product_fr_0370249
marc-fr_0081147,kaggle-marc,book,5,"sympa

beau livre sympa et intéressant à parcourir",fr,,,product_fr_0125807
marc-fr_0616175,kaggle-marc,wireless,1,"Un produit a éviter !!!

Même avant ouverture, il y avait un grain de poussière. Au soleil, on a l'apparition de points sur la protection, j'avais pas ça avec celui fourni par One Plus. Au bout de quelques jours d'utilisation, l'écran s'est fissuré de 0.5 cm sans le moindre choque. Enfin, la colle sur les côtés, elle ne tient vraiment pas. Si vous avez de l'argent a jeter, acheter ce produit !!!",fr,,,product_fr_0274380
marc-fr_0929748,kaggle-marc,sports,2,"de petite taille

ces gants sont pour des femmes à petites mains. Donc pas pour moi",fr,,,product_fr_0536565
marc-fr_0021793,kaggle-marc,pc,4,"Très bon rapport qualité/produit

Quelques semaines d'utilisation, très bon rapport qualité /prix. A voir dans le temps mais pour le moment je suis satisfait de mon achat",fr,,,product_fr_0624886
marc-fr_0496884,kaggle-marc,pet_products,4,"Très satisfaite de cet achat

Le harnais bouge un peu lors de la marche. J'ai pas envie non plus de trop serrer mon chien . G un golden retriver de 45 kg . La taille xl est parfaite.",fr,,,product_fr_0387632
marc-fr_0888499,kaggle-marc,camera,4,"Génial

Je suis très satisfait de cette perche j'ai créé des prises de vue réellement extraordinaire grâce à mes caméra 360 j'ai utilisé aussi la fois dernière ma GoPro et la perspective donne des points de vue extraordinaire le seul petit défaut de celui-ci et qu'il n'est pas réglable en quart de tour comme les autres perche afin de pouvoir choisir sa hauteur sachez que vous ne pouvez pas le faire c'est où tout ou rien c'est pour cela que je lui ai enlevé une étoile",fr,,,product_fr_0146486
marc-fr_0178012,kaggle-marc,personal_care_appliances,3,"Correcte

Elle est jolie, maniable mais moins puissante que ce que j'esperais...",fr,,,product_fr_0796330
marc-fr_0105861,kaggle-marc,pet_products,3,"Bonne taille mais trop fin

Bonne taille, adapté aux grands bacs mais trop fin. Mes chatons le percent avec leurs petites griffes systématiquement,donc pour des chats adultes qui ont plus de force, risque de retrouver le sac en lambeaux",fr,,,product_fr_0176390
marc-fr_0379672,kaggle-marc,furniture,3,"Notice de montage un peu compliquée si l on n a pas l habitude !

Achetee pour ranger des documents dans le bureau.Regrette que l on ne puisse utiliser des fichiers suspendus.",fr,,,product_fr_0682425
marc-fr_0485953,kaggle-marc,furniture,3,"table de chevet

fait sont affaire en tant que table de chevet ,3 tiroirs y a de la place, l'odeur du bois ou chimique persiste un peu depuis 1 mois, fait du bruit a l'ouverture des tiroirs.",fr,,,product_fr_0324830
marc-fr_0106711,kaggle-marc,toy,2,"Bof

Franchement pas top. Son très fort et non réglable et les mots répétés à peine compréhensible.",fr,,,product_fr_0798619
marc-fr_0741295,kaggle-marc,home,4,"Bien.

La trousse est très joli et elle a une texture extérieure agréable au toucher. La taille est adapté pour une brosse à dents et un dentifrice . Cela et pratique pour le glisser dans son sac ou vanity. La seule chose qui me dérange un peu c'est que l'intérieur et en tissu. Il faut donc quand même protéger sa brosse à dent pour éviter l'humidité du tissu.",fr,,,product_fr_0731732
marc-fr_0935869,kaggle-marc,other,5,"nikel

marche très bien y compris mon téléviseur sony compatible avec beaucoup de marque +++++++++++",fr,,,product_fr_0266408
marc-fr_0025502,kaggle-marc,electronics,1,"Livré?

Pourquoi on me dit que le colis est livré depuis lundi alors qu'il est toujours pas arrivé? es-ce une escroquerie ou un mensonge?",fr,,,product_fr_0241740
marc-fr_0759944,kaggle-marc,grocery,5,"Subtile et finement fumé

Acheter pour recharger ma petite boîte Bien moins onéreux quand boîte et tout aussi bon voir meilleur. Je recommande vraiment ce paprika",fr,,,product_fr_0821260
marc-fr_0935439,kaggle-marc,electronics,2,"Telephone impeccable service de livraison médiocre

L'appareil est un plaisir a utiliser. En revanche le service de livraison en point relais d'Amazon est épouvantable",fr,,,product_fr_0942715
marc-fr_0337284,kaggle-marc,pc,3,"voix de synthèse gênante

Fonctionne bien mais, voix de synthèse forte et sans aucun intérêt des qu'on appui sur un bouton ou qu'on l'allume",fr,,,product_fr_0471903
marc-fr_0722875,kaggle-marc,toy,1,"taille petit

Costume correct mais trop court en taille . Prendre une taille de + . et le bonnet n'est pas tres utile",fr,,,product_fr_0535546
marc-fr_0497550,kaggle-marc,sports,3,"Je l'est perdu

Piège assez fragile j'ai attrapé 0 poisson avec et finit par le perdre",fr,,,product_fr_0994809
marc-fr_0055874,kaggle-marc,lawn_and_garden,5,"bon produit

produit répondant à mes exigences",fr,,,product_fr_0160986
marc-fr_0189087,kaggle-marc,sports,3,"Bonne lumière, il ne faut pas avoir de poitrine!

Je l'ai porté au moins une dizaine de fois, éclaire parfaitement, même quand les lumières de la ville sont éteintes (le chemin). La lampe a tendance a glisser un peu vers le haut ou le bas de mon torse et reste calée après quelques dizaines/centaines de mètres (de footing), or je préfère la position initiale que je lui donne, c'est pourquoi je lui mets 3 étoiles. Je précise que j'ai le torse plat, pour les personnes ayant de la poitrine, le problème pourrait être plus aiguë.",fr,,,product_fr_0276791
marc-ja_0615972,kaggle-marc,kitchen,3,"外刃は1年持たなかったが安いしこんなもんでしょう

2017/8購入 当時価格が安く1800円切ってました 最近外刃が破れため買い替えましたが安いし使い捨てと割り切れば良し",ja,,,product_ja_0478215
marc-ja_0791550,kaggle-marc,home_improvement,1,"使えない

貧弱です。あまり削れない、せいぜいプラモデルのバリ取りくらいにしか使えないと思う。 その用途で買う人が多いからベストセラーなのかな？",ja,,,product_ja_0360843
marc-ja_0531709,kaggle-marc,jewelry,1,"残念です…

キャッチ部分がスカスカで止まらず、返品対応していただきました。 デザインは可愛かったので、とても残念です。",ja,,,product_ja_0638472
marc-ja_0892193,kaggle-marc,shoes,4,"いい感じ！

デザインはとても気に入ってます。が、底のマチがもう少しあれば言うことないです。それと 物の出し入れする時 チャックの口辺りを持たないと中身が落ちそうな感じです。 でも、シンプルで飽きなく長く使えそうです。",ja,,,product_ja_0734374
marc-ja_0387802,kaggle-marc,shoes,4,"バイクツーリングに使用

初めて手に取ったときは「重いな」と思ったけど背負って走ってみると 風の浮力もあいまって凄く軽く感じました。 口元はクルクル巻き込んでロックするタイプですが密封性はすごくいいです。 容量もタップリで1泊ツーリングは余裕でしょう。 スピードを出してもバタつき感もほとんどなく気に入りました。 マイナス1点は内側にポケットがなかったところかな",ja,,,product_ja_0816099
marc-ja_0321181,kaggle-marc,industrial_supplies,3,"コードの長さが後、１０ｃｍ長い方が使い勝手が良い。

背面のコードの出何所が写真の配置で右端になっており、使い勝手が悪かった。 中央に出何所を変更して貰えないか？",ja,,,product_ja_0504189
marc-ja_0536692,kaggle-marc,office_product,2,"綺麗に印字するのは難しい

思った通り、名前の端がカスレがち。コツがいる？のかな。うまく押せなくてやり直しが多かったので付属のインク消し液が活躍しました。",ja,,,product_ja_0038347
marc-ja_0077822,kaggle-marc,shoes,5,"脱ぎ履きのし易さとフィット性が両立

クロックスからの履き替え。やや大きめのサイズを買った方が良いというレビューを見て、やや大きめを注文。正解でした。普段ナイキのスニーカー27.5㎝を履いてますが28㎝でジャストでした。（29㎝も買いましたがそちらは若干大き過ぎました） 足の甲の部分が割としっかり抑えられる作りで、中で足がカパカパすることはありませんので、快適に履いています。そして何よりクッション性がかなり良く、スリップオンタイプの脱ぎ履きのし易さと相まって重宝しています。",ja,,,product_ja_0627210
marc-ja_0298957,kaggle-marc,home_improvement,5,"良いと思う

使い勝手がいいですね！ 意外と本体は重量感があります。 シャワーは、大粒の水が出ますが、個人的には 細めの勢いのある節水型のシャワーの方が好きかな？ 好みの問題だとは思いますが・・・ 取付も簡単に出来ました。コスパ最高のおススメです！",ja,,,product_ja_0945376
marc-ja_0327737,kaggle-marc,automotive,2,"思ったほどつかみがなく、すべる。

この道具の形状に期待しました、バンドのつかみ、ありませんでした。使い方が悪かったのでしょうかね。使い方に熟練のいる道具かもしれません。",ja,,,product_ja_0913560
marc-ja_0502126,kaggle-marc,wireless,2,"すぐ剥がれます

追記、特に負荷をかけるようなことはせずに使用して貼って二日後にポロっと取れました。背面ガラスがツルツルしているせいもあるかもしれませんが残念です。特にiPhone 8, Xシリーズを使っている方は買わないほうがいいでしょう。 裸のiPhoneの背面をちゃんと拭いて貼りましたが、すぐ剥がれます。普段使っている最中は大丈夫でしょうが、ゴム部分だけを持っているとき等に人とぶつかるとおそらくスマホは落下してしまうでしょう。便利な商品なだけにここが残念でした。",ja,,,product_ja_0659303
marc-ja_0440170,kaggle-marc,home,5,"お子さんやお年寄りに…

うちのお風呂はタイルで古いのでワンポイントにと思って購入しましたが滑り止めで滑らないしマットが動かないように吸盤も付いてるので小さいお子さんやお年寄りの転倒防止に良いと思います！",ja,,,product_ja_0438439
marc-ja_0365464,kaggle-marc,drugstore,5,"リーゾナブルな値段

８月末に４０００円でタイプの違う互換バッテリーを３本購入しましたが、３ヶ月経たないうちにお知らせ機能と急速充電付きの１本が使用不能、もう１本も充電とお知らせ機能が不調で残る１本が何とか使えている状態で、今回この商品を２本購入しました。一番気になるのは、やはり耐久性です。でも期待するほど持たなくてもこの値段なら諦めが付くような気がします。",ja,,,product_ja_0741912
marc-ja_0314091,kaggle-marc,book,2,"ちょっとがっかり

新しいマネジメントスタイルなのかと期待していましたが、これまでいろいろ読んでいたものと重複する内容も多いので 初心者向きでしたね。",ja,,,product_ja_0413624
marc-ja_0420475,kaggle-marc,kitchen,5,"光美容器です。

私は肌が弱いので、使用するまではとても心配していましたが、使って何日も経ちますが、今のところなんの問題もありません。",ja,,,product_ja_0927957
marc-ja_0913306,kaggle-marc,drugstore,5,"射精時間を増やす

この商品は素晴らしい効果があります。射精速度が速い問題を減らすことができ、射精時間を延長し、性生活を調和させることができる。機能がいいです。",ja,,,product_ja_0750628
marc-ja_0234468,kaggle-marc,beauty,2,"若い肌には良いと思います。

さっぱり肌が好きなので一度購入して見ましたが私の肌には物足りなかった見たいです。",ja,,,product_ja_0867660
marc-ja_0098303,kaggle-marc,apparel,4,"デビュー着として

サイクリング目的で購入しました。初めて購入するコンプレッションウェアでしたので十分満足出来る商品でした",ja,,,product_ja_0655558
marc-ja_0938796,kaggle-marc,pet_products,3,"作りは良い

作りはしっかりしているが中にホコリが溜まりやすいのがネックです。猫は少し遊んでくれました。",ja,,,product_ja_0228969
marc-ja_0334290,kaggle-marc,toy,2,"2,3回使用したらネジ穴がナメってしまいました。

ネジ穴がナメってしまったせいか、まっすぐに入らなくなりした。 何度か試して慎重にまっすぐいれても、斜めにまがってしまいます。 初めは使い心地がよかっただけに非常に残念です。",ja,,,product_ja_0132246
marc-ja_0432428,kaggle-marc,home,4,"装着が簡単

簡単に装着出来、その後ゴキブリがエアコンから出現しなくなりました。",ja,,,product_ja_0755923
marc-ja_0990287,kaggle-marc,camera,1,"良くない

2〜3時間のシュノーケリングですぐに水が入った。 よくない",ja,,,product_ja_0999651
marc-ja_0064105,kaggle-marc,camera,4,"効果はありますが、機動性は犠牲になります。

リュックに後付けで購入。確かに首への負担は無くなりました。首や肩の凝りは解消されます。謳い文句通りの良い商品です。が、カメラを外したり掛けたりする度に一手間増えます。リュックを肩から外して前に移して機材の出し入れをすることができません。移動時には有効ですが、撮影中は逆にいろいろと不便になります。",ja,,,product_ja_0261567
marc-ja_0415487,kaggle-marc,drugstore,3,"効果はわからない

片頭痛がひどいために、予防のために飲んでみました。 頭痛が減ったようなそうでないような、よくわかりませんでした。 ただ、口内炎がたくさん出来たのはわかりました。",ja,,,product_ja_0323153
marc-ja_0027226,kaggle-marc,wireless,2,"試しに購入

接続が持続されませんでした。 音楽再生と充電の際、最初は両方とも問題なく繋がりますが一定時間が経過すると音楽が再生されなくなり 接続不可警告がでました。 安い商品ですので試しに購入しましたので、まあこんなものだろうと思いました。",ja,,,product_ja_0735588
marc-ja_0232595,kaggle-marc,sports,2,"安いなりな品質です

上の棒の部分がかちっとはまらず、キズらしきものもあったので不良品なのかと思い、一度返品してまた購入しなおしたのですが今度もだめでした。 元々こういう仕様だったのかもしれません。 また、水が結構入ってくるので5分に一度はマスクをつけなおしたくなります。 安いので仕方がないとは思うのですが、ちょっと残念でした。",ja,,,product_ja_0413154
marc-ja_0030350,kaggle-marc,apparel,3,"クオリティー高めです。

ツインテール用に２本購入しました。カール具合も可愛く大変良かったのですが、付け方・お手入れの説明が付いていたらもっと良かったかな…",ja,,,product_ja_0916598
marc-ja_0796142,kaggle-marc,pc,2,"これもダメだった

エレコムだからいいかと思ったが4か月で認識しなくなった。残念。",ja,,,product_ja_0803361
marc-ja_0207244,kaggle-marc,sports,4,"普通で良かっです！！

ママチャリのハンドルのボルトは付属の 六角レンチで、かなり強めに閉めましたが どこまで閉めればいいのか わかればいいですね。 他の方のレビューでペダルが重いと、ありましたが、付属のオイルを、チェーンにちゃんと塗れば、大丈夫でした。またカゴステーは手で 押して、位置を調節してカゴを無事に 付けれました。今度はライトはLEDにしてほしいです。 ネット通販で心配でしたが、乗り心地は普通の自転車で良かっです。",ja,,,product_ja_0712050
marc-ja_0561559,kaggle-marc,wireless,4,"コスパが良い

値段の割に良い商品だと思います。わりとよくiPhoneを落とすのですが、本体の液晶画面は無事なままです。フィルムは割れますが、二枚入っているのでお買い得です。",ja,,,product_ja_0226658
marc-ja_0592616,kaggle-marc,electronics,1,"4ヶ月で壊れました

4ヶ月を長いと見るか短いと見るか、私は短いと思います。バッテリーが少なくなってくると「バッテリーLOW」と音声が流れるのですが、その後、全く動かなくなりました。右耳のケーブルとイヤホン部分から液体がこぼれ出てきていたので、電池が溶けると同じような液体が流れるのを見たことがあるので、おそらく同質のものかと。にしても、壊れるの早すぎる。保証期間内とはいえ、直してもらうよりもっと耐久性のある他会社の商品を買います。",ja,,,product_ja_0717198
marc-ja_0569467,kaggle-marc,camera,1,"すぐに外部から見れなくなった。

はじめは外部からも画像を見る事が出来たが、すぐに外部から見れなくなった。 同じLAN内では見えますが監視カメラの意味がないです。",ja,,,product_ja_0778532
marc-ja_0215265,kaggle-marc,watch,2,"また 液晶画面の数字が 暗すぎます これ本当にCASIO製品ですか

１回だけ使いました 暗すぎです どうせ見にくいから 使用してない",ja,,,product_ja_0716447
marc-ja_0091692,kaggle-marc,camera,2,"イマイチ

Xiaomi mi maxでは、動作が安定しません。残念",ja,,,product_ja_0683612
marc-ja_0760029,kaggle-marc,industrial_supplies,4,"小さい文字でもよく見えます

本を読むときにメガネの上からかけて使っています",ja,,,product_ja_0470972
marc-ja_0513293,kaggle-marc,kitchen,3,"巻髪はしにくい

ストレートアイロンは小さくても問題なく使えました！ カールの方は、毛量が多い人には不向きだと思います。挟む部分が小さいので少しずつしか巻けず、かなり時間がかかる事になります。 かなり小さいので旅行用としては便利ですが、全体をしっかり巻いた時に普段用のコテと比べてしまってかなり不便に感じました。前髪用&後髪はストレートアイロンの場合にはすごくいいと思います！ 温度も充分で、巻きは取れにくかったです。",ja,,,product_ja_0452636
marc-ja_0068823,kaggle-marc,shoes,4,"とにかく頑丈

生地は頑丈で大容量。旅行用に購入しましたが肩紐も厚めで疲れにくく感じました。外側ポケットが1つしかないのと開閉が上部1箇所なので若干の不便さはありましたが、それ故に長持ちすると思います。 生地は厚手のキャンバス地なので最悪汚れても丸洗い出来そうな点も高評価です。",ja,,,product_ja_0263619
marc-ja_0481034,kaggle-marc,jewelry,4,"良い感じ

安いし使いやすいし、合わせやすいし概ね満足。 案外持ちも良い。",ja,,,product_ja_0815853
marc-ja_0887043,kaggle-marc,camera,5,"大満足のカメラです！

私は家族で旅行など、遠出するのが趣味です！ 自然も大好きです。 その出かけたところを記念に記録に残そうと思いこのアクションカメラを買わせて頂きました。 こちらのアクションカメラはかなり小さいですしコンパクトですので持ち運びが楽で荷物がかさばらないのですごく助かってます。 どうしても旅行などに行くと荷物が多くなってしまうので私は満足しております。 また、アクションカメラというくらいですからちょっとの衝撃に強く、防水ですので、すこし乱暴に扱っても心配ありません。 それでもわたしは大事に大切に使わせていただいておりますけど笑 また、こんなにちっさいのに画質もよく、画質の安定性がかなりあるのでわたしを含め、わたしの家族もすごく満足しております！ この三枚の写真は近くの公園で試しに自然を撮ってみました。 見てもらってもわかるように画質がかなりきれいなんですよ。 なのでわたしはこのアクションカメラを買って正解だなと思いました。 ありがとうございました。",ja,,,product_ja_0620561
marc-ja_0466163,kaggle-marc,home_improvement,2,"切断能力35mm はウソ？ 刃が入らない！！

３５ｍｍの枝が切れると思い購入しました。到着して早速ミカンの木を剪定しましたが、最大３０ｍｍしか刃が開かないので、どうしたら切れるのか教えて欲しい。 ラチェット式なので２０ｍｍ程度の枝までは３回程度で切れますが、ラチェットがうまく送れず、何度も握って手間取る場合があります。 器具が油でベトベトしていて、油の臭いが気になります。 パチンと切れた時に反動で、小指が痛い！！",ja,,,product_ja_0565386
marc-ja_0742302,kaggle-marc,drugstore,2,"送料がおかしい

品物は少し遅れましたが間違いなく届きました、ですが同じ商品を２個注文したら１つの荷物なのに送料が個数分上乗せされて請求されました、どういう事なんでしょうか。",ja,,,product_ja_0494016
marc-ja_0032570,kaggle-marc,electronics,5,"デザイン、性能ともに大満足です。

注文してから2日ほどで届きました。キャプチャー用に買ったのですが、テレビに映すだけなら接続のみなので簡単です,車で移動中にプライムビデオを子供に見せたく注文しました。とても満足しております.",ja,,,product_ja_0537370
marc-ja_0766127,kaggle-marc,shoes,1,"使えない

いったん、札をたくさん挟むと（開くと）、癖がついてもとに戻らない。ガバガバになったので、捨てました。",ja,,,product_ja_0821193
marc-ja_0052184,kaggle-marc,home,1,"素材がダメでした。

素材が柔らかすぎるのか、蒸気が抜けてしまって使い物になりません。",ja,,,product_ja_0464775
marc-ja_0301866,kaggle-marc,camera,4,"お買い得でした。

3本✖️2回充電してみました。 充電後、SPARK本体に接続しDJI GO4で パッテリーの数値を確認しました。 最初の3本 99%、98%、98% 次の3本 90%、89%、89% となりました。 完璧ではないですが私的には許容範囲内です。 以前は、AC100V付きのモバイル電源と純正の 充電器をだったので装備がコンパクトになりました。 1日に沢山フライトさせる方には、おススメです。",ja,,,product_ja_0968950
marc-ja_0865540,kaggle-marc,drugstore,5,"超おススメです！！

商品が届いたので早速試しました。想像ではその部分だけが振動により痒い程度かと思いましたが...なんのなんのしっかり勃起を持続させてくれて段々快感へ、徐々にバイブのレベルを上げていくと、我慢との戦いww 結局ソッコーでイキました！ シリコン製なので息子に優しいし手入れもしやすいですね カバーライプなのでどんな大きさにも対応。勿論巨根にもw 僕もかなりデカイ方なので... お気に入りの一品です❗️",ja,,,product_ja_0707332
marc-ja_0743299,kaggle-marc,wireless,1,"歪んでる

到着後直ぐに貼り付けましたが、上部、画面の左右及びホームボタン周りと、空気が抜けません。 特に画面上部端は完全に浮いている状態。 何枚もガラスフィルムは貼っているので、台紙から剥がす時も慎重に作業しているにも関わらず、ガラスフィルム自体が歪んでるとしか思えない。 ホームボタンの左右（ボタンと端の中間辺り）に気泡があり、押し付けても直ぐに入ります見た限りゴミも入ってないのに･･･ 指の滑りはとても良く、デザインも気に入っているのに、とても残念です",ja,,,product_ja_0361149
marc-ja_0372005,kaggle-marc,kitchen,1,"注意喚起 騙されないようにご注意下さい。

この出品者は、不正アクセスでアカウントを乗っ取って、架空発注しています。同じ被害に遭わないように、注意喚起致します。当初は、レビューも、褒めた堪える文章が不正に記入されていましたか、被害者として編集します。 絶対に購入しないで下さい。",ja,,,product_ja_0489219
marc-ja_0498679,kaggle-marc,shoes,4,"デザインは良し

デザインと質感はいいと思います。耐久性はあまり高くは無さそうなので、重い物やかさばる物は入れないつもりです。ファッションで使います。ベルトは飾りなのですね（穴が無い）。",ja,,,product_ja_0699257
marc-ja_0500191,kaggle-marc,electronics,3,"今からありのまま起こったことを説明するぜ…

正直高いですよね 僕はPS4コントローラーにヘッドホンを付けるために購入したんですが、1.2週間使っていたらヘッドホンの片方が聞こえなくなってましたなのであんまりオススメ出来ないです ヤマダ電機なら1mくらいのが500円位で売ってるのでそっちの方が安いですし壊れにくいと思いますよ",ja,,,product_ja_0057367
marc-ja_0622616,kaggle-marc,automotive,3,"おススメ

アルトワークスHA36Sに取付けしました。 縫い目はシートに合ってないですが、気にしない！ 表品自体の発想はいいと思います。 ただ、他の人のレビューにもありましたが、値段の割には作りがチープです。 2000ほどなら星5つけれるのですが。",ja,,,product_ja_0672734
marc-ja_0425564,kaggle-marc,automotive,5,"前後カメラで安心です。

煽り運転のニュースを見るたびにドライブレコーダーの必要性を感じており、嫁の車用に購入しました。前後カメラで取り付けも問題なく、簡単でした。軽自動車でバイパスなど走行することも多く、煽り運転をされたこともあり、これで証拠としても残りますので安心です。",ja,,,product_ja_0509385
marc-ja_0792295,kaggle-marc,electronics,1,"音量調節はできません。

価格、音質、機能はおおむね良好ですが、音量調節はスマホ本体で行ってください。 とのことでした。 商品画像に音量調節のアイコンがあったのですが・・・。 その点が残念です。",ja,,,product_ja_0899448
marc-ja_0511735,kaggle-marc,camera,4,"安定して動いてます。

思ったより収納量が少なかった。持ってるものがやっと入った。もっと容量の大きいほうが良かった。",ja,,,product_ja_0603295
marc-ja_0427356,kaggle-marc,electronics,3,"あれ、モノラル・プラグ（オス）のそれぞれのサイズが違う

写真で見る限り同じサイズに見えたけれど2.5.ｍｍと3.5ｍｍでした。 本当は3.5ｍｍを二つ欲しかった。 ステレオ・ジャック（メス）は両方とも3.5ｍｍです。 変換プラグのサイズも表示して欲しかった。 判っていれば二つ注文したのに。 私は本当に欲しかったのは3.5ｍｍの変換プラグだけですが何の問題もなく使用できています。",ja,,,product_ja_0079063
marc-ja_0790623,kaggle-marc,sports,2,"ゴムボールでの遊び用グローブ

初めてグローブを使う小学3年生の息子との遊び用に購入。商品が到着した箱を受け取った時、軽いなと思った。その訳はグローブが薄く、ペラペラなため。ゴムボールなら良いが軟球ではキャッチした時、痛そう。軟球を使うなら、他のグローブを買うべき。",ja,,,product_ja_0181062
marc-ja_0720600,kaggle-marc,sports,4,"マウント予備が欲しい。

息子に取り外しを任せたら、留め具が折れた。なんとか考えて最終的に輪ゴムをレールに挟んだ。これで使うしかないのかな？マウントだけ売って欲しいので星4つです。品物は満足です。 追記：5ヶ月目で充電できなくなりました。残念。同じく同時期に買ったもう一台のは問題なく使えています。 追記 ： 分解すると基盤のチップが外れかけてたのでハンダでくっ付けると充電出来るようになりました。",ja,,,product_ja_0474019
marc-ja_0993299,kaggle-marc,electronics,3,"サイズが

メトロノームに使用する為に購入しましたが、少し大きいようで電池を入れると蓋が閉まりませんでした。 仕方がないので、蓋をしないで使用しています。 長く使える事を期待します。",ja,,,product_ja_0635173
marc-ja_0262198,kaggle-marc,video_games,5,"良くも悪くも、DLCありきゲー

原作ファン、DLC3まで購入、プレイ済みが今更のレビューです。 個人的に神ゲーだと答えが出ているものの、非常に残念なことがひとつ。 DLC3までを最初からワンパッケージで発売しておいてくれれば。もう、この一言につきます。 ユーザーの意見を取り入れながらのDLC3であると感じるので、たられば、にしか過ぎませんが。 結論、原作ファンで現時点からはじめる方には強くお薦めです。そして購入した人はDLC3の辺りまでくると、色んな汁にまみれるでしょう。",ja,,,product_ja_0283248
marc-ja_0407650,kaggle-marc,home,3,"丈夫で良いです

良い点 ・ワンタッチで開閉できる ・大きいので腕、肩など濡れない ・生地が丈夫 イマイチ ・一度閉じたらワンタッチでは開けない ・けっこう長いので、標準的なビジネスバッグからはみ出る",ja,,,product_ja_0499746
marc-ja_0621055,kaggle-marc,kitchen,5,"実用性は十分満足です。

出産祝いにもらいました。意外と充電の持ちもよく、家全体を掃除しても充電が持ってくれます。私のお気に入りです。実用性は十分満足です。",ja,,,product_ja_0782689
marc-ja_0522656,kaggle-marc,apparel,3,"思ってたよりも……。

画像で見ると大きく見えたけど、ちょっと小さめでした。 近日中に欲しかったので、すぐに見て決めたんですけど、もっと考えれば良かったかなと思いました。 でも、着れないことはないので、このフォーマルで参加する予定です。",ja,,,product_ja_0220073
marc-ja_0504221,kaggle-marc,wireless,1,"在庫処分の不良品で残念でした

インカメラをはめる透明のプラ部品や、受話口のメッシュが無い 画面右下に10円玉大で青い斑点みたいな感じで不良品にも関わらず返品対応してもらえない",ja,,,product_ja_0323803
marc-ja_0599808,kaggle-marc,electronics,1,"コストだけで選ばない方が良かったかも！

他のレビューにもあるように右耳もイヤホンがすぐに外れる",ja,,,product_ja_0520589
marc-ja_0425563,kaggle-marc,electronics,1,"新品じゃないの？

付属ケースの中に2個入った状態で届きました。 白・黒いずれも擦れや使用感がある状態。 よーく見ると、耳垢が・・・まだ自分の耳に装着する前なのになんで！？気持ち悪い！！ 潔癖症ではないですが何だかイヤ・・・ということで、返品させて頂きます。",ja,,,product_ja_0039990
marc-ja_0330132,kaggle-marc,home,3,"使い道、使う場所を模索中

冷蔵庫にワインボトルを複数本保管するために6つ購入。 しかしこの製品ボトル1つに対してかなり場所をとります。冷蔵庫の中の棚1段につき2つが限界では。(他の食材も入っているので) ボトルを横置きにしても動くことがないという点では良かったのですが収納力は譲れないので、冷蔵庫で使うことは断念しました。 我が家ではキッチン下の調味料(醤油や料理酒など)をしまうのに使うことにしました。 ただ、キャップが緩んでいるのに気づかず収納してしまい、大惨事になることが時たま起こります・・・。 せっかくたくさん購入したので 他に使い道はないかと、模索中です。",ja,,,product_ja_0882554
marc-ja_0108749,kaggle-marc,pc,2,"色褪せが激しい

綺麗に印刷できましたが、1週間程度で色褪せました。金額を考えても、少しお高いです。",ja,,,product_ja_0187138
marc-ja_0988758,kaggle-marc,wireless,5,"簡単に貼れてはがれません

スマホの画面フィルムと違い、円形なのと、合わせなければいけないポイントはないのApple Watch series 5 フィルムで簡単に貼れました。今のところ問題なく使用できています。浮いたりすることもなくノンストレスです。",ja,,,product_ja_0892189
marc-ja_0036301,kaggle-marc,toy,3,"課題

次世代チャンバーに入れるのが非常にキツイ。 一度トライしましたが、ボロボロになっちゃいました。性能は楽しみにしているので、今後また挑戦します。",ja,,,product_ja_0741411
marc-ja_0564620,kaggle-marc,pet_products,4,"薄型でも十分です

薄型ですが、しっかり吸収してくれます。 通常はこれで充分だと思います。 ただ、室内で臭いが気になる方は、厚手のデオドラント効果のあるものの方が、臭いは気にならないと思います。 価格的には、十分満足できます。",ja,,,product_ja_0421201
marc-ja_0514230,kaggle-marc,industrial_supplies,2,"ちょっとガッカリ

64品種とあったのですが、53種類しか入っていませんでした。抵抗値は、10~20％は、Fクラスの物がありますが、他はJクラス程度の誤差はあります。価格から、Fクラスのロットアウト品と考えられます。価格が安いので許容範囲として使用します。",ja,,,product_ja_0248321
marc-ja_0368497,kaggle-marc,camera,4,"まあ、良いんじゃないかな

EOS7D MarkⅡで使用。標準レンズは余裕で納まります。望遠はキツキツでストラップをレンズにグルグル巻いて入れてます。ショルダー用のヒモはやや固いので使ってません。中の仕切りはあまり役に立たないので外してます。ポケットが正面しかないので、サイドにもあったら、五点つけたかも。でも、安かろう悪かろうではないと思いますので、買って損はないかな、とは思います。",ja,,,product_ja_0420191
marc-ja_0775396,kaggle-marc,automotive,5,"自転車のチェーンに５５６はダメなんだなあとういことがわかった

自転車のチェーンがガタガタいうようになったので、手元にあったクレ５５６をかけてみたところ、良かったのは２日だけで、またすぐに渋くなりました。そこでこちらにしてみたら、ずーっとスルスルであります。ありがとうクレさん。",ja,,,product_ja_0076707
marc-ja_0481120,kaggle-marc,wireless,2,"評価が難しい

マイクロSIMをナノサイズにするために購入しました。 プラスチックのアダプタのようなものが入っていましたがnanoを標準SIMサイズにするもので、マイクロ用は入っていませんでした。何のためのものなのか意味不明です。 写真のものではないSIM変換アダプタが同梱されていたので、そのなかのマイクロSIMを標準サイズにするアダプタに入れて思いきりカットしたところ、刃に押し出されたSIMが大きくずれて見当違いな場所でカットされ、アダプタごと粉砕しました。 新たなSIMを用意し、別に持っていたアダプタを使って再度トライ。今度はSIMが押し出されないように手で挿入口をおさえながら慎重にカットしたところ今度はうまく切ることが出来ました。 今回は、ドコモのスマホのSIMロックを解除するためにすでに契約切れの他社SIMをカットし、さらにたまたま2枚持っていたので事なきを得ましたが、1枚しか持っていなかったらショックな結果になるところでした。 カットにはそれほど力はいりませんが、いかにSIMがずれないようにカットするかがポイントなので慎重にトライしてください。",ja,,,product_ja_0303427
marc-ja_0512151,kaggle-marc,automotive,3,"まだ品質確認中

250ccスクーター（Fusion)のマフラー接続部に巻いてみたのですが、一回りだとすぐ破け？るのか、高速走行中に 消えて無くなってしまいました。今2度目の巻で、2重巻にしてみましたので様子見中です。",ja,,,product_ja_0919753
marc-ja_0383565,kaggle-marc,musical_instruments,3,"使える

音量を上げるために使用しています。 ちょっとノイズがでますが許容範囲です。",ja,,,product_ja_0909957
marc-ja_0138280,kaggle-marc,other,1,"これは絶対買ったらダメなやつです。

これのせいでパソコンが壊れました。Windowsが立ち上がらなくなって壊れました。原因はこれを入れたからだそうです。",ja,,,product_ja_0617176
marc-ja_0354974,kaggle-marc,home,4,"透明？

水が悪いのか、完璧には透明にならないが、気に入ってます。",ja,,,product_ja_0730952
marc-ja_0847334,kaggle-marc,apparel,3,"かわいい！

試着すると装飾のビーズが取れました。 デザインはかわいい💕です。他のレビューにも 有りましたが生地がスエット生地です。",ja,,,product_ja_0236191
marc-ja_0055695,kaggle-marc,other,3,"毎年の買い換えを軽減して欲しい

青色申告ソフトとしてはよく出来ている。しかし、青色申告を行っているのは個人事業者が大半である。この為に無料のソフトまで存在している。毎年新規の購入で1万円以上を支払うのは負担が大きい、レピータにはオンライン方式で半額程度に出来ないだろうか。そうでないと無料や他社の安いソフトに移行する人が多くなるように思う。",ja,,,product_ja_0153732
marc-ja_0752424,kaggle-marc,wireless,1,"中身が違うものだった。

包装にはZC520TLと記載されていたが、中身が全く異なるものでした。 携帯の大きさよりはるかに小さく全く入らない状態です。 もちろん充電ケーブル等穴の位置も全く異なります。",ja,,,product_ja_0367724
marc-ja_0458149,kaggle-marc,camera,2,"位置が決まらない

付いている丸いネジとカメラ本体との間でキツく締めてもクルクル回っちゃいます 丸いネジが底付きするまで下にどついた状態で初めて回転が固定できます なので、カメラの回転方向は一点でしか固定できません 役に立ちません",ja,,,product_ja_0412509
marc-ja_0197008,kaggle-marc,home,2,"臭いが合いませんでした

プラスチック特有の臭いがひどくて飾るのは諦めました。",ja,,,product_ja_0980706
marc-ja_0335990,kaggle-marc,musical_instruments,5,"簡単操作で分かりやすい

ウクレレのチューニングもスムーズに出来ました。また表示が大きく見えやすいのでライブなど少し暗くなったの会場でも見やすいので重宝します。",ja,,,product_ja_0446231
marc-ja_0066258,kaggle-marc,grocery,5,"オーガニックでありながら、コストパフォーマンスに優れた素晴らしいお茶です。

アメリカ在住の友人へのお土産に購入しました。オーガニックでありながら、求めやすい価格でお勧めです。",ja,,,product_ja_0620836
marc-ja_0551942,kaggle-marc,shoes,3,"カーボンブラック×レッドが良い感じ

中の間仕切の素材が少し硬くカードポケットが小さくて出し入れし難いです。 コインポケットがファスナー付きで良いと思います。",ja,,,product_ja_0931309
marc-ja_0711944,kaggle-marc,drugstore,5,"刺激的

見た目は良さそうで、非常に精密で、USB充電式で、便利です。USB充電式で、便利です。刺激的です。",ja,,,product_ja_0855274
marc-ja_0221266,kaggle-marc,digital_video_download,1,"五銭の価値もなし

時代錯誤の過剰演出は良い。それが石井監督の持ち味だから。脚本があまりに糞。五人でもねえし、五銭の価値もない。これを観るぐらいなら内職するべし。",ja,,,product_ja_0501061
marc-ja_0750536,kaggle-marc,pc,5,"コスパ良いです。

こう言う商品を探してたところお手頃のがあったので購入させていただきました。 一体型デスクトップなどではUSBを後ろなどに回さず取り付けでき、とても便利です。",ja,,,product_ja_0795771
marc-ja_0545640,kaggle-marc,toy,2,"海外用に

海外でお札と小銭とクレジットカードを持つように購入。 革が安っぽいし、マネークリップが固くてお札が挟まらない、カードは3枚入るようだが、1番下のところはカードが1/3ほどしか刺さらずに入れるのは危険。",ja,,,product_ja_0307777
marc-ja_0063443,kaggle-marc,industrial_supplies,1,"3日持たず。

同時に2台購入し、同じ回路に2台接続したうちの1台が取り付け後2晩で点灯しなくなりました。返品に応じてもらえましたが、再度工事が必要になり面倒でした。明るさはまぁ普通です。",ja,,,product_ja_0197807
marc-ja_0148233,kaggle-marc,shoes,4,"使い勝手がいい

大きさ.色.皮質感も満足 良いものを購入できました。",ja,,,product_ja_0928572
marc-ja_0679944,kaggle-marc,digital_video_download,3,"胸糞

私の見解では復讐は親父の行動をなぞらえていたので 「爆発しない地雷＝弾の出ない銃」のはずだったのではないかな 展開が読めないので最後まで見てしまったが相当胸糞悪い映画でした",ja,,,product_ja_0741658
marc-ja_0607770,kaggle-marc,pc,1,"超低スペックタブレット

基盤をはめただけの簡単の構造で、 バージョンも低いので、ポケモンGOや 荒野行動、PUBGもろくにできません。 YouTubeも720p再生すらできません。 超低スペックの商品です。 私は1000円でももうこの商品は買わないです。",ja,,,product_ja_0443055
marc-ja_0327627,kaggle-marc,home,1,"幅が狭すぎて４つは無理

大人用２つ（それも２つとも25センチ弱）、子ども用２つ（２つとも16センチ以下）で使用して、ギリギリのせられる位の小ささ。手前と奥の間が狭く、置きにくい。壁側に裏部分を向けなければ置けないが、裏部分が壁に当たり、壁が汚れます。 かなり微妙",ja,,,product_ja_0510270
marc-ja_0904416,kaggle-marc,apparel,5,"良い商品です！

色と質などはすべて思ってた以上に良かったです。特に日差しを遮れるので満足しています。値段が安いので期待できないと思っていたのですが、店頭で販売しているものよりもしっかりした帽子でした。",ja,,,product_ja_0835380
marc-ja_0914055,kaggle-marc,toy,4,"傷など見当たらず綺麗！

安い金額だったのに、傷など見当たらずとても綺麗で軽くて頑丈で使いやすいです。ネットで財布やバックは…と半信半疑でしたが、いい買い物をしたと思ってます。",ja,,,product_ja_0718323
marc-ja_0927859,kaggle-marc,toy,1,"防水?

LEDむき出しがあり配線カバーも花もなかった。端子にカバーが無いため防水になってない。発送前に商品の確認をしてほしい。",ja,,,product_ja_0154273
marc-ja_0402043,kaggle-marc,grocery,1,"1缶しか…

写真では2缶ですが、実際には、1缶しか届きませんでした。紛らわしい写真は、やめていただきたい。",ja,,,product_ja_0654038
marc-ja_0251125,kaggle-marc,office_product,4,"ポケットもあり良いですよ

なかなか良いですよ。布生地なので、レザーのような高級感はないです。",ja,,,product_ja_0067260
marc-ja_0307700,kaggle-marc,wireless,1,"カメラが、、、、

レンズの穴とレンズの位置が合っていないので撮るとき外す必要あり。",ja,,,product_ja_0700483
marc-ja_0460051,kaggle-marc,home_improvement,1,"全く効果がありません。

モグラ被害が出て、みなさんのコメントを参考にして、購入しましたが…全く効果がありませんでした。地面に刺してあるその場所にたくさんのモグラの通り道ができます。最悪です。",ja,,,product_ja_0807279
marc-ja_0527885,kaggle-marc,automotive,4,"今後の耐久性に期待

スズキワゴンR、mh34s（バッテリー型番M-42R）に無事に取り付け出来ました。 製造日は2018年2月 バッテリー電圧は12.68vでした。 後はチョイ乗りで何処まで持つか・・・ 今の所 音質が良くなったとかは特に感じなかった。 エンジンのかかりも普通。",ja,,,product_ja_0359224
marc-ja_0357208,kaggle-marc,drugstore,4,"よく効く

この時期になるとコバエすごく発生する為これをしてからほぼ見なくなり助かります。",ja,,,product_ja_0087602
marc-ja_0966500,kaggle-marc,grocery,3,"⁇

商品の品質自体は何も問題は無いけど、一緒にAmazonプライムから出来る限りまとめて発送する、を指定してアクエリアスパウダーも同時に注文したけど、アクエリアスは3日で到着したのにコカ・コーラは到着まで1週間もかかった！同じコカ・コーラ商品をプライムから注文したのにどうしてこんなにも日日がずれるのか不思議です。",ja,,,product_ja_0717054
marc-ja_0942288,kaggle-marc,wireless,4,"裸族の方にもオススメ

基本的に今までiPhoneは全面（背面、側面含め）をカバーできるフィルムを貼っていました。 その理由として折角かっこいいデザインを隠したくなかったのと カバーを付けると持った感じが大きくなってしまい 別にiPhoneじゃなくても良いのでは？と思っていたからです。 しかし今回フィルムの隙間の部分から落下の際に割ってしまい 仕方なく臨時的に購入しました。 しかし、実際着けてみると今までのカバーの印象を覆し なにも着けていないような感触に驚いています。 もちろん薄いだけあって防護力は低いと思いますが なにもないよりはマシではと思っています。 iPhoneのデザインは若干見えなくなりますが 透明なものが発売されればまた購入したいと思ってます。",ja,,,product_ja_0416052
marc-ja_0880731,kaggle-marc,home,1,"ありえないです。

他の方のレビューにもありましたが、違う物が届いた。 しかも２つ買って２つともです。 ありえない。交換してもらおうと思ってましたが、二度と買いません。星１つもつけたくないですが、１つからなので、仕方ないので1つはつけます。",ja,,,product_ja_0883660
marc-ja_0095004,kaggle-marc,beauty,2,"厚さが薄い。

今治タオルということで、もっとフカフカ感を期待しましたが、値段相当で意外と薄いです。 耐久性はあると思います。",ja,,,product_ja_0310275
marc-ja_0119554,kaggle-marc,home_improvement,3,"ミニセットだけあって

小さいですね、ここまで小さいとは思いませんでした ホントお試し版ってところですね",ja,,,product_ja_0170448
marc-ja_0962253,kaggle-marc,wireless,4,"無難

特別高機能でもなく、駄目でもない。非常に無難なカバー。一応愛用してます。",ja,,,product_ja_0167263
marc-ja_0689664,kaggle-marc,home,5,"シフォン専用です

シフォンケーキ専用に購入しました。シフォンケーキ屋さんにがお使いになっているのをお聞きして、購入しました。使いやすく最高評価をしました。",ja,,,product_ja_0050302
marc-ja_0552824,kaggle-marc,home_improvement,1,"２回購入しましたがダメです

１０ヶ月程度で、バルブが弱くなり、プシュプシュと水漏れしている音がします。 初回は個体差のはずれを引いたのかと思っていたのですが、２台めも全く同じです。 バルブ分の磁力が劣化している様子です。 ダメですね。",ja,,,product_ja_0112138
marc-ja_0397212,kaggle-marc,video_games,5,"凄くよかった。

かなり安かったので、あまり期待していませんでしたが、想像以上の品質です。 視認性も良く、当然ながらフィルムの厚さもドックでの抜き差しにおいて何の問題も無いですね 表面のコーティングが非常に優れており、全くといっていいほど指紋がつきません。 私が受け取った製品は状態に一切問題は無く、 ２枚入りでこの値段はお得です。オススメです。",ja,,,product_ja_0007965
marc-ja_0312166,kaggle-marc,toy,4,"早さと値段はよき

値段と安さの割にはよき ウィッグの前髪が長い 帽子は自分で作った方がいい",ja,,,product_ja_0157637
marc-ja_0763539,kaggle-marc,electronics,2,"ヒトカップで１人分

美味しいかき氷食べたくて買ったのですが…ひとつのカップで作った氷で１人分が限界です なので子供が３人要る我が家はカップを別売りで買いました 氷が残り1㌢になると安全のため削れなくなるようですお客様相談センターの人が言ってました ↑お客様相談センターの喋り方がめんどくさそうに話されて不快でした",ja,,,product_ja_0426607
marc-ja_0281173,kaggle-marc,watch,4,"全般的に価格対比、いい時計と思います。

時計のストラップにちょっと小さい傷あるんですが…まあ、高い時計じゃないんですから...大丈夫です。性能も軽さも全部満足されるものですと思います。",ja,,,product_ja_0178733
marc-ja_0958860,kaggle-marc,drugstore,2,"サイズと価格アップ

この値段だからアマゾンさんで頼んでいたのに、サイズアップで大幅値上げだと購入を躊躇います 評価はサイズ改定後です 味はサバスの同様のものより甘さ控えめで飲みやすいようです",ja,,,product_ja_0713933
marc-ja_0013667,kaggle-marc,kitchen,2,"サイズ注意

サイズを確認不足だったためサイズが小さかった。 敷き毛布では部分的にしか来ない。 そのためずれてきます。 ひざ掛け使用が良いかもしれません。",ja,,,product_ja_0326448
marc-ja_0115615,kaggle-marc,kitchen,5,"乾燥の速度が速い

かなりかっこいいです！光沢感があり、ピンクが良い差し色になっていてかなり気に入りました。 しかし、持ってみて少し重いかなと思いました(笑)。 風量はなかなか大きいです。 音量も他のドライヤーと同じくらいで十分だと思います。 ワンタッチで冷熱切り替えます。適切な温度や風速をコントロールできて便利です。 電源コード長さ2.5mですので、どこでも使えます。 1200wの強風なので、乾燥の速度が速いです。",ja,,,product_ja_0549975
marc-ja_0891020,kaggle-marc,pc,1,"付属のケーブルが違う

商品情報の管理がいい加減すぎる。 商品説明にあるようにHDMIケーブルが付属されている前提で買ったのに付属のケーブルはDPケーブル。 同梱の正誤表だけで済む話じゃないだろうに。",ja,,,product_ja_0634525
marc-ja_0911140,kaggle-marc,apparel,2,"薄い

薄い、ペラペラ、透けて見える 肌触りもイマイチだし２度と買う事は無い",ja,,,product_ja_0684042
marc-ja_0175833,kaggle-marc,home,3,"気に入っています。

以前、使用していた物が沸騰時に音が鳴るタイプだったので あると便利かなと思います。",ja,,,product_ja_0323489
marc-ja_0531545,kaggle-marc,toy,4,"可愛い色合いです！

ホームパーティにて使用。 可愛い色の組み合わせで、たくさん入っていて、満足です！",ja,,,product_ja_0526510
marc-ja_0361973,kaggle-marc,sports,4,"助かりました

Vブレーキの交換を行おうとしたところ台座ごと外れてしまって困っていたのですが、この商品のおかげで無事交換できました。ほかの方も書かれているように数ミリの浮きがあるのはちょっと気になりますが、機能としては問題なし。こういうすきま商品を売ってくださるお店は助かります。",ja,,,product_ja_0547470
marc-ja_0915593,kaggle-marc,wireless,1,"返品します。騙されないで！

説明文には20000mAh と書かれてますが、商品が届いてすぐにわかります。表裏に15000mAh としか表記されておりません。 これは即日返品です。",ja,,,product_ja_0847212
marc-ja_0492208,kaggle-marc,pc,1,"返品しました。商品の品質管理をしっかりして欲しいと思います。

商品届いて本体をセットまでしたのですが、返品しました。理由は、フタを止めるためのゴムバンドの取り付け位置が片側だけ角の方に寄っていて縁に平行に張れず、使用したところきちんとフタが固定できなかったためです。トレイが回転して縦位置でも傾斜を付けて置けるのは魅力的だったので商品の交換を希望したかったのですが、この商品は返品対応しか受け付けられていませんでした。返品対応の手間がかかった分、余計な苦労をさせられたので、星一つの評価とします。",ja,,,product_ja_0911439
marc-ja_0285016,kaggle-marc,watch,5,"アラーム機能付き

アラーム機能付きの時計を探していて、高級感の有るこの時計が気に入りましたが、店頭での説明ではアラーム機能は付いていないと説明され、本ページの説明にもアラーム機能の記載はなくあきらめていました、でも画像の拡大で文字盤にアラームON,OFFの表記を見つけアラーム機能が有ることが分かりそして、運よく61%引きタイムセールだったので直ぐに購入しました。",ja,,,product_ja_0740736
marc-ja_0780428,kaggle-marc,toy,4,"可愛いと褒められました

イベントで使用して、凄く可愛いと褒められました。次回も出番があるといいのですが 最初カチューシャがついてなくて、組み立てるものなのを知らなかったので、不良品かと思いました。",ja,,,product_ja_0025262
marc-ja_0039168,kaggle-marc,other,3,"不良品なのか仕様なのかわからず

タンクから下のフィルターにかけて水が染み出る構造の様なのですが その穴には非常に目の細かい茶こし的な金網がついており 下側から触っても指が少し濡れる程度の水しか出ておらず タンクに水は並々入っているのに下のフィルターはカラカラに乾き 風もすぐぬるくなるという音のうるさい小型扇風機状態です 自己責任でその網に自分で穴を開けて試用運転中です",ja,,,product_ja_0202658
marc-ja_0781523,kaggle-marc,wireless,1,"すぐに壊れました

母に頼まれて購入。数回使って壊れたそうです。",ja,,,product_ja_0466092
marc-ja_0987145,kaggle-marc,kitchen,5,"お肌がシットリする

フェイス用の美顔器系は、初めて購入しましたが、まだ2回しか使用してないけどお肌がシットリしていい感じです。",ja,,,product_ja_0359956
marc-ja_0632941,kaggle-marc,home,2,"ネジ穴固すぎ

品質はいいけど組み立てが手動だと相当きつい。女性では手動は組み立てられないかも。電動ドライバーあるかたならおすすめ、それ以外はやめた方がいいです。",ja,,,product_ja_0287892
marc-ja_0291227,kaggle-marc,automotive,3,"分離型でよかった

分離型でよかったがオプションでモービル電源とカメラがあると星5つ他の車でも使いまわしがしたかった。",ja,,,product_ja_0970311
marc-ja_0979836,kaggle-marc,drugstore,4,"単品から複数で購入

単品で購入をする事が多かったけど複数で購入を決めました。 直ぐに買わなければならない心配がないので便利です。",ja,,,product_ja_0435490
marc-ja_0579375,kaggle-marc,other,2,"雨水が…

雨が降った後洗濯機を開けると雨水が洗濯機の中に溜まってしまって…。 それ以外は問題無しです。",ja,,,product_ja_0494408
marc-ja_0055667,kaggle-marc,sports,4,"凍結よけに

冬ソロキャンプに使用。 テントに被せるようにした。 夕方は雪が積もり朝方は ガチガチに凍っていましたが 叩くだけでパラパラ落ちます。 乾くのもはやくテントが濡れないので片付けが楽にできる。 冬キャンの凍結よけには 使えそうです。",ja,,,product_ja_0150707
marc-ja_0939158,kaggle-marc,grocery,1,"割高です

急ぎだったので注文したが、割高だから、もう買わない",ja,,,product_ja_0819430
marc-ja_0796870,kaggle-marc,apparel,3,"ほどほど

数回100ｋｍ走ったら一部毛羽だってた パッド位置もう少し前がいい",ja,,,product_ja_0324633
marc-ja_0608343,kaggle-marc,home,2,"カゴの形

カゴの下の部分が歪んで、斜めになっていました。 今のところ不便はないので使っていますが、 少し残念です。",ja,,,product_ja_0187157
marc-ja_0373805,kaggle-marc,home,4,"大きさ耐久性に優れる一方、扱いに難あり

常時かばんにしのばせる折りたたみ傘で、大きく丈夫なものを探していたところ、こちらの商品にたどり着きました。 実際に使ってみると、期待通りの大きさや耐久性でその点は満足していますが、自動開閉のため畳む際に結構な力がいるのが使ってみて難点だなと感じました。女性だと結構つらいのではないかと思います。もちろん、開く際はワンタッチなのでそのトレードオフではありますが、トータルでは自動開閉はなくてよかったかなという使用感のため★4としました。",ja,,,product_ja_0117344
marc-ja_0777269,kaggle-marc,camera,5,"素晴らしい！

軽量でコンパクトでどこでも持ち歩ける 飛んでる鳥さんもピントぴったりですよ （この写真は付属のパワーズームレンズで撮ったものです）",ja,,,product_ja_0711829
marc-ja_0799477,kaggle-marc,sports,5,"耐久性も有り軽くて使いやすい

重量も軽いのですがポールバランスも良い為、振り出しも軽いと思います。私はモーグルをやっていた経験もありストックを色々と試した上での発言ですが、上級者用のスキーストックと遜色のない出来だと思います。袋はチャチですが、おまけなので気にしません。長さ調整が伸縮式の物干し竿の様に回して締めるタイプなので少し面倒ですが、クイックレバー式のパチッと止めるタイプは有名メーカーの1万円オーバー品でないと耐久性が不安な為、こちらの商品で十分でした。",ja,,,product_ja_0798369
marc-ja_0791060,kaggle-marc,wireless,5,"非常に気に入ります

異常な便宜。ものはかばん内に同様に空間を占めないことを放します。満点を打ちます！",ja,,,product_ja_0977853
marc-ja_0755153,kaggle-marc,home,2,"不良品

ピンチがひとつついていませんでした。 交換の手間が面倒なので、このまま使いますが、残念です。 耐久性は、小物を干すには、十分だと思います。",ja,,,product_ja_0181967
marc-ja_0609464,kaggle-marc,automotive,3,"自転車用

オートバイ用に購入。 肘と膝部分のプロテクターが弱い気がする、値段を考えると仕方ないかもしれませんが、オートバイや原付に乗る人には勧めません。 自転車やスケボーで転けたくらいなら問題ないと思います。",ja,,,product_ja_0781781
marc-ja_0464148,kaggle-marc,home,1,"３個しかない。

６個セットと書いてあるのに３個しか入っていませんでした。",ja,,,product_ja_0540470
marc-ja_0939696,kaggle-marc,pc,1,"不良品が届いた

商品が届いて念の為キーが正しく入力されるか確認したところKが入力されなかった為、返品しようと思う",ja,,,product_ja_0203430
marc-ja_0471819,kaggle-marc,home,3,"満足

値段に見合った質。デザイン、値段を考えると特に文句はないです。 扉の場所によってレールの引っ掛かりが気になるが、使っているうちに徐々に擦れて滑りが良くなりました。",ja,,,product_ja_0032988
marc-ja_0031944,kaggle-marc,digital_video_download,3,"ツッコミどころはいろいろあるけれど

ラストはイギリス映画なだけになかなか現実的で、まぁ人間より賢いAIだから、こういうラストも納得できる。エヴァは身の危険を感じてというより外の世界に好奇心が旺盛だったが故にあそこを脱出したかったのかも？とも解釈できる。映画の中で描かれる技術的な部分はえっ？って思う部分(セキュリティシステムがカードキー？)があるが、あの社長は何の為に女性型のAIをあんなに試作してんだろう？自らの性的な欲望の為？だとしたら、男って浅はかですね。AIの侮れないところは、人間の感情を装う事もできるが時には無慈悲にもなれるところ。そういう意味では今まで日本のアニメとかで描かれてきたAIを扱った作品は甘いなあと思った。",ja,,,product_ja_0075937
marc-ja_0936387,kaggle-marc,video_games,3,"２点セット、４点セット

値段は安いと思いました。しっかりと使えてます。ただ、自分がいけないんですけど、2点セットと4点セットがわからなく、2点セットで４個入ってると思ってしまいました。来たのが2個だったので、おかしいと思いましたが、よく見ると２点セットのところを押すと4点セットがでてきてそちらの方がやすかった。(１個あたり)",ja,,,product_ja_0858365
marc-ja_0750550,kaggle-marc,home,5,"子供いる家庭におすすめです

子供オムツ訓練のために、購入しました、タオル地で使いやすいです、買いお得です、これから活用そうで、子供いる家庭におすすめです。",ja,,,product_ja_0403542
marc-ja_0400053,kaggle-marc,home,5,"まっつん

圧力鍋の圧力が抜けるので購入しました。 交換後は問題なく使用できています",ja,,,product_ja_0458697
marc-ja_0600984,kaggle-marc,kitchen,3,"とても１０年持たない

１０年の耐久性はありません。購入２回目。 表面に黒い膜があり、その表面に溜まったゴミを掃除機で吸うのですが、２年ほど使うと、黒い膜を通過した細かいゴミが膜より下のフィルター表面にびっしり堆積。フィルターの捕獲効率としては上昇するのかもしれませんが限度があり買い替えの必要が生じます。",ja,,,product_ja_0643798
marc-ja_0592491,kaggle-marc,home,1,"ふざけてますね。

ケースの破損。しかも上蓋がとれてます。綺麗に留め具の反対側が割れてます。確信犯ですかね。ケースはないものと思える方には良いと思います。付属品は全てありました。",ja,,,product_ja_0412760
marc-ja_0379913,kaggle-marc,wireless,1,"詐欺でした

詐欺のようです。 やられた。amazonで2回目。 届かないようです。",ja,,,product_ja_0749182
marc-ja_0644172,kaggle-marc,wireless,2,"使えない。

自然に気泡が収まるとのことでしたが、何度試しても不可能でした。",ja,,,product_ja_0561484
marc-ja_0289893,kaggle-marc,pet_products,5,"とても満足しています

届くまでにちょっと問題はありましたが、お店の対応もとても丁寧にして頂きました。 愛犬用に買ったのですが、だいぶ時間をかけて食べていますのでとても満足しています。 ありがとうございます！！",ja,,,product_ja_0743219
marc-ja_0679090,kaggle-marc,drugstore,4,"かけやすいです。

とてもかけやすいです。バネがついていて、横に広がってくれるので、耳にかける時が、楽です。 こんな感じのメガネは、初めてで感激です。",ja,,,product_ja_0053624
marc-ja_0436014,kaggle-marc,beauty,1,"がっかり

開封済みが来ましたよ。届け先を間違い届いたのは夕方、挙句に開封済みでした。名前、住所も記載してあるのに...",ja,,,product_ja_0267812
marc-ja_0872060,kaggle-marc,automotive,2,"ついたら消えたり

GN125の純正のゴミヘッドライトと比べるとかなり明るい でもコレに変えた途端についたり消えたり いままではこんな事なかったのに",ja,,,product_ja_0222888
marc-ja_0728840,kaggle-marc,wireless,5,"機能が充分です

ゲーム機などには本当に便利で、非常に快適に使えております、PS4を旦那が購入し wiiUのケーブルを抜かれてしまったので どちらも使えるように こちらを購入しました、わざわざコンセントアダプタがいらずに、最初安定性が心配でしたが、実際ではそれほどではないです。",ja,,,product_ja_0072924
marc-ja_0225336,kaggle-marc,home_improvement,4,"まあまあです。

平ブラシのヘッドを付けて使用しています。 薄いプラスチックなので、思い通りに曲がらず、少し使い勝手が悪いです。",ja,,,product_ja_0215420
marc-ja_0967738,kaggle-marc,pc,5,"問題なく利用できています。

なんと言っても純正品の黒１本の値段で４色購入できるのは魅力的ですね。 印刷の質は純正品よりも少しだけ劣る気もしますが、普段遣いようなら十分だと思います。 元々純正品利用時よりクリーニングは割と多めにする私ですが、以前と同じペースのクリーニングでも問題なし。 またよろしくお願いします。",ja,,,product_ja_0236768
marc-ja_0554537,kaggle-marc,home,5,"早急な対応ありがとうございました。またお願いします。

早急な対応ありがとうございました。またお願いします。",ja,,,product_ja_0145708
marc-ja_0632349,kaggle-marc,sports,2,"自動モードしかない

自動モードしかなく、昼間点灯(点滅)させたくてもできない。自動点灯の感度も遅く、トンネルに入って10秒位してやっとつく。 サドルのレール幅によっては一番締め付けても緩い。(私のサドルの場合)ただ類似製品に比べてバッテリー残量インジケータ(4段階)があるのはいい。別の商品を買います。",ja,,,product_ja_0126614
marc-ja_0689662,kaggle-marc,automotive,2,"アダプターが…

Ｔ１０の方はきちんと付きましたが もう片方のものは点灯しませんでした。 自家用にと思っていましたが会社の営業車につけました。 がっかりでした",ja,,,product_ja_0964833
marc-ja_0231874,kaggle-marc,pet_products,3,"素材の柔らかさ

柴犬（9kg）に使用。かなり柔らかい+短いので、患部をナメナメしてました（笑）ネタ用としては非常にアリかと思います。",ja,,,product_ja_0342125
marc-ja_0402602,kaggle-marc,book,2,"販売者はもっと親切に

マーカー記入が多すぎる。 販売者のコメント無く無責任で残念。 これからはこの販売者には注意したい。",ja,,,product_ja_0723283
marc-ja_0856470,kaggle-marc,kitchen,5,"追加購入しました。

防犯の為に購入しましたが、すごく良いので、追加購入しました。ちゃんと反応し、明るく光ります。保証期間も長く、気に入っています。",ja,,,product_ja_0563048
marc-ja_0065229,kaggle-marc,wireless,2,"USBケーブルを選びます。

Mate9用を購入しました。他の機種では該当しないかもしれないので参考程度に。 USBケーブルの高さが狭いので、USBコネクタが大きめのもは接続できません。 イヤフォン端子については、端子の金属部分くらいの幅しか無いので、挿せるものがない気がします。 ストラップは両側にあったよかったかもしれません。大きいので右手だけで操作することはまれで、左手に持って操作するので左側にあったほうが良いかも。",ja,,,product_ja_0307284
marc-ja_0570359,kaggle-marc,home,2,"撥水力不足

結論から言うと撥水力がありません。雨の中を歩いて駅にたどり着いて雨を振り落とすのですが生地に雨が馴染んでしまって撥水力のなさを感じます。10年以上前に買った6本骨の千円で買った軽量の雨傘にも劣ります。 とりあえず傘としての昨日はありますのでほしは２つです。",ja,,,product_ja_0040233
marc-ja_0061425,kaggle-marc,office_product,3,"説明書なし

まあ無しでも問題ありませんが、替刃はどうするんでしょうね？ 使い捨てですか？",ja,,,product_ja_0629449
marc-ja_0323659,kaggle-marc,automotive,1,"やっぱり緩い

皆さんのレビューの通り、緩すぎてそのままでは使えません。代わりの商品が無いので選ぶ余地無し。他の商品もOEMみたいな感じだし...。仕方ないのでテフロンテープを巻き付けた所、良い具合で収まるようになりました。",ja,,,product_ja_0390013
marc-ja_0460554,kaggle-marc,kitchen,2,"音が気になる方にはおすすめできない。

デザインと値段は良いが、ウィーンという音が気になる。 優しく叩けば治るがそのうちまた音が復活する。 ケチらずシャープの空気清浄機を買えばよかったと後悔している",ja,,,product_ja_0018504
marc-ja_0763933,kaggle-marc,kitchen,5,"強力でいい。

強力で良いです。綿ゴミはフィルターにたまり、ゴミ袋の上でハラハラっと取れます。",ja,,,product_ja_0057975
marc-ja_0375547,kaggle-marc,kitchen,5,"期待大

製品も意外とよかった。引き締まります。効果が楽しみ！やはり、乾電池式ではなく充電式でよかった。",ja,,,product_ja_0009297
marc-ja_0676547,kaggle-marc,apparel,4,"キャンプ用として買いました。

値段的には期待していなかったのですが生地もしっかりしている方ですし、目地のシールもされているので良い買い物だと思います。",ja,,,product_ja_0669608
marc-ja_0790235,kaggle-marc,kitchen,1,"保証書は入ってません。

このレビューの数と高評価は怪しい。 この価格なのに保証書が入ってなく、連絡先もない。",ja,,,product_ja_0654658
marc-ja_0375097,kaggle-marc,drugstore,4,"申し分なし。

値段、迅速発送、プロテインの成分としては十分です。ただプロテインのナチュラル味が自分には合わないことが判明。味が付いてないとダメな人は、味付きのものにした方が良いかもです。でも溶けやすくてとても扱いやすいです。",ja,,,product_ja_0131283
marc-ja_0116680,kaggle-marc,wireless,5,"安くて良い

お店で買うより、断然やすくです！かなりいいです！",ja,,,product_ja_0686417
marc-ja_0654158,kaggle-marc,beauty,1,"効果なし‼️

何も変わらない😓 最初は慣れてないからと思い、 毎日毎日使って、慣れて来ても、 変わらない。 朝はって、昼にはテープがよれて、目立つ。 恥ずかしくて出来ない。",ja,,,product_ja_0933243
marc-ja_0171645,kaggle-marc,wireless,2,"２つ買ったうちの１つが、、

旦那用と自分用で２つ買いました。 自分用は少し重いですが、見た目シンプルで充電が切れる心配もなく満足していますが、旦那用のはたった一日で壊れました。残念です",ja,,,product_ja_0215503
marc-ja_0053311,kaggle-marc,drugstore,4,"これは便ｆ利！！

届いたパッケージを見るとまず、モノの小ささに衝撃を受けました。 でも、カプセルを作るのにはとても重宝しています。誰が考えたかしらないけどよくデキている。",ja,,,product_ja_0391909
marc-ja_0853246,kaggle-marc,kitchen,4,"セルフジェルネイルに

パソコン用かと見まごうほどのコードが付いていたのがマイナスポイントです。せっかく本体が小さめで使い勝手が良いのに…",ja,,,product_ja_0541028
marc-ja_0669188,kaggle-marc,other,4,"ジェルネイルアレルギーなので

ジェルネイルアレルギーなので購入しました。 手持ちのマニキュアの上に塗ると、色の変化を楽しめます。 ラメ入りなので落としづらい点で－☆です。 でもジェルネイルアレルギー持ちの方にはオススメですよ！",ja,,,product_ja_0778977
marc-ja_0647271,kaggle-marc,shoes,3,"価額通りの商品です。

機能的には非常に良いものです。 ただし、価額が価額なだけあって安っぽく見えるところは仕方ないですね。後は画像と違うのは色だけかな？ブルーをえらびましたが、濃いグレーに見えます。少し残念でした。",ja,,,product_ja_0774825
marc-ja_0392674,kaggle-marc,other,3,"柔軟剤の投入口が謎

洗濯が終わったにも関わらず、衣服に全く濡れていない箇所などがある。これは洗えていないどころか、全く水分が付着しなかったことを思わせる。 この対策として、表示された水量をさらに２段階ぐらい多くしてから洗剤を投入することにしたところ、割と問題なく洗えた。 そして設計上の欠陥がある。柔軟剤の投入口が、洗濯槽の回転停止位置によっては投入が無理になることがある。力づくで洗濯槽を回転させ柔軟剤を入れるようにしているが、これはなんとかならなかったのか。",ja,,,product_ja_0425106
marc-ja_0954733,kaggle-marc,home_improvement,3,"思っていたより薄い

実際の使う用途ではありませんが地下室に雨が振り込まないようにカバーする目的で購入。 思っていたよりは薄く耐久性が心配です。",ja,,,product_ja_0091973
marc-ja_0505613,kaggle-marc,drugstore,3,"性能は良いです

最初とても性能が良くギプス箇所も濡れずに入浴できたのですが、ちょうど２週間目くらいで指先の方から濡れてくるようになったため、破れ保証期間だったので返品させて頂きましたが、２週間はとても快適でした。 対応もスムーズで助かりました。",ja,,,product_ja_0181792
marc-ja_0674875,kaggle-marc,camera,2,"もう少しですね

内蔵バッテリーフル充電の状態で1080P-100の画質で撮り続けていたら2時間程度で充電切れになりました。 また、この画質でも古いPCでは再生が出来ず、win10のPCでは再生できました。 本体とテレビが直結出来るケーブルがあるように取説には書かれていましたが、そんなケーブルは見つかりませんでした。 買って3カ月しないうちにUSB端子の不具合が発生し、充電とPCの接続が出来なくなりました。",ja,,,product_ja_0939052
marc-ja_0597039,kaggle-marc,sports,4,"想定どおり

街乗りがメインなので1000ルーメン以上は迷惑かと思って購入。 照射範囲は広くないけど期待してた通りの明るさ。 余程田舎の山道を走るわけでもなければ充分。 ただ、留め具が安っぽいのとネジが錆びてた。",ja,,,product_ja_0875438
marc-ja_0294893,kaggle-marc,drugstore,5,"入れ方にコツ

入れ方にコツがあるけど、ちゃんと入ればちゃんと防音です。",ja,,,product_ja_0394144
marc-ja_0913807,kaggle-marc,apparel,1,"値段と品質は比例します。

カラーは、キレイです。でも、背中 肩甲骨回りの黒い縁取りがヨレヨレ",ja,,,product_ja_0832499
marc-ja_0436371,kaggle-marc,sports,5,"お気に入り！！！

今回初めての購入で心配でしたが、注文してから次の日に届いてビックリしました！！プレゼント用で買ってラッピングも頼みましたが、めっちゃ綺麗に来ました！ そのまま、渡しても問題ないです！！ また、利用したいです！！",ja,,,product_ja_0383356
marc-ja_0984168,kaggle-marc,kitchen,2,"思いのほか！

予想していたよりも暗かった。必要としていた場所では使えなかった。",ja,,,product_ja_0223755
marc-ja_0042999,kaggle-marc,other,3,"やはりオリジナルが一番！

飲み比べしましたが、オリジナルの出来の良さを再確認しました。 エビスは美味い。",ja,,,product_ja_0387250
marc-ja_0139096,kaggle-marc,camera,1,"繋がらない

ストロボは良い。問題なく使えるので、これで十分。 α７ⅢでX１TーSが全然つながらない。 ファームウェアは最新。何度試しても９９％使えない。 購入して失敗。 値段の価値はないので、星一つ。",ja,,,product_ja_0385460
marc-ja_0478679,kaggle-marc,shoes,3,"思ったより小さい

大量生産用の物なので値段も安く、小型の財布が欲しかったので良かったです。ただ、思ったより小さいのでお札がギリギリ。仕切りがあると良かったかな。小銭入れはファスナーも初めは硬いけどすぐに使いやすくなります。",ja,,,product_ja_0587226
marc-ja_0604711,kaggle-marc,kitchen,5,"満足しています。

とにかく、肌に優しい感じがします。 剃り味は、まあまあの深剃りといったところですが個人的に合格点だと思います。 値段を考えると、良い買い物をしたと思います。",ja,,,product_ja_0844708
marc-ja_0777401,kaggle-marc,pc,3,"汚い臭い

新品とは思えないような汚さ 良くも悪くもメイドインチャイナといった感じがします それ以外の点は特に不満はないです",ja,,,product_ja_0766883
marc-zh_0776646,kaggle-marc,book,3,"视频看起来不方便

DVD播放的视频好像不能移动，看的时候挺麻烦的",zh,,,product_zh_0807619
marc-zh_0221512,kaggle-marc,baby_product,1,"这个太差了

电商装的质量真的没有原来42片的好，随便尿点里面就一团糟，而且到处都不卖42片的了，这不逼着我换品牌么",zh,,,product_zh_0097269
marc-zh_0084638,kaggle-marc,camera,1,"不诚信

发的货和图片不一样，理由是图片上的货没有了... ...",zh,,,product_zh_0349875
marc-zh_0561963,kaggle-marc,office_product,4,"很好看

颜值可以 唯一缺点是钢笔写了反面就不能用了",zh,,,product_zh_0187593
marc-zh_0563857,kaggle-marc,kitchen,4,"用了不错

外观不错，小赠品也都实用，大了一些，26公分就更好了，不错的蒸锅。",zh,,,product_zh_0985796
marc-zh_0300549,kaggle-marc,book,3,"纸张一般般，没有想象中好。略有一点失望。但是还是喜欢顾城。

纸张一般般，没有想象中好。略有一点失望。但是还是喜欢顾城。",zh,,,product_zh_0807371
marc-zh_0656778,kaggle-marc,home,2,"购物体验要大大优化

很不错，送货及时，只是购物流程体验很不好",zh,,,product_zh_0849709
marc-zh_0534449,kaggle-marc,home,5,"包装太烂

亚马逊你就不能包装好一点吗？外面再套个盒子能花你多少钱，从德国就裸奔进来，到手都成垃圾了！！！",zh,,,product_zh_0320816
marc-zh_0847441,kaggle-marc,watch,5,"掉价太快

又买了一块手表帮同事买的 她也很喜欢 唯一不开心的是 一次比一次便宜 感觉第一次自己买贵了",zh,,,product_zh_0356455
marc-zh_0999692,kaggle-marc,wireless,2,"一般

贴上效果不错，可是有一边有点漏光，而且用了十天不到就破了。",zh,,,product_zh_0044184
marc-zh_0651228,kaggle-marc,home_improvement,2,"好

很好，厚实，用料足，不是一般街边五金店那种档次的",zh,,,product_zh_0718590
marc-zh_0108612,kaggle-marc,drugstore,5,"便宜

90多块钱两瓶，比某宝实惠多了。还没吃。",zh,,,product_zh_0027405
marc-zh_0671527,kaggle-marc,luggage,5,"涨价很凶

最开始看的时候才600，下手700，转眼涨到900...说好的黑五呢...包皮质五金都不错，比预想的大一些。",zh,,,product_zh_0134603
marc-zh_0791794,kaggle-marc,home,2,"用坏了来评论

今天下雨，出门开伞，一下手柄上的按钮就弹出来了，再也放不回去。查不到在哪儿可以维修，直接扔垃圾堆了。",zh,,,product_zh_0025693
marc-zh_0441749,kaggle-marc,home,5,"大气，优惠

质量不错，颜色好看，很喜欢，朋友们都说超值，大赞",zh,,,product_zh_0047651
marc-zh_0029855,kaggle-marc,luggage,5,"宝宝很实用

宝宝外出的时候带着很实用，特别是换尿不湿很方便",zh,,,product_zh_0777597
marc-zh_0276134,kaggle-marc,home,2,"五金件有问题

使用一段时间后，发现腿部有裂开，质量比较差",zh,,,product_zh_0658098
marc-zh_0567280,kaggle-marc,wireless,4,"国产品牌中的精品

华为是国货中的精品。低调的老总，低调的企业，靠的是技术和质量取胜来赢得客户，这跟当下靠广告运作来提高知名度的营商风气截然不同！没有实力的企业根本不可能做到这样，也不敢这么做！正是源于此，我才选择了华为。买来用了半年多了，感觉一直很好，非常不错。之所以没有给满分，是因为有一次在用它的离线导航时，出现了不定位现象，我最终没有找出原因。其他时候都很好。而且它的在线输入好了目的地，搜索之后自动设计出路线，你离开wifi出发以后，它自动离线导航的功能很实用，不用跑流量，它直接跟卫星对话来实现定位、导航，非常好！",zh,,,product_zh_0337965
marc-zh_0438152,kaggle-marc,other,3,"不够好

买之前看了很久，之后就很少用了，太轻觉得很low，，怎么说，不值这个价吧，个人感觉",zh,,,product_zh_0120185
marc-zh_0030966,kaggle-marc,book,2,"排版太差，没法看

用的是宽字体，排版太差，没法看。 下面这张照片可以看出来字体大，间距大。实际上捧着书看起来更难受。 我只好搜了 pdf 版在 ipad 上看。",zh,,,product_zh_0153509
marc-zh_0368074,kaggle-marc,book,4,"小词大雅

书已看完很满意，奇怪为什么我这本没送光盘呢？",zh,,,product_zh_0355570
marc-zh_0591284,kaggle-marc,book,1,"盗版书籍

这本书和我在学校图书馆借到的书不一样，倒不是内容不一样 ，而是印刷质量。这种水平的印刷还不如学校的复印店！书右侧的图案都是斜的，如果说这本书不是盗版，打死我也不信！劝大家下单前三思。",zh,,,product_zh_0448457
marc-zh_0801899,kaggle-marc,kitchen,4,"做工扎实

唯一不足是太容易氧化了，特别容易留下手印，只等以后用多了慢慢长包浆吧。",zh,,,product_zh_0789969
marc-zh_0799172,kaggle-marc,drugstore,3,"囤货中

囤货中，可能受汇率影响，两次定同样的东西价格不一样。如果需要还是一次下单下足量比较好，我这次等尿布订单等的时间蛮久。",zh,,,product_zh_0758657
marc-zh_0358545,kaggle-marc,office_product,2,"质量不可靠

收到商品，装上打印了几张纸，发现会有黑点点出现。也不退了，下回也不会再买了，用于不重要的文件打印吧。囧。",zh,,,product_zh_0811350
marc-zh_0944602,kaggle-marc,other,2,"好用又好看

外观帅气，真心好用，上方墨镜口袋和前置口袋取物方便，外侧弹性网带弹性十足可放更多物品，十分喜欢",zh,,,product_zh_0667231
marc-zh_0705956,kaggle-marc,digital_ebook_purchase,3,"一分钱一分货

电子书错别字不少，时不时皱眉的感觉极其不爽，除了方便携带没啥意思。还好是便宜……",zh,,,product_zh_0732413
marc-zh_0720886,kaggle-marc,kitchen,2,"我早点看到那个大哥评论也不会下单了！

刀不算锋利，物流还很快。总体感觉这个不值这个价钱！",zh,,,product_zh_0060590
marc-zh_0670118,kaggle-marc,wireless,4,"性价比不错的手机

手机用了半个月，上网速度，人性化的设计都比以前的手机好，前置摄像头拍出的相片还是有颗粒感，后置还可以，够用。就是手机中途有卡死一次，总体来说还是不错的手机。",zh,,,product_zh_0911186
marc-zh_0851253,kaggle-marc,beauty,4,"不错的商品

这款应该是价廉物美，当然国外买更便宜。不足的是稍微偏油，干性皮肤冷天更适用。",zh,,,product_zh_0317875
marc-zh_0044432,kaggle-marc,apparel,1,"面料硬梆梆一股浓重甲醛味

面料硬梆梆的，一股浓重甲醛味。设计肥大，丑，欧美版袖子长，适合胖子",zh,,,product_zh_0343340
marc-zh_0858469,kaggle-marc,home,1,"送我都不要

尼玛 烂货拿回来脏就不说了，还烂的，都扔垃圾桶了，还卖那么贵，这不是坑爹吗",zh,,,product_zh_0194695
marc-zh_0480094,kaggle-marc,book,2,"z实惠的新旧描述是乱写的吧？

这怎么说也不能是像新的一样啊？ 还是说新的也是这样到手就发现烂了？ 而且只能退货不能换货 这点真心不方便！ 手机也没法插图 更不方便！",zh,,,product_zh_0424509
marc-zh_0629909,kaggle-marc,book,2,"失望

很一般 作者列举事例都比较极端 不具说明性～～",zh,,,product_zh_0648208
marc-zh_0718272,kaggle-marc,digital_ebook_purchase,4,"不错

新颖的视角，环环相扣的情节推进，很不错。",zh,,,product_zh_0002790
marc-zh_0427603,kaggle-marc,kitchen,3,"商品详情不明

拖地和扫地功能是分开的，商品详情里为什么没有说明？ 评论里也没有，敢情评论的人都是托吗？ 还把退货窗口关了，同一天下单的产品，另一个截止到4月份还可以退",zh,,,product_zh_0686065
marc-zh_0780812,kaggle-marc,book,4,"过时了

看了不少经典，这本还算不错了，影响范围很大，可惜太老了。",zh,,,product_zh_0328329
marc-zh_0944068,kaggle-marc,book,4,"还行

有错别字，而且还不少。不过好在内容不错。忍了",zh,,,product_zh_0589017
marc-zh_0891746,kaggle-marc,book,5,"好

不错，很好！但是不是我想要的！也许是买的时候看不到内容的原因吧！总的来说这书还是很好！",zh,,,product_zh_0517099
marc-zh_0353347,kaggle-marc,book,2,"失望的一本书

所写内容与书名相差甚远，容易让读者产生误解，我觉得不适合购买。",zh,,,product_zh_0774699
marc-zh_0729844,kaggle-marc,beauty,2,"很一般

用了两天，平放着就会漏油，吸起来也比较费力，烟雾量较小，不知道能不能退了",zh,,,product_zh_0830120
marc-zh_0476305,kaggle-marc,book,5,"对年轻电影人必不可少的书

首先本书的翻译十分仔细 对可能产生歧义的名词都进行了注释 其次书的内容十分详细 对美国电影行业的整个制片流程都有解说 并且举出很多实例 有助理解 虽然本书以美国电影行业为基础 其中许多方面对现中国市场并不适用 但仍能为国内电影人提供参考 是值得一看的好书",zh,,,product_zh_0301840
marc-zh_0283033,kaggle-marc,apparel,1,"不是正品

洗完就缩水了，穿第三次的时候发现右手袖子竟然开裂了，严重怀疑不是正品",zh,,,product_zh_0425270
marc-zh_0636578,kaggle-marc,grocery,1,"可恶，骗人

骗人骗人骗人，根本没效果，我是吃了十几天才来评价",zh,,,product_zh_0047962
marc-zh_0330354,kaggle-marc,book,4,"不错

除了发货的比较慢之外，其他的都很赞，包装很赞，书本也很赞，值得下一次购买。（能如愿的是希望能快点发货，毕竟花儿经不起等待。）",zh,,,product_zh_0365027
marc-zh_0888314,kaggle-marc,other,5,"超值

漂亮，手感很好。附送了一个毛毡袋，惊喜的感觉😄",zh,,,product_zh_0698236
marc-zh_0009447,kaggle-marc,luggage,1,"没有收到货，也没有人通知

没有收到货，也没有人通知，物流信息也查不到",zh,,,product_zh_0439740
marc-zh_0147389,kaggle-marc,baby_product,1,"包装出厂未检查，未封口

第一次遇到这个问题，收到货，外包装完好，但是打开后其中一包觉完全开口，没有封装好就出厂了，明显是封口机器出了问题，把其中一片尿不湿拖到了外面，和外包装装订在一起了，并且有被切割的痕迹，这样不检查就整体打包装箱？估计也是机器打包的，但是这样也太不严格了，亚马逊也不能沟通，我不知道是否可以一包换货？急着需要使用，6包无法全部退回，希望得到妥善解决，不要耽误我国庆假期！",zh,,,product_zh_0245714
marc-zh_0401912,kaggle-marc,camera,4,"商家发货前做到了为客户着想:)

商家比较负责，专门打电话问所用相机的屏幕尺寸，确实替客户着想了。发货速度也快。金刚膜贴上去也挺合适和管用的。",zh,,,product_zh_0682608
marc-zh_0484355,kaggle-marc,book,3,"书有褶皱，申请换货。

2号下单，7号拿到这是很快的了。 但书是2015年12月印刷的，已经有很明显的褶皱。 亚马逊不是说全新品吗？现已申请换货，后续还会追加评论，看看亚马逊的处理。",zh,,,product_zh_0098051
marc-zh_0081832,kaggle-marc,book,3,"某些章节有重复。

在创业过程中，应该过一段时间再看一看，相信会有新的感受。",zh,,,product_zh_0708595
marc-zh_0861304,kaggle-marc,digital_ebook_purchase,5,"常读常新

如果只想了解《论语》，不想学究一般深究，这本书是极好的入门。",zh,,,product_zh_0672954
marc-zh_0885474,kaggle-marc,book,1,"书

此书需要后续详解，和作者其他相关内容一起读。",zh,,,product_zh_0352781
marc-zh_0654754,kaggle-marc,wireless,4,"！！！

非常好的机子，而且上官网查SN码也查得到，扣这一星是觉得电池用得快",zh,,,product_zh_0619043
marc-zh_0546787,kaggle-marc,automotive,3,"还可以，但是昨天刚买就降价了，很伤心！

比较小巧，用起来白天还可以，晚上还没有试过！",zh,,,product_zh_0378770
marc-zh_0400690,kaggle-marc,book,2,"语言上就失去了历史的味道！

如果说能给到两颗星，都是因为还有点史实的内容。但是绝对不推荐买，全文语文粗俗不堪。诸如“啥玩意儿”“大妈控”“蛋疼”之类的语文全文横流，不见任何逻辑。",zh,,,product_zh_0368365
marc-zh_0523810,kaggle-marc,kitchen,4,"使用感受

配带的3mm和5mm修剪器不好用，希望配备更小的",zh,,,product_zh_0283341
marc-zh_0211248,kaggle-marc,apparel,3,"不满意

与我平时朋友带的同品牌衬衣尺码严重不符。质量也不好",zh,,,product_zh_0274543
marc-zh_0318960,kaggle-marc,book,5,"非常好的书籍。

非常好的书籍。无论内容还是书的质量都好。",zh,,,product_zh_0154896
marc-zh_0069461,kaggle-marc,wireless,3,"套子很薄，做工可以，开孔也不错，烂在摄像头位置

套子很薄，做工可以，开孔也不错，烂在摄像头位置。 整体都不错，就是被摄像头毁了。不知道设计者怎么想的，比摄像头还凸出，然后又设计了包边，整个一个灰尘收集器啊。啊哈哈，每天一层灰又不好擦，希望大家都买来感受一下！",zh,,,product_zh_0503419
marc-zh_0556815,kaggle-marc,wireless,5,"比MX3进步不小。感觉很好用

没用过超四千元的手机，目前最好的就是MX4。自己用了之后才明白，网上的评论不能看。到网上发表评论的，不少都是泄愤的",zh,,,product_zh_0978071
marc-zh_0148352,kaggle-marc,apparel,3,"比预想的要差。

质量一般，好多线头，真怕穿两次就会有洞了。",zh,,,product_zh_0667983
marc-zh_0547949,kaggle-marc,apparel,1,"郁闷

说免费送清洗套装，可是付款时还是要钱！什么鬼？",zh,,,product_zh_0016179
marc-zh_0504310,kaggle-marc,jewelry,1,"评论

同时下单买了四个，分了四个快递到的，这件事第四件，终于到齐了。怎么说感受呢！产品没包装，就一个小票，太粗糙了吧！都不知道真假！",zh,,,product_zh_0277886
marc-zh_0182523,kaggle-marc,toy,1,"差评！

我赶着买来明天送人的，今天刚到货发现是这样，怎么办？？换货已经来不及了！为什么偏偏给我发个烂盒子！",zh,,,product_zh_0020332
marc-zh_0925724,kaggle-marc,digital_ebook_purchase,3,"随便翻一翻还是可以的

就是从网络上摘取的简单理财课程节选，随便读一读还是可以的，但是系统性、理论性还是不足的，对于初学者还是有些用处的吧，不过性价比而言是不行的，电子书的价格偏高了。",zh,,,product_zh_0418239
marc-zh_0931506,kaggle-marc,book,2,"这么多内容几乎都在扯淡！气死我了！！！

看了100多页，都是翻来覆去的车轱辘话，在扯一些大道理。浪费钱和时间。 到了真正正经的内容时候，反而用一两句话直接带过。然后继续扯“产品经理是在做战略策划”这一件事情，用不同的方式扯。 在知乎上看到这本书的作者各种推销这本书，看这边有一些正面评价才买的。读了以后不得不佩服作者扯淡的本事。 消遣时间看看玩可以，但是这本书你学不到什么有用的。完全不建议买。",zh,,,product_zh_0523631
marc-zh_0322290,kaggle-marc,beauty,5,"价格很优惠

试用了一片，面膜敷上干的很快，而且不够大 ，脑门设计的太窄了，但是补水效果还不错，总体还比较满意",zh,,,product_zh_0499310
marc-zh_0312254,kaggle-marc,digital_ebook_purchase,3,"一般般

写得一般，主要是条理不够清晰，感觉东一块西一块。建议把国美大事记移到第一章。另外其实写来写去只是写了928的事情，后来陈晓具体怎么走的只是一笔带过，有点失望。",zh,,,product_zh_0993352
marc-zh_0617293,kaggle-marc,book,4,"商店缺货没有成交

商品缺货，暂无成交，但服务态度还是不错的。",zh,,,product_zh_0602570
marc-zh_0991902,kaggle-marc,book,2,"不推荐

对专业工作者，没用，过于简单。对非专业的爱好者，用不上，缺少常见的开花植物。作者离现实远一些。",zh,,,product_zh_0040201
marc-zh_0517850,kaggle-marc,apparel,4,"物有所值

东西质量不错，但美国的码数还是偏大，我身高186，穿XL有点大、肥。其他人购买时需注意",zh,,,product_zh_0018208
marc-zh_0342867,kaggle-marc,sports,5,"非常满意！

非常好的帽衫，适合春秋季穿着，内里有绒非常保暖，穿着舒适且美观大方，非常满意！",zh,,,product_zh_0422722
marc-zh_0841205,kaggle-marc,book,2,"质量差

书还没看，先被质量吓到。切面粗糙，封皮包不住内里，纸质也差，疑似盗版。",zh,,,product_zh_0948602
marc-zh_0213166,kaggle-marc,digital_ebook_purchase,3,"重新捡起英语不错的书

买的电子版的，入职外企，需要重新对英语进行学习，还可以",zh,,,product_zh_0776525
marc-zh_0160234,kaggle-marc,baby_product,3,"售后在哪儿能找到？

买的是促销大带小，怎么就有大没有小？是我搞错了吗？售后在哪儿能找到？",zh,,,product_zh_0414589
marc-zh_0521533,kaggle-marc,pc,1,"效果不好

笔记本还是很烫！ 15.6寸不好用！",zh,,,product_zh_0697912
marc-zh_0819421,kaggle-marc,watch,4,"这个还可以

表大气 很适合男生 很喜欢 一分钱一分货吧 比较满意",zh,,,product_zh_0193531
marc-zh_0445675,kaggle-marc,other,3,"还不如我之前用的49块钱的漫步者H180P

总感觉两边声音不一样大。也许我这个是次品吧。做工也不精细。听说亚马逊换货很麻烦，也懒得换了，铁三角大概是不会买了，下次试试森海塞尔",zh,,,product_zh_0782135
marc-zh_0226386,kaggle-marc,other,3,"用了一个月，总是散架

其实样式还是不错的，小巧，惹人喜欢 但是不知怎么用着用着 就会散架 之后还得自己装起来 音质一般",zh,,,product_zh_0893222
marc-zh_0778100,kaggle-marc,grocery,1,"本还以为是干果，其实是湿的。不好吃

这不是干果呢，打开包装，无花果都是湿的。口味很怪，不喜欢",zh,,,product_zh_0267062
marc-zh_0595508,kaggle-marc,beauty,2,"很好！

产品很好，唯一不开心的是店家写错号码，快递差点就退货了！",zh,,,product_zh_0370331
marc-zh_0021017,kaggle-marc,apparel,2,"尺码太大

尺码太大，其他牌子我都买的34/30，可这条又大又长，根本穿不了，退货要125元运费，只能送人。",zh,,,product_zh_0274906
marc-zh_0712514,kaggle-marc,book,5,"漫画的形式走进二战时期犹太人的生活

收到的图书很新，并且我觉得作者的表达手法很新颖，用漫画题材表达这一沉重历史事件，也是通过对作者父亲的经历的还原，让我们能更了解二战时期犹太人的生活。作者的父亲前线作战，因惧怕敌军战俘会开枪射杀自己，而枪杀举手投降的地方士兵，而二人本来素无仇恨。而作者的父母虽然从集中营幸存，幸存者的生活仍然不好过，集中营给他们的性格和想法带来了很深的影响，重新开始新生活并不是一件容易的事。",zh,,,product_zh_0087485
marc-zh_0251860,kaggle-marc,beauty,5,"中国货

还不错，挺舒服的。干净不干，不过不知道为什么用日本名字",zh,,,product_zh_0022797
marc-zh_0710691,kaggle-marc,home,3,"质量一般

能买，但是它的细节做工很不好，如果不在意的话可以入手",zh,,,product_zh_0941910
marc-zh_0637266,kaggle-marc,luggage,5,"喜欢手绘，不过质量挺好的

这个钱包其实是看上它的手绘，个人比较喜欢手绘漫画，买到它，太开心了，还会介绍喜欢手绘的朋友们，过来购买的。。。",zh,,,product_zh_0138856
marc-zh_0031090,kaggle-marc,book,1,"亚马逊选的快递太慢了

书不错，给一星是因为亚马逊选的蒙速太龟速了，而且收到书籍包装破损，四角折弯，因不影响阅读也就没退货",zh,,,product_zh_0026089
marc-zh_0370465,kaggle-marc,book,5,"喜欢

早知道这里有就好了。印刷、文字质量都不错。对自己很有帮助。",zh,,,product_zh_0862787
marc-zh_0810352,kaggle-marc,sports,2,"有点失望

有肚子的不推荐买，重点是袖子部分居然起球",zh,,,product_zh_0201623
marc-zh_0030707,kaggle-marc,luggage,1,"差评，人造革

质量太差，绝对不是真皮。完全是人造革，在网上买这么多东西，最失败的一次",zh,,,product_zh_0292733
marc-zh_0240357,kaggle-marc,pc,4,"很坚固，但内部延展性不佳

外壳坚硬，对保护硬盘比较到位，耐用性也有保证。内部比较硬，延展性不佳。我的硬盘宽度仅比商品描述所允许的大出0.1英寸，就不能很好的放入其中。",zh,,,product_zh_0145044
marc-zh_0386154,kaggle-marc,book,3,"书还行

里面有生僻字的拼音，书还可以，只要你没收藏家癖好，那书绝对可以。",zh,,,product_zh_0670856
marc-zh_0455602,kaggle-marc,shoes,1,"鞋子磨脚，垃圾售后不处理。

超差评，千万别买此款鞋子，我的鞋子购买超过一个月了，第一次穿两只脚全部磨出泡，售后称超过一个月不在维修范围内（就算给你找了售后磨脚这个问题也未必能修好），最后成了什么英国网站的鞋子国内没法受理，那你亚马逊别弄海外购啊？以后再也不卖亚马逊会员，再也不从亚马逊购物了，垃圾售后。",zh,,,product_zh_0878009
marc-zh_0020090,kaggle-marc,home,1,"与之前买的差别很大

差评，跟我之前买的差别很大，软管和外套的材质差别很大，很失望",zh,,,product_zh_0599861
marc-zh_0279032,kaggle-marc,book,5,"纸质不错

小朋友天天看电视里的，买了书给她很喜欢。",zh,,,product_zh_0662207
marc-zh_0009937,kaggle-marc,jewelry,4,"价格很实惠

无聊逛亚马逊的时候看到的，觉得价格挺实惠的就拍了，女朋友也很喜欢，算是个小礼物吧",zh,,,product_zh_0210444
marc-zh_0674194,kaggle-marc,book,1,"慢慢慢

物流太慢了 预计28日到 现在还没信儿",zh,,,product_zh_0518356
marc-zh_0590315,kaggle-marc,book,1,"漏印

部分漏印，申请退货，取货员一直未上门取货",zh,,,product_zh_0180046
marc-zh_0690031,kaggle-marc,beauty,4,"不满意

打开快递包装盒，里面的小包装盒已经是开的了，瓶身上还有划痕。伤心了，不会再买。",zh,,,product_zh_0146870
marc-zh_0212046,kaggle-marc,book,1,"已收货

抽象，想看就看吧，我没看完，坚持不下去，没意思",zh,,,product_zh_0273195
marc-zh_0836477,kaggle-marc,home,1,"亚马逊最差购物没有之一

挺大个桌子又是送到商店不送到楼下，我自己扛回来的，这是第一 打开一看桌面全是裂纹明显次品，这是第二 打售后电话完全没人接，这是第三，后面还不知道咋办 后面要买的三思吧",zh,,,product_zh_0479124
marc-zh_0241171,kaggle-marc,book,4,"还行

因为看过作者的上课视频才买的，有点严肃，跟视频中的感觉一样",zh,,,product_zh_0649921
marc-zh_0854608,kaggle-marc,book,4,"还比较全

从九几年就开始有题型，并且把改版的题目都删除了，就是包装不行。",zh,,,product_zh_0895311
marc-zh_0562505,kaggle-marc,watch,3,"去买电子表

一天走快一分钟，一天不上发条就不走，还不如买个电子的",zh,,,product_zh_0447360
marc-zh_0005908,kaggle-marc,digital_ebook_purchase,4,"野性的呼唤，狼和狗

看完这本书，狼和狗和人，这本书是写狗，我感觉同时也写了人在面对自然环境，生存环境，中对生命的渴望，对自由的渴望。",zh,,,product_zh_0357631
marc-zh_0499259,kaggle-marc,beauty,1,"香味都没得是什么原因

和以前买的不一样 香味都没得，什么乱七八糟的，二维码信息都没得",zh,,,product_zh_0123721
marc-zh_0871708,kaggle-marc,book,2,"不满意

书有一页的角都快掉了，这问题还不大 重要的是亚马逊发货怎么不看我的地址有没有这个网点 搞个什么创一快递 害得我跑好远才取到",zh,,,product_zh_0478083
marc-zh_0557637,kaggle-marc,digital_ebook_purchase,3,"凑合看看吧

很普通的中国科幻作品，有的文章其实就是一个点子，没什么意思，看过就忘记了。算是支持一下中国原创科幻作品吧。",zh,,,product_zh_0434013
marc-zh_0269919,kaggle-marc,book,4,"旅行时候的轻松阅读

打着村上春树写序的旗号，和本身就喜欢奥黛丽赫本，而这又是她主演的唯一一部我不太喜欢的电影，买了这本大名鼎鼎的《蒂凡尼的早餐》。带着这本小巧的书在旅行途中花了不到两天就读完了，整个阅读还是很顺畅，愉悦的。不得不说小说确实比电影好看多了，也有意思的多。虽然深度上无法与名著相比较，但还是很适合平时悠闲时阅读的，里面女主人公的神秘和独立的一面很有吸引力，阅读时甚至也想体验一把她的生活了，呵呵。",zh,,,product_zh_0953492
marc-zh_0499891,kaggle-marc,book,5,"囤货中，这些都是经典绘本

虽然卖的贵，确实有它的道理，多给孩子看看绘本、书籍，远离电视电脑吧，让孩子自由想象和遨游",zh,,,product_zh_0131674
marc-zh_0892582,kaggle-marc,digital_ebook_purchase,1,"是文字版，不是漫画

我是搜漫画搜出来的，结果是文字版。 文字版小孩看不懂。",zh,,,product_zh_0928517
marc-zh_0967038,kaggle-marc,book,5,"还行

封面还是一如既往的丑，嘛买来翻翻。总体上都挺好无硬伤，价格也便宜，建议购买。以上。",zh,,,product_zh_0488949
marc-zh_0223342,kaggle-marc,book,4,"还行

买来送人的，边边角角有点磕碰，纸质不错，封面的画好看 ，里面有些画就略显简单",zh,,,product_zh_0739208
marc-zh_0028546,kaggle-marc,book,2,"龟速

龟速，2号下单，19号才送到，用户体验不好",zh,,,product_zh_0224183
marc-zh_0202648,kaggle-marc,jewelry,4,"漂亮

很漂亮，做工不错，尺寸没有图片看上去那么大。买了两个，重量不一，但价钱是一样的，能解释吗？",zh,,,product_zh_0889232
marc-zh_0835660,kaggle-marc,book,2,"封皮破损

内容很好，但是精装封皮的书角都被撞坏了裂了条缝，看着就糟心",zh,,,product_zh_0171791
marc-zh_0046884,kaggle-marc,digital_ebook_purchase,2,"都是简单的基础

基本都是基础知识和术语讲解，对于家装新手有一定作用。",zh,,,product_zh_0986972
marc-zh_0588767,kaggle-marc,book,5,"李聚聚！

还未看，李聚聚画风就已经是一个强有力的理由了。",zh,,,product_zh_0269502
marc-zh_0645610,kaggle-marc,pc,1,"垃圾

真jb坑，2根4G的故意写成2根8g的样子……多花了一百",zh,,,product_zh_0677467
marc-zh_0319113,kaggle-marc,baby_product,2,"退订单

2月份下的订单…下六个就来一个 现在四月了…来通知我要发剩下五个………………",zh,,,product_zh_0440566
marc-zh_0651665,kaggle-marc,grocery,3,"口感还行，包装有损

口感还行，但是送到手中时，袋子外面的包装破了一个口。希望以后能完好无损。",zh,,,product_zh_0084814
marc-zh_0542248,kaggle-marc,book,4,"世界真好

还行吧 内容不错 可能女儿还是不能理解为什么阳光明媚就感觉世界很好 里面的小动物多 女儿也能听下去 女儿三岁七个月",zh,,,product_zh_0278118
marc-zh_0875692,kaggle-marc,book,4,"包装太简陋了，书有破损。

书背有一道割痕，力透纸背，书面也有折痕，看着如鲠在喉。",zh,,,product_zh_0283210
marc-zh_0616753,kaggle-marc,home,1,"到货慢

给我发的邮政，慢死，6号买的，14号才到",zh,,,product_zh_0750989
marc-zh_0801739,kaggle-marc,baby_product,1,"伤心，降价太快了！

上当了，降价太快了，不到一个月，降了400元！",zh,,,product_zh_0291359
marc-zh_0039822,kaggle-marc,book,5,"好书

内容丰富，理论和案例结合，更容易理解。作为操作指导手册也很好。",zh,,,product_zh_0081179
marc-zh_0920380,kaggle-marc,pc,4,"图案萌萌哒

就是装了kindle，很难把kindle拿出来。",zh,,,product_zh_0116354
marc-zh_0004259,kaggle-marc,book,3,"主题很好，内容不太适合我

纯粹个人看法，主题很美好，希望每个用心做早饭的时光都能充满幸福感，但是里面的菜式内容不太适合我做，一是没时间，二是材料很多国内不易得到，但是可以作为借鉴，读着感觉很美好。",zh,,,product_zh_0251623
marc-zh_0122782,kaggle-marc,book,1,"物流太差了

物流非常差，包裹被打开了！里面的书不知道脏了没有，擦了好多遍才敢给宝宝看！",zh,,,product_zh_0409748
marc-zh_0200740,kaggle-marc,book,5,"很好的书

积极心理学方面的书，很不错，里面的教学方案都挺实用，全是干货，值得入手！",zh,,,product_zh_0256299
marc-zh_0584733,kaggle-marc,digital_ebook_purchase,2,"水准之下的三分之一

译本的校对工作糟糕透了，非常多的错别字。 视线转到美国，对美国的刻画挺精辟。美国之外的就一般般吧。 人物众多，但再没有像艾瑟尔、茉黛、菲茨、瓦尔特这样令人念念不忘的角色了。",zh,,,product_zh_0743846
marc-zh_0869655,kaggle-marc,shoes,3,"质量差

质量太差，穿了3-4月鞋面就破了（开线了）",zh,,,product_zh_0507820
marc-zh_0885097,kaggle-marc,book,4,"书是好书，物流品质差！

如题，对于搞脊柱的来说，这是本好的工具书，虽然物流速度比较快，但是品质太差了，硬质外壳的书，全是凹陷，没有很好的保护。",zh,,,product_zh_0276264
marc-zh_0228888,kaggle-marc,book,2,"高校教材一般都是看的不太懂的样子

内容重复，例题没有解析，新书翻几次就脱页，感觉不是很好。",zh,,,product_zh_0964626
marc-zh_0460857,kaggle-marc,pc,4,"快递超快，表层容易脱落

保护套是磨砂面，看起来像油画，摸起来手感不错，而且带休眠功能，快递很快，中午下单下午就到了！！！但是有个问题！！！！我用了还没一周，看书的时候把盖子往后翻，保护套侧面表层就皲裂脱落了，新的东西看的我好心塞，强迫症就不能忍了。",zh,,,product_zh_0865612
marc-zh_0055974,kaggle-marc,book,1,"一本不太好的诉讼法教材

垃圾书，不了解银行实务，好多内容与银行法律实务脱节。",zh,,,product_zh_0231694
marc-zh_0276394,kaggle-marc,book,3,"失望

物流超级慢，打电话过去说已到目的地，但人手不够，又过了2天才派送。包装很差. 薄薄一层袋子已破破烂烂，书已成旧书，非常失望！",zh,,,product_zh_0507040
marc-zh_0053472,kaggle-marc,digital_ebook_purchase,2,"出版社又偷懒了，电子版到处都是排版错误。

很多代码的“.”后面都有一个空格，有些没有，这里明显应该没有，例如位置#687中的代码，不知道排版是不是没有经过校验， 犯如此低级的错误，而且地方还很多，简直了。 希望能更新！",zh,,,product_zh_0650008
marc-zh_0562340,kaggle-marc,automotive,4,"还行

使用方便，只是气嘴吻合度不是很好，打气的时候容易漏气",zh,,,product_zh_0441385
marc-zh_0916045,kaggle-marc,kitchen,5,"不错

保暖效果很好！就是被子上的粘纸实在是麻烦！",zh,,,product_zh_0234515
marc-zh_0483258,kaggle-marc,digital_ebook_purchase,5,"很好

好看，是我要看的书。好看，是我要看的书。",zh,,,product_zh_0082682
marc-zh_0452248,kaggle-marc,beauty,5,"竹炭墨雪皂好评

淡淡的奶香味，细腻的泡沫，洗完脸滑滑嫩嫩的，好舒服！大爱哦😚",zh,,,product_zh_0428525
marc-zh_0251178,kaggle-marc,digital_ebook_purchase,2,"Kindle版有漏字

Kindle版有好几处漏字，注解也很奇怪，为什么连腼腆这种词都需要注解？？？",zh,,,product_zh_0997482
marc-zh_0995395,kaggle-marc,book,3,"物流差评！

书确实很好本来想给五星的，但是物流差评！书都磕坏了全是灰，亚马逊的物流太不给力了",zh,,,product_zh_0392054
marc-zh_0110451,kaggle-marc,book,1,"送货太慢、买书付款时显示有货，付款完显示到货需要20天

送货太慢、买书付款时显示有货，付款完显示到货需要20天！",zh,,,product_zh_0964774
marc-zh_0082167,kaggle-marc,book,1,"质量太差了

盗版也就算了，质量还那么差，颜色印得跟掉色似的，纸质也太薄了吧，质量跟上次买的真的没法比……",zh,,,product_zh_0739455
marc-zh_0896048,kaggle-marc,grocery,3,"保质期太长

德国超市的鲜奶保质期最多也就一周，到了国内保质期就好长了，中国的空气真好！",zh,,,product_zh_0332861
marc-zh_0257768,kaggle-marc,baby_product,3,"看喜好

可能是宝宝不喜欢，买了后一直没放澡盆里，作用一般",zh,,,product_zh_0055364
marc-zh_0842568,kaggle-marc,apparel,3,"皮带

说实话，刚收到的时候有一点失望，没想像中那么好",zh,,,product_zh_0979250
marc-zh_0104932,kaggle-marc,home,5,"才刚知道评论有积分！！ 东西很好，包邮，物流也快！ 就是价格不稳定像过山车！

才刚知道评论有积分！！ 东西很好，包邮，物流也快！ 就是价格不稳定像过山车！",zh,,,product_zh_0494286
marc-zh_0764200,kaggle-marc,book,5,"好

很好，跟想象中一样好，一如既往认准亚马逊",zh,,,product_zh_0379610
marc-zh_0541829,kaggle-marc,camera,3,"没有360度水平旋转功能！属于质量高功能低的

用了2年后发现没有360度水平旋转功能！属于质量高功能低的",zh,,,product_zh_0805612
marc-zh_0839871,kaggle-marc,wireless,1,"不要卖

魅族手机真垃圾啊！网上不了，卡死了，又费电池，骗钱手机",zh,,,product_zh_0835358
marc-zh_0749724,kaggle-marc,kitchen,1,"质量太差

产品质量太差，亚马逊没有监管好！拖把杠居然不能链接，不要购买！",zh,,,product_zh_0632890
marc-zh_0857446,kaggle-marc,apparel,2,"还行，卡扣有点小问题。

皮带质量看上去不错，但卡扣的尖头用了几天就脱落了，自己用锤子加固后才行。 国内生产的。 现在对国产的海外购商品有个疑惑:中国生产，出口退税（不知道现在这些日用品，还有退税不），如果还有出口退税。那海外购买回来，又缴税？",zh,,,product_zh_0784040
marc-zh_0859752,kaggle-marc,wireless,5,"HUAWEI 华为 畅享5 TIT-AL00 全网通版 4G智能手机(纯真白)

拍照很清晰，速度很快，电池耐用，这个价位很值。",zh,,,product_zh_0414483
marc-zh_0286834,kaggle-marc,sports,4,"裤子不错

身高195，91Kg，XL码基本合适，就是裤长稍短，九分裤的感觉",zh,,,product_zh_0646568
marc-zh_0072464,kaggle-marc,book,1,"赠品就这个质量？

质量太次了这也薄厚先不说一个孩子都没法自己撕下来各种没有断点。。让我小心翼翼撕成这样与贴图大小也不符合太差了质量",zh,,,product_zh_0389394
marc-zh_0027331,kaggle-marc,book,2,"果然很失望……

不知道为毛，写作技巧一到（部分）中国作家手中，就变得极为晦涩难懂，似乎非要说一些“高端”的词汇才能显示其居高临下。 前面看到有类似此感受的评论，这本书我只是翻了几页，实在看不下去。 就是一些粗略的总结，而且，用的是古旧文人式的那种拗口说辞，感觉这本书就是借“创意写作书系”的知名度来赚钱的，毛用没有~~~",zh,,,product_zh_0070076
marc-zh_0275018,kaggle-marc,home,5,"精致便携

优点： 1、喷漆图案细致、精美。 2、300ml大小适中，对于手掌较小的女性尤为合适。 缺点： 1、保温太好，不易冷却。建议温水灌入，以方便随时饮用。 2、考虑到硅胶圈的老化，建议有配件零售。",zh,,,product_zh_0324089
marc-zh_0450658,kaggle-marc,beauty,4,"好吸收

比较好吸收，补水保湿效果一般，没有相宜本草光彩立现面膜性价比高",zh,,,product_zh_0851965
marc-zh_0184465,kaggle-marc,sports,5,"包装不错

这个比新款的包装好，新款的就一个塑料袋子，这个起码还有个盒子",zh,,,product_zh_0690107
marc-zh_0480518,kaggle-marc,digital_ebook_purchase,5,"另一条矫情狗

矫情狗，大傻子，容易满足的卢思浩，和像你一样的我，期待你更多的文字和故事，让我们的生命更感动。",zh,,,product_zh_0545188
marc-zh_0905306,kaggle-marc,baby_product,2,"肩带太短，根本用不到四岁

如其他买家所说一样，孩子现在不到两岁完全扣不住了，唉，真是被骗了，这个牌子不再考虑了，估计都不靠谱。",zh,,,product_zh_0940323
marc-zh_0144881,kaggle-marc,beauty,2,"是正品，优惠活动少了，

女朋友很喜欢，是正品，支持亚马逊，下次还会来，就是价格能够再优惠就好了",zh,,,product_zh_0896246
marc-zh_0847734,kaggle-marc,apparel,3,"一般

价格不算便宜，但是质量真的只能说一般，我是看评论才买的，不是很满意，不会再买",zh,,,product_zh_0531234
marc-zh_0775410,kaggle-marc,book,2,"一般

以前从不去评价，不知道浪费了多少积分，现在知道积分可以换钱，就要好好评价了，后来我就把这段话复制走了，既能赚积分，还省事，走到哪复制到哪，最重要的是，不用认真的评论了，不用想还差多少字，直接发出就可以了，大家也试试",zh,,,product_zh_0614408
marc-zh_0641922,kaggle-marc,book,5,"好书好心情

这次购书很顺畅，物流快，书籍正版，印刷好，总之一句全五分",zh,,,product_zh_0829856
marc-zh_0137949,kaggle-marc,book,2,"不值得购买

有几页印刷模糊，还有好几处错处，严重怀疑是否正版",zh,,,product_zh_0316113
marc-zh_0296873,kaggle-marc,digital_ebook_purchase,2,"很扯

强加的剧情，强制让读者接受的结局，感觉很不好。",zh,,,product_zh_0330718
marc-zh_0825261,kaggle-marc,home,3,"不太满意，雨伞太小而且感觉不结实。。。。

不太满意，雨伞太小而且感觉不结实。。。。",zh,,,product_zh_0072659
marc-zh_0090495,kaggle-marc,beauty,1,"不好

用了之后，头皮痒的更厉害了，头皮屑也多了，最最重要的掉发好多，不知道是不是这个洗发水的事，换了别的洗发水，头痒的轻多了",zh,,,product_zh_0248412
marc-zh_0692562,kaggle-marc,book,2,"质量差

书内容当然是没得说了，网络编程的圣经嘛，尽管中文翻译有的地方比较生硬，但是总的来说是本很好的书。 我要说的是质量，纸张太软，不白，和盗版书没啥差别唯一比盗版书好的地方就是印刷的字还是比较清晰的，但是难道正版书都沦落到这地步了吗？省成本也省的太离谱了吧？胶水粘的稀少，而且造成封面褶皱，封面也很软，和我之前在当当买的Unix高级编程的质量简直没得比，甚至我都怀疑这是本盗版书。",zh,,,product_zh_0016956
marc-zh_0460139,kaggle-marc,beauty,5,"不错

一个瓶子比一个瓶子小啊，一个比一个大！呵呵",zh,,,product_zh_0510889
marc-zh_0006562,kaggle-marc,home_improvement,5,"科士力

送货很快，容易安装，东西比想象的好，用起来很方便。",zh,,,product_zh_0147154
marc-zh_0634521,kaggle-marc,book,4,"不错

其实写的最好的，反而是那篇有感于自己身边朋友的那些段落。",zh,,,product_zh_0556877
marc-zh_0846880,kaggle-marc,digital_ebook_purchase,1,"错别字太多

错别字不是一般的多，和盗版书没什么区别。不建议购买。严重影响阅读。",zh,,,product_zh_0024421
marc-zh_0626570,kaggle-marc,wireless,4,"不错。

信号不错，电池而用。不过在4G的年代，这个应该有点落后了。",zh,,,product_zh_0506664
marc-zh_0830983,kaggle-marc,book,5,"不错的书

能锻炼人的思维及上升思维方式，包括孩子的洞察力，不会让孩子有强迫念书有负担的感觉~",zh,,,product_zh_0484797
marc-zh_0743607,kaggle-marc,home,1,"忽悠水平高

就是朔料拖鞋，说得那么动人干嘛？诚实点好吗？",zh,,,product_zh_0133978
marc-zh_0793369,kaggle-marc,digital_ebook_purchase,2,"内容太少了

字体的划分太简单，内容太贫乏。虽然是免费电子书（或者文章？），但也不至于如此空泛吧？对这方面有兴趣的读者，推荐《给大家看的设计书》中关于字体的介绍（仅限英文字体）。",zh,,,product_zh_0754694
marc-zh_0907747,kaggle-marc,book,4,"写论文的时候需要的

相关专业人士可用这本参考，内容也还挺详细",zh,,,product_zh_0983920
marc-zh_0185911,kaggle-marc,book,4,"还算满意

书已收到，还不错！装到口袋里刚刚好，真的很方便！看完这本还会再来的，唯一遗憾的是，同样的书，价格比别个贵了一些，不过买书跟买药差不多，再贵也得买……",zh,,,product_zh_0298725
marc-zh_0679945,kaggle-marc,apparel,4,"不错的polo

买的M码，衣服胸围不到112cm，175cm 80kg穿合适，衣服料子有点类似无纺布，手感还可以。",zh,,,product_zh_0617803
marc-zh_0600807,kaggle-marc,baby_product,3,"美国都新配方了，这个还是老版

日期总是不太新鲜，每次不敢多买，啥时能上新啊？！",zh,,,product_zh_0136809
marc-zh_0935469,kaggle-marc,book,3,"想退货却一直没人来收

收到这本书，发现不是自己需要的，就马上申请退货，网站显示同意退货，等人来取书，却一直没人来联系。",zh,,,product_zh_0647611
marc-zh_0130878,kaggle-marc,shoes,3,"鞋面太容易坏

穿着很舒服，略有点紧，最糟糕的是穿了三天，鞋面坏了三处",zh,,,product_zh_0899047
marc-zh_0243818,kaggle-marc,toy,3,"乱了节奏

同时付款买乐高玩具因促销随手买的这货。结果这货到了，乐高玩具至今未到。今天通知因没有付款取消了乐高玩具，关键是款是一起支付的。",zh,,,product_zh_0250317
marc-zh_0616398,kaggle-marc,electronics,2,"声音无法调大，无法正常使用。

声音太小，无法正常使用。还得自己买一个音箱去。差评。",zh,,,product_zh_0299696
marc-zh_0549762,kaggle-marc,home,4,"分类比较好

大小合适 型号可以。出去旅游用来装东西 还可以。",zh,,,product_zh_0567462
marc-zh_0196308,kaggle-marc,home,5,"舒适暖和！

刚好碰到一个最低价，269！一下买了两床。包装很严实，手工及缝纫针脚都非常密实。厚实温暖又舒适的床垫！",zh,,,product_zh_0279567
marc-zh_0886196,kaggle-marc,kitchen,1,"质量太差

东西很差，没用几天水箱开始漏水。质量太差了。",zh,,,product_zh_0896973
marc-zh_0092156,kaggle-marc,office_product,5,"越南还是泰国代工的，还可以。

这个价格，有点小贵，不过看看超市里买的，也没有什么比较称心的，就下单了。总的来说还是比较符合预期的。",zh,,,product_zh_0624865
marc-zh_0744967,kaggle-marc,book,2,"生命的可能有很多

才知道有职业规划师这样一个职位。 因为这本书的名字买的，看着看着觉得这内容就像是公开课，又或者说演讲稿，慢慢便没有了一开始看的热情，了了看完。",zh,,,product_zh_0046004
marc-zh_0312138,kaggle-marc,book,3,"没有想象中的好

之前看过维特根斯坦传记后，一直想着读一本罗素传，这本书又厚又贵，读过大半之后，很是失望：没有想象中的好。虽然罗素一生有太多的女人故事，在传记之中，女人也是无论如何也绕不过去的一环，但是，完全没必要因此就太过纠缠于罗素的情史与情事！我觉得这本书可以改名叫做《罗素和他的女人们》",zh,,,product_zh_0134172
marc-zh_0688335,kaggle-marc,automotive,1,"不建议买

差异很大，味道不小，但不是很刺鼻。主要是小！毕竟不是量身定做的，综合下来就贵了。因为质量哪有说的那么好？落差自然就出来了，而且快递真是难得这么慢！！包装简易到只有一个松懈的编织袋……不说了，都是泪呀……",zh,,,product_zh_0839969
marc-zh_0574423,kaggle-marc,book,3,"翻译还不错，可惜文字排版问题太多

翻译还不错，可惜文字排版方面问题实在太多！",zh,,,product_zh_0848301
marc-zh_0761014,kaggle-marc,wireless,5,"满意

宝贝收到 很不错 质量也很好 款式也不错哦",zh,,,product_zh_0025883
marc-zh_0656613,kaggle-marc,shoes,3,"是不是正品

一是我没有觉得有踩屎感，二是鞋子周围白色的一圈上面有一点点的东西，很脏一样，不知道是不是正品？",zh,,,product_zh_0500008
